symbol,name,sector,industry,country
NVDA,NVIDIA Corporation Common Stock,Technology,Semiconductors,USA
AAPL,Apple Inc. Common Stock,Technology,Consumer Electronics,USA
GOOGL,Alphabet Inc. Class A Common Stock,Communication Services,Internet Content & Information,USA
GOOG,Alphabet Inc. Class C Capital Stock,Communication Services,Internet Content & Information,USA
MSFT,Microsoft Corporation Common Stock,Technology,Software - Infrastructure,USA
AMZN,"Amazon.com, Inc. Common Stock",Consumer Cyclical,Internet Retail,USA
TSM,Taiwan Semiconductor Manufacturing Company Ltd.,Technology,Semiconductors,Taiwan
AVGO,Broadcom Inc. Common Stock,Technology,Semiconductors,USA
META,"Meta Platforms, Inc. Class A Common Stock",Communication Services,Internet Content & Information,USA
TSLA,"Tesla, Inc. Common Stock",Consumer Cyclical,Auto Manufacturers,USA
MU,"Micron Technology, Inc. Common Stock",Technology,Semiconductors,USA
LLY,Eli Lilly and Company Common Stock,Healthcare,Drug Manufacturers - General,USA
WMT,Walmart Inc. Common Stock,Consumer Defensive,Discount Stores,USA
AMD,"Advanced Micro Devices, Inc. Common Stock",Technology,Semiconductors,USA
JPM,JP Morgan Chase & Co. Common Stock,Financial,Banks - Diversified,USA
ORCL,Oracle Corporation Common Stock,Technology,Software - Infrastructure,USA
ASML,ASML Holding N.V. New York Registry Shares,Technology,Semiconductor Equipment & Materials,Netherlands
XOM,Exxon Mobil Corporation Common Stock,Energy,Oil & Gas Integrated,USA
V,Visa Inc.,Financial,Credit Services,USA
AZN,AstraZeneca PLC Ordinary Shares,Healthcare,Drug Manufacturers - General,United Kingdom
INTC,Intel Corporation Common Stock,Technology,Semiconductors,USA
JNJ,Johnson & Johnson Common Stock,Healthcare,Drug Manufacturers - General,USA
CSCO,"Cisco Systems, Inc. Common Stock (DE)",Technology,Communication Equipment,USA
CAT,"Caterpillar, Inc. Common Stock",Industrials,Farm & Heavy Construction Machinery,USA
COST,Costco Wholesale Corporation Common Stock,Consumer Defensive,Discount Stores,USA
MA,Mastercard Incorporated Common Stock,Financial,Credit Services,USA
LRCX,Lam Research Corporation Common Stock,Technology,Semiconductor Equipment & Materials,USA
ARM,Arm Holdings plc American Depositary Shares,Technology,Semiconductors,United Kingdom
AMAT,"Applied Materials, Inc. Common Stock",Technology,Semiconductor Equipment & Materials,USA
ABBV,AbbVie Inc. Common Stock,Healthcare,Drug Manufacturers - General,USA
BAC,Bank of America Corporation Common Stock,Financial,Banks - Diversified,USA
CVX,Chevron Corporation Common Stock,Energy,Oil & Gas Integrated,USA
UNH,UnitedHealth Group Incorporated Common Stock (DE),Healthcare,Healthcare Plans,USA
MS,Morgan Stanley Common Stock,Financial,Capital Markets,USA
NFLX,"Netflix, Inc. Common Stock",Communication Services,Entertainment,USA
GE,GE Aerospace Common Stock,Industrials,Aerospace & Defense,USA
PLTR,Palantir Technologies Inc. Class A Common Stock,Technology,Software - Infrastructure,USA
KO,Coca-Cola Company (The) Common Stock,Consumer Defensive,Beverages - Non-Alcoholic,USA
PG,Procter & Gamble Company (The) Common Stock,Consumer Defensive,Household & Personal Products,USA
GS,"Goldman Sachs Group, Inc. (The) Common Stock",Financial,Capital Markets,USA
HSBC,"HSBC Holdings, plc. Common Stock",Financial,Banks - Diversified,United Kingdom
HD,"Home Depot, Inc. (The) Common Stock",Consumer Cyclical,Home Improvement Retail,USA
MRK,"Merck & Company, Inc. Common Stock (new)",Healthcare,Drug Manufacturers - General,USA
BABA,Alibaba Group Holding Limited American Depositary Shares each representing eight Ordinary share,Consumer Cyclical,Internet Retail,China
IBM,International Business Machines Corporation Common Stock,Technology,Information Technology Services,USA
NVS,Novartis AG Common Stock,Healthcare,Drug Manufacturers - General,Switzerland
KLAC,KLA Corporation Common Stock,Technology,Semiconductor Equipment & Materials,USA
TXN,Texas Instruments Incorporated Common Stock,Technology,Semiconductors,USA
MRVL,"Marvell Technology, Inc. Common Stock",Technology,Semiconductors,USA
DELL,Dell Technologies Inc. Class C Common Stock ,Technology,Computer Hardware,USA
PM,Philip Morris International Inc Common Stock,Consumer Defensive,Tobacco,USA
RY,Royal Bank Of Canada Common Stock,Financial,Banks - Diversified,Canada
SNDK,Sandisk Corporation Common Stock,Technology,Computer Hardware,USA
GEV,GE Vernova Inc. Common Stock,Industrials,Specialty Industrial Machinery,USA
QCOM,QUALCOMM Incorporated Common Stock,Technology,Semiconductors,USA
SHEL,Shell PLC American Depositary Shares (each representing two (2) Ordinary Shares) ,Energy,Oil & Gas Integrated,United Kingdom
WFC,Wells Fargo & Company Common Stock,Financial,Banks - Diversified,USA
RTX,RTX Corporation Common Stock,Industrials,Aerospace & Defense,USA
MUFG,"Mitsubishi UFJ Financial Group, Inc. Common Stock",Financial,Banks - Diversified,Japan
LIN,Linde plc Ordinary Shares,Basic Materials,Specialty Chemicals,United Kingdom
TM,Toyota Motor Corporation Common Stock,Consumer Cyclical,Auto Manufacturers,Japan
CCZ,Comcast Holdings ZONES,,,USA
C,"Citigroup, Inc. Common Stock",Financial,Banks - Diversified,USA
SAP,SAP  SE ADS,Technology,Software - Application,Germany
PANW,"Palo Alto Networks, Inc. Common Stock",Technology,Software - Infrastructure,USA
BHP,BHP Group Limited American Depositary Shares (Each representing two Ordinary Shares),Basic Materials,Other Industrial Metals & Mining,Australia
AXP,American Express Company Common Stock,Financial,Credit Services,USA
ANET,"Arista Networks, Inc. Common Stock",Technology,Computer Hardware,USA
ADI,"Analog Devices, Inc. Common Stock",Technology,Semiconductors,USA
STX,Seagate Technology Holdings PLC Ordinary Shares (Ireland),Technology,Computer Hardware,USA
WDC,Western Digital Corporation Common Stock,Technology,Computer Hardware,USA
TTE,TotalEnergies SE Ordinary Shares,Energy,Oil & Gas Integrated,France
NVO,Novo Nordisk A/S Common Stock,Healthcare,Drug Manufacturers - General,Denmark
PEP,"PepsiCo, Inc. Common Stock",Consumer Defensive,Beverages - Non-Alcoholic,USA
MCD,McDonald's Corporation Common Stock,Consumer Cyclical,Restaurants,USA
TMUS,"T-Mobile US, Inc. Common Stock",Communication Services,Telecom Services,USA
TD,Toronto Dominion Bank (The) Common Stock,Financial,Banks - Diversified,Canada
APP,Applovin Corporation Class A Common Stock,Communication Services,Advertising Agencies,USA
VZ,Verizon Communications Inc. Common Stock,Communication Services,Telecom Services,USA
AMGN,Amgen Inc. Common Stock,Healthcare,Drug Manufacturers - General,USA
SAN,"Banco Santander, S.A. Sponsored ADR (Spain)",Financial,Banks - Diversified,Spain
CRWD,"CrowdStrike Holdings, Inc. Class A Common Stock",Technology,Software - Infrastructure,USA
APH,Amphenol Corporation Common Stock,Technology,Electronic Components,USA
TMO,Thermo Fisher Scientific Inc Common Stock,Healthcare,Diagnostics & Research,USA
NEE,"NextEra Energy, Inc. Common Stock",Utilities,Utilities - Regulated Electric,USA
TJX,"TJX Companies, Inc. (The) Common Stock",Consumer Cyclical,Apparel Retail,USA
DIS,Walt Disney Company (The) Common Stock,Communication Services,Entertainment,USA
BA,Boeing Company (The) Common Stock,Industrials,Aerospace & Defense,USA
GLW,Corning Incorporated Common Stock,Technology,Electronic Components,USA
ETN,"Eaton Corporation, PLC Ordinary Shares",Industrials,Specialty Industrial Machinery,Ireland
GILD,"Gilead Sciences, Inc. Common Stock",Healthcare,Drug Manufacturers - General,USA
SCCO,Southern Copper Corporation Common Stock,Basic Materials,Copper,USA
DE,Deere & Company Common Stock,Industrials,Farm & Heavy Construction Machinery,USA
BLK,"BlackRock, Inc. Common Stock",Financial,Asset Management,USA
T,AT&T Inc.,Communication Services,Telecom Services,USA
ABT,Abbott Laboratories Common Stock,Healthcare,Medical Devices,USA
UNP,Union Pacific Corporation Common Stock,Industrials,Railroads,USA
CRM,"Salesforce, Inc. Common Stock",Technology,Software - Application,USA
SCHW,Charles Schwab Corporation (The) Common Stock,Financial,Capital Markets,USA
SMFG,Sumitomo Mitsui Financial Group Inc Unsponsored American Depositary Shares (Japan),Financial,Banks - Diversified,Japan
SHOP,Shopify Inc. Class A Subordinate Voting Shares,Technology,Software - Application,Canada
ISRG,"Intuitive Surgical, Inc. Common Stock",Healthcare,Medical Instruments & Supplies,USA
TBB,AT&T Inc. 5.350% Global Notes due 2066,,,USA
IBKR,"Interactive Brokers Group, Inc. Class A Common Stock",Financial,Capital Markets,USA
UBS,UBS Group AG Registered Ordinary Shares,Financial,Banks - Diversified,Switzerland
UBER,"Uber Technologies, Inc. Common Stock",Technology,Software - Application,USA
PFE,"Pfizer, Inc. Common Stock",Healthcare,Drug Manufacturers - General,USA
COP,ConocoPhillips Common Stock,Energy,Oil & Gas E&P,USA
WELL,Welltower Inc. Common Stock,Real Estate,REIT - Healthcare Facilities,USA
BUD,Anheuser-Busch Inbev SA Sponsored ADR (Belgium),Consumer Defensive,Beverages - Brewers,Belgium
HON,Honeywell International Inc. Common Stock,Industrials,Conglomerates,USA
PLD,"Prologis, Inc. Common Stock",Real Estate,REIT - Industrial,USA
SONY,Sony Group Corporation American Depositary Shares ,Technology,Consumer Electronics,Japan
RIO,Rio Tinto Plc Common Stock,Basic Materials,Other Industrial Metals & Mining,United Kingdom
DHR,Danaher Corporation Common Stock,Healthcare,Diagnostics & Research,USA
BBVA,Banco Bilbao Vizcaya Argentaria S.A. Common Stock,Financial,Banks - Diversified,Spain
BKNG,Booking Holdings Inc. Common Stock,Consumer Cyclical,Travel Services,USA
BTI,"British American Tobacco  Industries, p.l.c. Common Stock ADR",Consumer Defensive,Tobacco,United Kingdom
VRT,"Vertiv Holdings, LLC Class A Common Stock",Industrials,Electrical Equipment & Parts,USA
SPGI,S&P Global Inc. Common Stock,Financial,Financial Data & Stock Exchanges,USA
ENB,Enbridge Inc Common Stock,Energy,Oil & Gas Midstream,Canada
NOW,"ServiceNow, Inc. Common Stock",Technology,Software - Application,USA
MFG,"Mizuho Financial Group, Inc. Sponosred ADR (Japan)",Financial,Banks - Regional,Japan
HDB,HDFC Bank Limited Common Stock,Financial,Banks - Regional,India
UL,Unilever PLC American Depositary Shares (each representing One Ordinary Share),Consumer Defensive,Household & Personal Products,United Kingdom
PDD,PDD Holdings Inc. American Depositary Shares,Consumer Cyclical,Internet Retail,China
CB,Chubb Limited  Common Stock,Financial,Insurance - Property & Casualty,Switzerland
CVS,CVS Health Corporation Common Stock,Healthcare,Healthcare Plans,USA
LMT,Lockheed Martin Corporation Common Stock,Industrials,Aerospace & Defense,USA
ACN,Accenture plc Class A Ordinary Shares (Ireland),Technology,Information Technology Services,Ireland
MO,"Altria Group, Inc.",Consumer Defensive,Tobacco,USA
BMO,Bank Of Montreal Common Stock,Financial,Banks - Diversified,Canada
PBR,Petroleo Brasileiro S.A. Petrobras ADS,Energy,Oil & Gas Integrated,Brazil
LOW,"Lowe's Companies, Inc. Common Stock",Consumer Cyclical,Home Improvement Retail,USA
NEM,Newmont Corporation,Basic Materials,Gold,USA
BMY,Bristol-Myers Squibb Company Common Stock,Healthcare,Drug Manufacturers - General,USA
SYK,Stryker Corporation Common Stock,Healthcare,Medical Devices,USA
BP,BP p.l.c. Common Stock,Energy,Oil & Gas Integrated,United Kingdom
PGR,Progressive Corporation (The) Common Stock,Financial,Insurance - Property & Casualty,USA
COF,Capital One Financial Corporation Common Stock,Financial,Credit Services,USA
CDNS,"Cadence Design Systems, Inc. Common Stock",Technology,Software - Application,USA
VRTX,Vertex Pharmaceuticals Incorporated Common Stock,Healthcare,Biotechnology,USA
BN,Brookfield Corporation Class A Limited Voting Shares,Financial,Asset Management,Canada
PH,Parker-Hannifin Corporation Common Stock,Industrials,Specialty Industrial Machinery,USA
FTNT,"Fortinet, Inc. Common Stock",Technology,Software - Infrastructure,USA
SNY,Sanofi ADS,Healthcare,Drug Manufacturers - General,France
PWR,"Quanta Services, Inc. Common Stock",Industrials,Engineering & Construction,USA
EQIX,"Equinix, Inc. Common Stock REIT",Real Estate,REIT - Specialty,USA
SBUX,Starbucks Corporation Common Stock,Consumer Cyclical,Restaurants,USA
MDT,Medtronic plc. Ordinary Shares,Healthcare,Medical Devices,Ireland
GSK,GSK plc American Depositary Shares (Each representing two Ordinary Shares),Healthcare,Drug Manufacturers - General,United Kingdom
ADBE,Adobe Inc. Common Stock,Technology,Software - Application,USA
SO,Southern Company (The) Common Stock,Utilities,Utilities - Regulated Electric,USA
TT,Trane Technologies plc,Industrials,Building Products & Equipment,Ireland
MAR,Marriott International Class A Common Stock,Consumer Cyclical,Lodging,USA
SPOT,Spotify Technology S.A. Ordinary Shares,Communication Services,Internet Content & Information,Sweden
FCX,"Freeport-McMoRan, Inc. Common Stock",Basic Materials,Copper,USA
BNS,Bank Nova Scotia Halifax Pfd 3 Ordinary Shares,Financial,Banks - Diversified,Canada
CM,Canadian Imperial Bank of Commerce Common Stock,Financial,Banks - Diversified,USA
HWM,Howmet Aerospace Inc. Common Stock,Industrials,Aerospace & Defense,USA
CNQ,Canadian Natural Resources Limited Common Stock,Energy,Oil & Gas E&P,Canada
BNY,The Bank of New York Mellon Corporation Common Stock,Financial,Banks - Diversified,USA
CEG,Constellation Energy Corporation Common Stock ,Utilities,Utilities - Independent Power Producers,USA
NOK,Nokia Corporation Sponsored American Depositary Shares,Technology,Communication Equipment,Finland
DUK,Duke Energy Corporation (Holding Company) Common Stock,Utilities,Utilities - Regulated Electric,USA
NET,"Cloudflare, Inc. Class A Common Stock",Technology,Software - Infrastructure,USA
SNPS,"Synopsys, Inc. Common Stock",Technology,Software - Infrastructure,USA
EQNR,Equinor ASA,Energy,Oil & Gas Integrated,Norway
UPS,"United Parcel Service, Inc. Common Stock",Industrials,Integrated Freight & Logistics,USA
CMI,Cummins Inc. Common Stock,Industrials,Specialty Industrial Machinery,USA
ADP,"Automatic Data Processing, Inc. Common Stock",Technology,Software - Application,USA
IBN,ICICI Bank Limited Common Stock,Financial,Banks - Regional,India
CME,CME Group Inc. Class A Common Stock,Financial,Financial Data & Stock Exchanges,USA
GD,General Dynamics Corporation Common Stock,Industrials,Aerospace & Defense,USA
PNC,"PNC Financial Services Group, Inc. (The) Common Stock",Financial,Banks - Regional,USA
MCK,McKesson Corporation Common Stock,Healthcare,Medical Distribution,USA
AMT,American Tower Corporation (REIT) Common Stock,Real Estate,REIT - Specialty,USA
JCI,Johnson Controls International plc Ordinary Share,Industrials,Building Products & Equipment,Ireland
ING,"ING Group, N.V. Common Stock",Financial,Banks - Diversified,Netherlands
ELV,"Elevance Health, Inc. Common Stock",Healthcare,Healthcare Plans,USA
WMB,"Williams Companies, Inc. (The) Common Stock",Energy,Oil & Gas Midstream,USA
AEM,Agnico Eagle Mines Limited Common Stock,Basic Materials,Gold,Canada
BX,Blackstone Inc. Common Stock,Financial,Asset Management,USA
WM,"Waste Management, Inc. Common Stock",Industrials,Waste Management,USA
BCS,Barclays PLC Common Stock,Financial,Banks - Diversified,United Kingdom
SLB,SLB Limited Common Shares,Energy,Oil & Gas Equipment & Services,USA
DDOG,"Datadog, Inc. Class A Common Stock",Technology,Software - Application,USA
MNST,Monster Beverage Corporation,Consumer Defensive,Beverages - Non-Alcoholic,USA
USB,U.S. Bancorp Common Stock,Financial,Banks - Regional,USA
CSX,CSX Corporation Common Stock,Industrials,Railroads,USA
KKR,KKR & Co. Inc. Common Stock,Financial,Asset Management,USA
E,ENI S.p.A. Common Stock,Energy,Oil & Gas Integrated,Italy
ASX,"ASE Technology Holding Co., Ltd. American Depositary Shares (each representing Two Common Shares) ",Technology,Semiconductors,Taiwan
SNOW,Snowflake Inc. Common Stock,Technology,Software - Application,USA
ITUB,Itau Unibanco Banco Holding SA American Depositary Shares (Each repstg 500 Preferred shares),Financial,Banks - Regional,Brazil
CMCSA,Comcast Corporation Class A Common Stock,Communication Services,Telecom Services,USA
MELI,"MercadoLibre, Inc. Common Stock",Consumer Cyclical,Internet Retail,Uruguay
BE,Bloom Energy Corporation Class A Common Stock,Industrials,Electrical Equipment & Parts,USA
EPD,Enterprise Products Partners L.P. Common Stock,Energy,Oil & Gas Midstream,USA
INTU,Intuit Inc. Common Stock,Technology,Software - Application,USA
COHR,Coherent Corp. Common Stock,Technology,Scientific & Technical Instruments,USA
RACE,Ferrari N.V. Common Shares,Consumer Cyclical,Auto Manufacturers,Italy
NXPI,NXP Semiconductors N.V. Common Stock,Technology,Semiconductors,Netherlands
MPWR,"Monolithic Power Systems, Inc. Common Stock",Technology,Semiconductors,USA
NGG,"National Grid Transco, PLC National Grid PLC (NEW) American Depositary Shares",Utilities,Utilities - Regulated Electric,United Kingdom
LYG,Lloyds Banking Group Plc American Depositary Shares,Financial,Banks - Regional,United Kingdom
ABNB,"Airbnb, Inc. Class A Common Stock",Consumer Cyclical,Travel Services,USA
ICE,Intercontinental Exchange Inc. Common Stock,Financial,Financial Data & Stock Exchanges,USA
HCA,"HCA Healthcare, Inc. Common Stock",Healthcare,Medical Care Facilities,USA
CP,Canadian Pacific Kansas City Limited Common Shares,Industrials,Railroads,Canada
MMM,3M Company Common Stock,Industrials,Conglomerates,USA
EMR,Emerson Electric Company Common Stock,Industrials,Specialty Industrial Machinery,USA
HOOD,"Robinhood Markets, Inc. Class A Common Stock",Financial,Capital Markets,USA
RCL,Royal Caribbean Cruises Ltd. Common Stock,Consumer Cyclical,Travel Services,USA
MCO,Moody's Corporation Common Stock,Financial,Financial Data & Stock Exchanges,USA
NTES,"NetEase, Inc. American Depositary Shares",Communication Services,Electronic Gaming & Multimedia,China
MDLZ,"Mondelez International, Inc. Class A Common Stock",Consumer Defensive,Confectioners,USA
FDX,FedEx Corporation Common Stock,Industrials,Integrated Freight & Logistics,USA
MPC,Marathon Petroleum Corporation Common Stock,Energy,Oil & Gas Refining & Marketing,USA
MRSH,Marsh Common Stock,Financial,Insurance Brokers,USA
NOC,Northrop Grumman Corporation Common Stock,Industrials,Aerospace & Defense,USA
SU,Suncor Energy  Inc. Common Stock,Energy,Oil & Gas Integrated,Canada
HLT,Hilton Worldwide Holdings Inc. Common Stock ,Consumer Cyclical,Lodging,USA
VLO,Valero Energy Corporation Common Stock,Energy,Oil & Gas Refining & Marketing,USA
BAM,Brookfield Asset Management Inc Class A Limited Voting Shares,Financial,Asset Management,USA
AMX,"America Movil, S.A.B. de C.V. American Depositary Shares (each representing the right to receive twenty (20) Series B Shares",Communication Services,Telecom Services,Mexico
CIEN,Ciena Corporation Common Stock,Technology,Communication Equipment,USA
EOG,"EOG Resources, Inc. Common Stock",Energy,Oil & Gas E&P,USA
GM,General Motors Company Common Stock,Consumer Cyclical,Auto Manufacturers,USA
ROST,"Ross Stores, Inc. Common Stock",Consumer Cyclical,Apparel Retail,USA
CI,The Cigna Group Common Stock,Healthcare,Healthcare Plans,USA
APO,"Apollo Global Management, Inc. (New) Common Stock",Financial,Asset Management,USA
SHW,Sherwin-Williams Company (The) Common Stock,Basic Materials,Specialty Chemicals,USA
PSX,Phillips 66 Common Stock,Energy,Oil & Gas Refining & Marketing,USA
LITE,Lumentum Holdings Inc. Common Stock,Technology,Communication Equipment,USA
ORLY,"O'Reilly Automotive, Inc. Common Stock",Consumer Cyclical,Auto Parts,USA
CNI,Canadian National Railway Company Common Stock,Industrials,Railroads,Canada
BSX,Boston Scientific Corporation Common Stock,Healthcare,Medical Devices,USA
CVNA,Carvana Co. Class A Common Stock,Consumer Cyclical,Auto & Truck Dealerships,USA
ITW,Illinois Tool Works Inc. Common Stock,Industrials,Specialty Industrial Machinery,USA
CTAS,Cintas Corporation Common Stock,Industrials,Specialty Business Services,USA
TRP,TC Energy Corporation Common Stock,Energy,Oil & Gas Midstream,Canada
B,Barrick Mining Corporation Common Shares,Basic Materials,Gold,Canada
ECL,Ecolab Inc. Common Stock,Basic Materials,Specialty Chemicals,USA
BRKRP,"Bruker Corporation 6.375% Mandatory Convertible Preferred Stock, Series A",,,USA
CRH,CRH PLC Ordinary Shares,Basic Materials,Building Materials,USA
HPE,Hewlett Packard Enterprise Company Common Stock,Technology,Communication Equipment,USA
KMI,"Kinder Morgan, Inc. Common Stock",Energy,Oil & Gas Midstream,USA
DASH,"DoorDash, Inc. Class A Common Stock",Consumer Cyclical,Internet Retail,USA
STM,STMicroelectronics N.V. Common Stock,Technology,Semiconductors,Switzerland
AEP,"American Electric Power Company, Inc. Common Stock",Utilities,Utilities - Regulated Electric,USA
RKLB,Rocket Lab Corporation Common Stock,Industrials,Aerospace & Defense,USA
NSC,Norfolk Southern Corporation Common Stock,Industrials,Railroads,USA
AON,Aon plc Class A Ordinary Shares (Ireland),Financial,Insurance Brokers,Ireland
TDG,Transdigm Group Incorporated Common Stock,Industrials,Aerospace & Defense,USA
MSI,"Motorola Solutions, Inc. Common Stock",Technology,Communication Equipment,USA
CL,Colgate-Palmolive Company Common Stock,Consumer Defensive,Household & Personal Products,USA
URI,"United Rentals, Inc. Common Stock",Industrials,Rental & Leasing Services,USA
WBD,"Warner Bros. Discovery, Inc. Series A Common Stock ",Communication Services,Entertainment,USA
ET,Energy Transfer LP Common Units ,Energy,Oil & Gas Midstream,USA
FIX,"Comfort Systems USA, Inc. Common Stock",Industrials,Engineering & Construction,USA
VALE,VALE S.A.  American Depositary Shares Each Representing one common share,Basic Materials,Other Industrial Metals & Mining,Brazil
SPG,"Simon Property Group, Inc. Common Stock",Real Estate,REIT - Retail,USA
NWG,"NatWest Group plc American Depositary Shares, (each representing two (2) Ordinary Shares)",Financial,Banks - Regional,United Kingdom
DLR,"Digital Realty Trust, Inc. Common Stock",Real Estate,REIT - Specialty,USA
NBIS,Nebius Group N.V. Class A Ordinary Shares,Technology,Software - Infrastructure,Netherlands
REGN,"Regeneron Pharmaceuticals, Inc. Common Stock",Healthcare,Biotechnology,USA
BKR,Baker Hughes Company Class A Common Stock,Energy,Oil & Gas Equipment & Services,USA
NKE,"Nike, Inc. Common Stock",Consumer Cyclical,Footwear & Accessories,USA
TEL,TE Connectivity plc Ordinary Shares,Technology,Electronic Components,Ireland
MFC,Manulife Financial Corporation Common Stock,Financial,Insurance - Life,Canada
RSG,"Republic Services, Inc. Common Stock",Industrials,Waste Management,USA
TER,"Teradyne, Inc. Common Stock",Technology,Semiconductor Equipment & Materials,USA
APD,"Air Products and Chemicals, Inc. Common Stock",Basic Materials,Specialty Chemicals,USA
RELX,RELX PLC PLC American Depositary Shares (Each representing One Ordinary Share),Industrials,Specialty Business Services,United Kingdom
TRV,"The Travelers Companies, Inc. Common Stock",Financial,Insurance - Property & Casualty,USA
PCAR,PACCAR Inc. Common Stock,Industrials,Farm & Heavy Construction Machinery,USA
ALAB,"Astera Labs, Inc. Common Stock",Technology,Semiconductors,USA
IMO,Imperial Oil Limited Common Stock,Energy,Oil & Gas Integrated,Canada
TFC,Truist Financial Corporation Common Stock,Financial,Banks - Regional,USA
F,Ford Motor Company Common Stock,Consumer Cyclical,Auto Manufacturers,USA
GWW,"W.W. Grainger, Inc. Common Stock",Industrials,Industrial Distribution,USA
DB,Deutsche Bank AG Common Stock,Financial,Banks - Regional,Germany
NUE,Nucor Corporation Common Stock,Basic Materials,Steel,USA
SRE,DBA Sempra Common Stock,Utilities,Utilities - Diversified,USA
CRWV,"CoreWeave, Inc. Class A Common Stock",Technology,Software - Infrastructure,USA
NU,Nu Holdings Ltd. Class A Ordinary Shares,Financial,Banks - Regional,Brazil
KEYS,Keysight Technologies Inc. Common Stock,Technology,Scientific & Technical Instruments,USA
AFL,AFLAC Incorporated Common Stock,Financial,Insurance - Life,USA
D,"Dominion Energy, Inc. Common Stock",Utilities,Utilities - Regulated Electric,USA
FLEX,Flex Ltd. Ordinary Shares,Technology,Electronic Components,USA
OXY,Occidental Petroleum Corporation Common Stock,Energy,Oil & Gas E&P,USA
WPM,Wheaton Precious Metals Corp Common Shares (Canada),Basic Materials,Gold,Canada
LHX,"L3Harris Technologies, Inc. Common Stock",Industrials,Aerospace & Defense,USA
TRGP,"Targa Resources, Inc. Common Stock",Energy,Oil & Gas Midstream,USA
CARR,Carrier Global Corporation Common Stock ,Industrials,Building Products & Equipment,USA
MPLX,MPLX LP Common Units Representing Limited Partner Interests,Energy,Oil & Gas Midstream,USA
FANG,"Diamondback Energy, Inc. Common Stock",Energy,Oil & Gas E&P,USA
SOMN,Southern Company (The) 2025 Series A Corporate Units,,,USA
SE,"Sea Limited American Depositary Shares, each representing one Class A Ordinary Share",Consumer Cyclical,Internet Retail,Singapore
TGT,Target Corporation Common Stock,Consumer Defensive,Discount Stores,USA
OKE,"ONEOK, Inc. Common Stock",Energy,Oil & Gas Midstream,USA
CVE,Cenovus Energy Inc Common Stock,Energy,Oil & Gas Integrated,Canada
O,Realty Income Corporation Common Stock,Real Estate,REIT - Retail,USA
MT,Arcelor Mittal NY Registry Shares NEW,Basic Materials,Steel,Luxembourg
ALL,Allstate Corporation (The) Common Stock,Financial,Insurance - Property & Casualty,USA
AJG,Arthur J. Gallagher & Co. Common Stock,Financial,Insurance Brokers,USA
FAST,Fastenal Company Common Stock,Industrials,Industrial Distribution,USA
PSA,Public Storage Common Stock,Real Estate,REIT - Industrial,USA
MET,"MetLife, Inc. Common Stock",Financial,Insurance - Life,USA
DVN,Devon Energy Corporation Common Stock,Energy,Oil & Gas E&P,USA
COR,"Cencora, Inc. Common Stock",Healthcare,Medical Distribution,USA
AME,"AMETEK, Inc.",Industrials,Specialty Industrial Machinery,USA
UMC,United Microelectronics Corporation (NEW) Common Stock,Technology,Semiconductors,Taiwan
ARGX,argenx SE American Depositary Shares,Healthcare,Biotechnology,Netherlands
DAL,"Delta Air Lines, Inc. Common Stock",Industrials,Airlines,USA
INFY,Infosys Limited American Depositary Shares,Technology,Information Technology Services,India
MCHP,Microchip Technology Incorporated Common Stock,Technology,Semiconductors,USA
VST,Vistra Corp. Common Stock,Utilities,Utilities - Independent Power Producers,USA
CTVA,"Corteva, Inc. Common Stock ",Basic Materials,Agricultural Inputs,USA
ON,ON Semiconductor Corporation Common Stock,Technology,Semiconductors,USA
ROK,"Rockwell Automation, Inc. Common Stock",Industrials,Specialty Industrial Machinery,USA
ODFL,"Old Dominion Freight Line, Inc. Common Stock",Industrials,Trucking,USA
EA,Electronic Arts Inc. Common Stock,Communication Services,Electronic Gaming & Multimedia,USA
HBANL,"Huntington Bancshares Incorporated Depositary Shares, Each Representing a 1/40th Interest in a Share of 6.875% Series J Non-Cumulative Perpetual Preferred Stock",,,USA
AZO,"AutoZone, Inc. Common Stock",Consumer Cyclical,Auto Parts,USA
LNG,"Cheniere Energy, Inc. Common Stock",Energy,Oil & Gas Midstream,USA
EW,Edwards Lifesciences Corporation Common Stock,Healthcare,Medical Devices,USA
ETR,Entergy Corporation Common Stock,Utilities,Utilities - Regulated Electric,USA
NDAQ,"Nasdaq, Inc. Common Stock",Financial,Financial Data & Stock Exchanges,USA
CCJ,Cameco Corporation Common Stock,Energy,Uranium,Canada
ADSK,"Autodesk, Inc. Common Stock",Technology,Software - Application,USA
ABEV,Ambev S.A. American Depositary Shares (Each representing 1 Common Share),Consumer Defensive,Beverages - Brewers,Brazil
CLS,"Celestica, Inc. Common Stock",Technology,Electronic Components,Canada
TAK,Takeda Pharmaceutical Company Limited American Depositary Shares (each representing 1/2 of a share of Common Stock),Healthcare,Drug Manufacturers - Specialty & Generic,Japan
EBAY,eBay Inc. Common Stock,Consumer Cyclical,Internet Retail,USA
XEL,Xcel Energy Inc. Common Stock,Utilities,Utilities - Regulated Electric,USA
FER,Ferrovial N.V. Ordinary Shares,Industrials,Engineering & Construction,Netherlands
CAH,"Cardinal Health, Inc. Common Stock",Healthcare,Medical Distribution,USA
GFS,GlobalFoundries Inc. Ordinary Shares,Technology,Semiconductors,USA
FITB,Fifth Third Bancorp Common Stock,Financial,Banks - Regional,USA
GRMN,Garmin Ltd. Common Stock (Switzerland),Technology,Scientific & Technical Instruments,Switzerland
HEI,Heico Corporation Common Stock,Industrials,Aerospace & Defense,USA
AU,AngloGold Ashanti PLC Ordinary Shares,Basic Materials,Gold,USA
CBRS,Cerebras Systems Inc. Class A Common Stock,Technology,Semiconductors,USA
IX,ORIX Corporation American Depositary Shares,Financial,Financial Conglomerates,Japan
BIDU,"Baidu, Inc. ADS",Communication Services,Internet Content & Information,China
EXC,Exelon Corporation Common Stock,Utilities,Utilities - Regulated Electric,USA
FNV,Franco-Nevada Corporation,Basic Materials,Gold,Canada
MSTR,Strategy Inc Common Stock Class A,Technology,Software - Application,USA
MDLN,Medline Inc. Class A Common Stock,Healthcare,Medical Instruments & Supplies,USA
FERG,Ferguson Enterprises Inc. Common Stock,Industrials,Industrial Distribution,USA
PCG,Pacific Gas & Electric Co. Common Stock,Utilities,Utilities - Regulated Electric,USA
MSCI,MSCI Inc. Common Stock,Financial,Financial Data & Stock Exchanges,USA
STT,State Street Corporation Common Stock,Financial,Asset Management,USA
ERIC,Ericsson American Depositary Shares,Technology,Communication Equipment,Sweden
IDXX,"IDEXX Laboratories, Inc. Common Stock",Healthcare,Diagnostics & Research,USA
WAB,Westinghouse Air Brake Technologies Corporation Common Stock,Industrials,Railroads,USA
DEO,Diageo plc Common Stock,Consumer Defensive,Beverages - Wineries & Distilleries,United Kingdom
MCHPP,Microchip Technology Incorporated Depositary Shares Each Representing a 1/20th Interest in a Share of 7.50% Series A Mandatory Convertible Preferred Stock,,,USA
COIN,"Coinbase Global, Inc. Class A Common Stock",Financial,Financial Data & Stock Exchanges,USA
ARES,Ares Management Corporation Class A Common Stock,Financial,Asset Management,USA
WDS,"Woodside Energy Group Limited American Depositary Shares, each representing one Ordinary Share",Energy,Oil & Gas E&P,Australia
HBANM,Huntington Bancshares Incorporated Depositary Shares each representing a 1/1000th interest in a share of Huntington Series I Preferred Stock,,,USA
XYZ,"Block, Inc. Class A Common Stock,",Technology,Software - Infrastructure,USA
VIV,Telefonica Brasil S.A. American Depositary Shares (Each representing One Common Share),Communication Services,Telecom Services,Brazil
HUM,Humana Inc. Common Stock,Healthcare,Healthcare Plans,USA
CCEP,Coca-Cola Europacific Partners plc Ordinary Shares,Consumer Defensive,Beverages - Non-Alcoholic,United Kingdom
FMX,Fomento Economico Mexicano S.A.B. de C.V. Common Stock,Consumer Defensive,Beverages - Brewers,Mexico
ASTS,"AST SpaceMobile, Inc. Class A Common Stock",Technology,Communication Equipment,USA
DHI,"D.R. Horton, Inc. Common Stock",Consumer Cyclical,Residential Construction,USA
AXON,"Axon Enterprise, Inc. Common Stock",Industrials,Aerospace & Defense,USA
BDX,"Becton, Dickinson and Company Common Stock",Healthcare,Medical Instruments & Supplies,USA
HBANZ,"Huntington Bancshares Incorporated Depositary Shares, Each Representing a 1/1000th Interest in a Share of 5.50% Series L Non-Cumulative Perpetual Preferred Stock",,,USA
CCI,Crown Castle Inc. Common Stock,Real Estate,REIT - Specialty,USA
AMP,"Ameriprise Financial, Inc. Common Stock",Financial,Asset Management,USA
KDP,Keurig Dr Pepper Inc. Common Stock,Consumer Defensive,Beverages - Non-Alcoholic,USA
YUM,"Yum! Brands, Inc.",Consumer Cyclical,Restaurants,USA
ALNY,"Alnylam Pharmaceuticals, Inc. Common Stock",Healthcare,Biotechnology,USA
HMC,"Honda Motor Company, Ltd. Common Stock",Consumer Cyclical,Auto Manufacturers,Japan
SLF,Sun Life Financial Inc. Common Stock,Financial,Insurance - Diversified,Canada
TTWO,"Take-Two Interactive Software, Inc. Common Stock",Communication Services,Electronic Gaming & Multimedia,USA
ADM,Archer-Daniels-Midland Company Common Stock,Consumer Defensive,Farm Products,USA
CRDO,Credo Technology Group Holding Ltd Ordinary Shares,Technology,Semiconductors,Cayman Islands
VIK,Viking Holdings Ltd Ordinary Shares,Consumer Cyclical,Travel Services,Bermuda
TEVA,Teva Pharmaceutical Industries Limited American Depositary Shares,Healthcare,Drug Manufacturers - Specialty & Generic,Israel
BSBR,"Banco Santander Brasil SA American Depositary Shares, each representing one unit",Financial,Banks - Regional,Brazil
STLD,"Steel Dynamics, Inc.",Basic Materials,Steel,USA
HLN,Haleon plc American Depositary Shares (Each representing two Ordinary Shares),Healthcare,Drug Manufacturers - Specialty & Generic,United Kingdom
JD,"JD.com, Inc. American Depositary Shares",Consumer Cyclical,Internet Retail,China
CCL,Carnival Corporation Ltd. Common Shares,Consumer Cyclical,Travel Services,USA
JBL,Jabil Inc. Common Stock,Technology,Electronic Components,USA
WCN,"Waste Connections, Inc. Common Shares",Industrials,Waste Management,Canada
A,"Agilent Technologies, Inc. Common Stock",Healthcare,Diagnostics & Research,USA
ESLT,Elbit Systems Ltd. Ordinary Shares,Industrials,Aerospace & Defense,Israel
AIG,"American International Group, Inc. New Common Stock",Financial,Insurance - Diversified,USA
PEG,Public Service Enterprise Group Incorporated Common Stock,Utilities,Utilities - Regulated Electric,USA
IRM,Iron Mountain Incorporated (Delaware)Common Stock REIT,Real Estate,REIT - Specialty,USA
TKO,"TKO Group Holdings, Inc. Class A Common Stock",Communication Services,Entertainment,USA
KB,KB Financial Group Inc,Financial,Banks - Regional,South Korea
VTR,"Ventas, Inc. Common Stock",Real Estate,REIT - Healthcare Facilities,USA
ED,"Consolidated Edison, Inc. Common Stock",Utilities,Utilities - Regulated Electric,USA
CBRE,CBRE Group Inc Common Stock Class A,Real Estate,Real Estate Services,USA
KR,Kroger Company (The) Common Stock,Consumer Defensive,Grocery Stores,USA
LYV,"Live Nation Entertainment, Inc. Common Stock",Communication Services,Entertainment,USA
PYPL,"PayPal Holdings, Inc. Common Stock",Financial,Credit Services,USA
EME,"EMCOR Group, Inc. Common Stock",Industrials,Engineering & Construction,USA
RKT,"Rocket Companies, Inc. Class A Common Stock",Financial,Mortgage Finance,USA
TRI,Thomson Reuters Corporation Common Shares,Industrials,Specialty Business Services,Canada
HSY,The Hershey Company Common Stock,Consumer Defensive,Confectioners,USA
WAT,Waters Corporation Common Stock,Healthcare,Diagnostics & Research,USA
BTSGU,"BrightSpring Health Services, Inc. Tangible Equity Unit",,,USA
VMC,Vulcan Materials Company (Holding Company) Common Stock,Basic Materials,Building Materials,USA
WDAY,"Workday, Inc. Class A Common Stock",Technology,Software - Application,USA
WEC,"WEC Energy Group, Inc. Common Stock",Utilities,Utilities - Regulated Electric,USA
CMG,"Chipotle Mexican Grill, Inc. Common Stock",Consumer Cyclical,Restaurants,USA
SATS,EchoStar  Corporation Common Stock,Communication Services,Telecom Services,USA
TWLO,Twilio Inc. Class A Common Stock,Technology,Software - Infrastructure,USA
VOD,Vodafone Group Plc American Depositary Shares,Communication Services,Telecom Services,United Kingdom
BBD,Banco Bradesco Sa American Depositary Shares,Financial,Banks - Regional,Brazil
PRU,"Prudential Financial, Inc. Common Stock",Financial,Insurance - Life,USA
PPLC,PPL Corporation Corporate Units,,,USA
PAYX,"Paychex, Inc. Common Stock",Technology,Software - Application,USA
SYY,Sysco Corporation Common Stock,Consumer Defensive,Food Distribution,USA
RDDT,"Reddit, Inc. Class A Common Stock",Communication Services,Internet Content & Information,USA
NTAP,"NetApp, Inc. Common Stock",Technology,Software - Infrastructure,USA
UI,Ubiquiti Inc. Common Stock,Technology,Communication Equipment,USA
CHT,"Chunghwa Telecom Co., Ltd.",Communication Services,Telecom Services,Taiwan
GFI,Gold Fields Limited American Depositary Shares,Basic Materials,Gold,South Africa
MLM,"Martin Marietta Materials, Inc. Common Stock",Basic Materials,Building Materials,USA
HIG,"The Hartford Insurance Group, Inc. Common Stock",Financial,Insurance - Diversified,USA
EQT,EQT Corporation Common Stock,Energy,Oil & Gas E&P,USA
HAL,Halliburton Company Common Stock,Energy,Oil & Gas Equipment & Services,USA
TS,Tenaris S.A. American Depositary Shares,Energy,Oil & Gas Equipment & Services,Luxembourg
KGC,Kinross Gold Corporation Common Stock,Basic Materials,Gold,Canada
UAL,"United Airlines Holdings, Inc. Common Stock",Industrials,Airlines,USA
FSLR,"First Solar, Inc. Common Stock",Technology,Solar,USA
LVS,Las Vegas Sands Corp. Common Stock,Consumer Cyclical,Resorts & Casinos,USA
SUNB,"Sunbelt Rentals Holdings, Inc. Common Stock",Industrials,Rental & Leasing Services,USA
HBAN,Huntington Bancshares Incorporated Common Stock,Financial,Banks - Regional,USA
ROP,"Roper Technologies, Inc. Common Stock",Technology,Software - Application,USA
STRC,Strategy Inc Variable Rate Series A Perpetual Stretch Preferred Stock,Technology,Software - Application,USA
STRF,Strategy Inc 10.00% Series A Perpetual Strife Preferred Stock,,,USA
PUK,Prudential Public Limited Company Common Stock,Financial,Insurance - Life,Hong Kong
ZTS,Zoetis Inc. Class A Common Stock,Healthcare,Drug Manufacturers - Specialty & Generic,USA
ALC,Alcon Inc. Ordinary Shares,Healthcare,Medical Instruments & Supplies,Switzerland
NTR,Nutrien Ltd. Common Shares,Basic Materials,Agricultural Inputs,Canada
HBANP,Huntington Bancshares Incorporated Depositary Shares 4.500% Series H Non-Cumulative Perpetual Preferred Stock,,,USA
RVMD,"Revolution Medicines, Inc. Common Stock",Healthcare,Biotechnology,USA
TECK,Teck Resources Ltd Ordinary Shares,Basic Materials,Other Industrial Metals & Mining,Canada
QSR,Restaurant Brands International Inc. Common Shares,Consumer Cyclical,Restaurants,USA
VG,"Venture Global, Inc. Class A common stock",Energy,Oil & Gas Midstream,USA
MTB,M&T Bank Corporation Common Stock,Financial,Banks - Regional,USA
KVUE,Kenvue Inc. Common Stock,Consumer Defensive,Household & Personal Products,USA
Q,"Qnity Electronics, Inc. Common Stock",Technology,Semiconductor Equipment & Materials,USA
EC,Ecopetrol S.A. American Depositary Shares,Energy,Oil & Gas Integrated,Colombia
NTRS,Northern Trust Corporation Common Stock,Financial,Asset Management,USA
CBOE,"Cboe Global Markets, Inc. Common Stock",Financial,Financial Data & Stock Exchanges,USA
BBDO,Banco Bradesco Sa American Depositary Shares (each representing one Common Share),,,USA
NTRA,"Natera, Inc. Common Stock",Healthcare,Diagnostics & Research,USA
RPRX,Royalty Pharma plc Class A Ordinary Shares ,Healthcare,Biotechnology,USA
SHG,Shinhan Financial Group Co Ltd American Depositary Shares,Financial,Banks - Regional,South Korea
KMB,Kimberly-Clark Corporation Common Stock,Consumer Defensive,Household & Personal Products,USA
IQV,"IQVIA Holdings, Inc. Common Stock",Healthcare,Diagnostics & Research,USA
CQP,"Cheniere Energy Partners, LP Common Units",Energy,Oil & Gas Midstream,USA
ONC,BeOne Medicines Ltd. American Depositary Shares,Healthcare,Biotechnology,Switzerland
RBLX,Roblox Corporation Class A Common Stock,Communication Services,Electronic Gaming & Multimedia,USA
CNC,Centene Corporation Common Stock,Healthcare,Healthcare Plans,USA
ACGL,Arch Capital Group Ltd. Common Stock,Financial,Insurance - Diversified,Bermuda
ZM,"Zoom Communications, Inc. Class A Common Stock",Technology,Software - Application,USA
BAP,Credicorp Ltd. Common Stock,Financial,Banks - Regional,Peru
EXR,Extra Space Storage Inc Common Stock,Real Estate,REIT - Industrial,USA
MDB,"MongoDB, Inc. Class A Common Stock",Technology,Software - Infrastructure,USA
STRL,"Sterling Infrastructure, Inc. Common Stock",Industrials,Engineering & Construction,USA
TCOM,Trip.com Group Limited American Depositary Shares,Consumer Cyclical,Travel Services,Singapore
AMRZ,Amrize Ltd Ordinary Shares,Basic Materials,Building Materials,USA
EL,"Estee Lauder Companies, Inc. (The) Common Stock",Consumer Defensive,Household & Personal Products,USA
FISV,"Fiserv, Inc. Common Stock",Technology,Information Technology Services,USA
RYAAY,Ryanair Holdings plc American Depositary Shares,Industrials,Airlines,Ireland
DTE,DTE Energy Company Common Stock,Utilities,Utilities - Regulated Electric,USA
CPNG,"Coupang, Inc. Class A Common Stock",Consumer Cyclical,Internet Retail,USA
MTZ,"MasTec, Inc. Common Stock",Industrials,Engineering & Construction,USA
AEE,Ameren Corporation Common Stock,Utilities,Utilities - Regulated Electric,USA
AGNCN,"AGNC Investment Corp. Depositary Shares Each Representing a 1/1,000th Interest in a Share of 7.00% Series C Fixed-To-Floating Rate Cumulative Redeemable Preferred Stock",,,USA
TSEM,Tower Semiconductor Ltd. Ordinary Shares,Technology,Semiconductors,Israel
RJF,"Raymond James Financial, Inc. Common Stock",Financial,Asset Management,USA
AGNCO,"AGNC Investment Corp. Depositary Shares, each representing a 1/1,000th interest in a share of 6.50% Series E Fixed-to-Floating Cumulative Redeemable Preferred Stock",,,USA
AGNCZ,"AGNC Investment Corp. Depositary Shares Each Representing a 1/1,000th Interest in a Share of 8.75% Series H Fixed-Rate Cumulative Redeemable Preferred Stock",,,USA
MTSI,"MACOM Technology Solutions Holdings, Inc. Common Stock",Technology,Semiconductors,USA
VEEV,Veeva Systems Inc. Class A Common Stock,Healthcare,Health Information Services,USA
VICI,VICI Properties Inc. Common Stock,Real Estate,REIT - Diversified,USA
GEHC,GE HealthCare Technologies Inc. Common Stock ,Healthcare,Medical Devices,USA
BIIB,Biogen Inc. Common Stock,Healthcare,Drug Manufacturers - General,USA
AGNCM,AGNC Investment Corp. Depositary Shares rep 6.875% Series D Fixed-to-Floating Cumulative Redeemable Preferred Stock,,,USA
AGNCP,"AGNC Investment Corp. Depositary Shares Each Representing a 1/1,000th Interest in a Share of 6.125% Series F Fixed-to-Floating Rate Cumulative Redeemable Preferred Stock",,,USA
AGNCL,"AGNC Investment Corp. Depositary Shares Each Representing a 1/1,000th Interest in a Share of 7.75% Series G Fixed-Rate Reset Cumulative Redeemable Preferred Stock",,,USA
DOV,Dover Corporation Common Stock,Industrials,Specialty Industrial Machinery,USA
TDY,Teledyne Technologies Incorporated Common Stock,Technology,Scientific & Technical Instruments,USA
PBA,Pembina Pipeline Corp. Ordinary Shares (Canada),Energy,Oil & Gas Midstream,Canada
SYM,Symbotic Inc. Class A Common Stock,Industrials,Specialty Industrial Machinery,USA
CPRT,"Copart, Inc. (DE) Common Stock",Industrials,Specialty Business Services,USA
TPR,"Tapestry, Inc. Common Stock",Consumer Cyclical,Luxury Goods,USA
AXIA,AXIA Energia American Depositary Shares (Each representing one Common Share),Utilities,Utilities - Renewable,Brazil
SMCI,"Super Micro Computer, Inc. Common Stock",Technology,Computer Hardware,USA
RMD,ResMed Inc. Common Stock,Healthcare,Medical Instruments & Supplies,USA
IR,Ingersoll Rand Inc. Common Stock,Industrials,Specialty Industrial Machinery,USA
CASY,"Casey's General Stores, Inc. Common Stock",Consumer Cyclical,Specialty Retail,USA
NRG,"NRG Energy, Inc. Common Stock",Utilities,Utilities - Independent Power Producers,USA
NVT,nVent Electric plc Ordinary Shares ,Industrials,Electrical Equipment & Parts,United Kingdom
FTS,Fortis Inc. Common Shares,Utilities,Utilities - Regulated Electric,Canada
TPL,Texas Pacific Land Corporation Common Stock,Energy,Oil & Gas E&P,USA
ATO,Atmos Energy Corporation Common Stock,Utilities,Utilities - Regulated Gas,USA
DXCM,"DexCom, Inc. Common Stock",Healthcare,Medical Devices,USA
EIX,Edison International Common Stock,Utilities,Utilities - Regulated Electric,USA
FOXA,Fox Corporation Class A Common Stock,Communication Services,Entertainment,USA
FTI,TechnipFMC plc Ordinary Share,Energy,Oil & Gas Equipment & Services,USA
CW,Curtiss-Wright Corporation Common Stock,Industrials,Aerospace & Defense,USA
CNP,"CenterPoint Energy, Inc (Holding Co) Common Stock",Utilities,Utilities - Regulated Electric,USA
EXPE,"Expedia Group, Inc. Common Stock",Consumer Cyclical,Travel Services,USA
FICO,Fair Isaac Corporation Common Stock,Technology,Software - Application,USA
CFG,"Citizens Financial Group, Inc. Common Stock",Financial,Banks - Regional,USA
OTIS,Otis Worldwide Corporation Common Stock ,Industrials,Specialty Industrial Machinery,USA
VRSN,"VeriSign, Inc. Common Stock",Technology,Software - Infrastructure,USA
JBHT,"J.B. Hunt Transport Services, Inc. Common Stock",Industrials,Integrated Freight & Logistics,USA
KHC,The Kraft Heinz Company Common Stock,Consumer Defensive,Packaged Foods,USA
PPL,PPL Corporation Common Stock,Utilities,Utilities - Regulated Electric,USA
FE,FirstEnergy Corp. Common Stock,Utilities,Utilities - Regulated Electric,USA
AVB,"AvalonBay Communities, Inc. Common Stock",Real Estate,REIT - Residential,USA
ES,Eversource Energy (D/B/A) Common Stock,Utilities,Utilities - Regulated Electric,USA
XYL,Xylem Inc. Common Stock New,Industrials,Specialty Industrial Machinery,USA
P,"Everpure, Inc. Class A common stock",Technology,Computer Hardware,USA
TEAM,Atlassian Corporation Class A Common Stock,Technology,Software - Application,USA
XPO,"XPO, Inc. Common Stock",Industrials,Trucking,USA
FTAI,FTAI Aviation Ltd. Common Stock,Industrials,Aerospace & Defense,USA
HUBB,Hubbell Inc Common Stock,Industrials,Electrical Equipment & Parts,USA
FN,Fabrinet Ordinary Shares,Technology,Electronic Components,Cayman Islands
NMR,Nomura Holdings Inc ADR American Depositary Shares,Financial,Capital Markets,Japan
PHG,Koninklijke Philips N.V. NY Registry Shares,Healthcare,Medical Devices,Netherlands
EQR,Equity Residential Common Shares of Beneficial Interest,Real Estate,REIT - Residential,USA
ILMN,"Illumina, Inc. Common Stock",Healthcare,Diagnostics & Research,USA
CTSH,Cognizant Technology Solutions Corporation Class A Common Stock,Technology,Information Technology Services,USA
BG,Bunge Limited Common Shares,Consumer Defensive,Farm Products,USA
DOW,Dow Inc. Common Stock ,Basic Materials,Chemicals,USA
PPG,"PPG Industries, Inc. Common Stock",Basic Materials,Specialty Chemicals,USA
BEP,Brookfield Renewable Partners L.P. Limited Partnership Units,Utilities,Utilities - Renewable,Bermuda
CINF,Cincinnati Financial Corporation Common Stock,Financial,Insurance - Property & Casualty,USA
ATI,ATI Inc. Common Stock,Industrials,Metal Fabrication,USA
WRB,W.R. Berkley Corporation Common Stock,Financial,Insurance - Property & Casualty,USA
FOX,Fox Corporation Class B Common Stock,Communication Services,Entertainment,USA
STRD,Strategy Inc 10.00% Series A Perpetual Stride Preferred Stock,,,USA
IONQ,"IonQ, Inc. Common Stock",Technology,Computer Hardware,USA
WSM,"Williams-Sonoma, Inc. Common Stock (DE)",Consumer Cyclical,Specialty Retail,USA
CRS,Carpenter Technology Corporation Common Stock,Industrials,Metal Fabrication,USA
AER,AerCap Holdings N.V. Ordinary Shares,Industrials,Rental & Leasing Services,Ireland
WTW,Willis Towers Watson Public Limited Company Ordinary Shares,Financial,Insurance Brokers,United Kingdom
IHG,Intercontinental Hotels Group American Depositary Shares (Each representing one Ordinary Share),Consumer Cyclical,Lodging,United Kingdom
RF,Regions Financial Corporation Common Stock,Financial,Banks - Regional,USA
HPQ,HP Inc. Common Stock,Technology,Computer Hardware,USA
STRK,Strategy Inc 8.00% Series A Perpetual Strike Preferred Stock,,,USA
ONON,On Holding AG Class A Ordinary Shares,Consumer Cyclical,Footwear & Accessories,Switzerland
AWK,"American Water Works Company, Inc. Common Stock",Utilities,Utilities - Regulated Water,USA
MTD,"Mettler-Toledo International, Inc. Common Stock",Healthcare,Diagnostics & Research,USA
SYF,Synchrony Financial Common Stock,Financial,Credit Services,USA
TW,Tradeweb Markets Inc. Class A Common Stock,Financial,Capital Markets,USA
STZ,"Constellation Brands, Inc. Common Stock",Consumer Defensive,Beverages - Brewers,USA
FCNCA,"First Citizens BancShares, Inc. Class A Common Stock",Financial,Banks - Regional,USA
FITBM,"Fifth Third Bancorp Depositary Shares Representing a 1/40th Ownership Interest in a Share of 6.875% Fixed-Rate Reset Non-Cumulative Perpetual Preferred Stock, Series M",,,USA
VRSK,"Verisk Analytics, Inc. Common Stock",Industrials,Consulting Services,USA
KEY,KeyCorp Common Stock,Financial,Banks - Regional,USA
CPAY,"Corpay, Inc. Common Stock",Technology,Software - Infrastructure,USA
LPLA,LPL Financial Holdings Inc. Common Stock,Financial,Capital Markets,USA
BNH,"Brookfield Finance Inc. 4.625% Subordinated Notes due October 16, 2080",,,USA
UTHR,United Therapeutics Corporation Common Stock,Healthcare,Drug Manufacturers - Specialty & Generic,USA
FITBI,Fifth Third Bancorp Depositary Shares,,,USA
AKAM,"Akamai Technologies, Inc. Common Stock",Technology,Software - Infrastructure,USA
FFIV,"F5, Inc. Common Stock",Technology,Software - Infrastructure,USA
AFRM,"Affirm Holdings, Inc. Class A Common Stock",Financial,Credit Services,USA
SOJC,"Southern Company (The) Series 2017B 5.25% Junior Subordinated Notes due December 1, 2077",,,USA
TROW,"T. Rowe Price Group, Inc. Common Stock",Financial,Asset Management,USA
RIVN,"Rivian Automotive, Inc. Class A Common Stock",Consumer Cyclical,Auto Manufacturers,USA
DG,Dollar General Corporation Common Stock,Consumer Defensive,Discount Stores,USA
INSM,Insmed Incorporated Common Stock,Healthcare,Biotechnology,USA
LEN,Lennar Corporation Class A Common Stock,Consumer Cyclical,Residential Construction,USA
NXT,Nextpower Inc. Class A Common Stock,Technology,Solar,USA
BNJ,Brookfield Finance Inc. 4.50% Perpetual Subordinated Notes,,,USA
PHM,"PulteGroup, Inc. Common Stock",Consumer Cyclical,Residential Construction,USA
BNTX,BioNTech SE American Depositary Share,Healthcare,Biotechnology,Germany
CRCL,"Circle Internet Group, Inc. Class A Common Stock",Financial,Capital Markets,USA
BCE,"BCE, Inc. Common Stock",Communication Services,Telecom Services,Canada
WST,"West Pharmaceutical Services, Inc. Common Stock",Healthcare,Medical Instruments & Supplies,USA
ROL,"Rollins, Inc. Common Stock",Consumer Cyclical,Personal Services,USA
PFG,Principal Financial Group Inc Common Stock,Financial,Asset Management,USA
PAAS,Pan American Silver Corp. Common Stock,Basic Materials,Gold,Canada
EXE,Expand Energy Corporation Common Stock,Energy,Oil & Gas E&P,USA
SNX,TD SYNNEX Corporation Common Stock,Technology,Electronics & Computer Distribution,USA
MKSI,MKS Inc. Common Stock,Technology,Scientific & Technical Instruments,USA
CHD,"Church & Dwight Company, Inc. Common Stock",Consumer Defensive,Household & Personal Products,USA
MKL,Markel Group Inc. Common Stock,Financial,Insurance - Property & Casualty,USA
SQM,Sociedad Quimica y Minera S.A. Common Stock,Basic Materials,Specialty Chemicals,Chile
SW,Smurfit WestRock plc Ordinary Shares,Consumer Cyclical,Packaging & Containers,Ireland
DRI,"Darden Restaurants, Inc. Common Stock",Consumer Cyclical,Restaurants,USA
IREN,IREN Limited Ordinary Shares,Financial,Capital Markets,Australia
SBAC,SBA Communications Corporation Class A Common Stock,Real Estate,REIT - Specialty,USA
SOFI,"SoFi Technologies, Inc. Common Stock  ",Financial,Credit Services,USA
NI,NiSource Inc Common Stock,Utilities,Utilities - Regulated Gas,USA
ZS,"Zscaler, Inc. Common Stock",Technology,Software - Infrastructure,USA
RL,Ralph Lauren Corporation Common Stock,Consumer Cyclical,Apparel Manufacturing,USA
CHRW,"C.H. Robinson Worldwide, Inc. Common Stock",Industrials,Integrated Freight & Logistics,USA
MAIR,Madison Air Solutions Corporation Class A Common Stock,Industrials,Building Products & Equipment,USA
CMS,CMS Energy Corporation Common Stock,Utilities,Utilities - Regulated Electric,USA
WIT,Wipro Limited Common Stock,Technology,Information Technology Services,India
DGX,Quest Diagnostics Incorporated Common Stock,Healthcare,Diagnostics & Research,USA
YPF,YPF Sociedad Anonima Common Stock,Energy,Oil & Gas Integrated,Argentina
L,Loews Corporation Common Stock,Financial,Insurance - Property & Casualty,USA
PKX,POSCO HOLDINGS INC. American Depositary Shares (Each representing 1/4th of a share of Common Stock),Basic Materials,Steel,South Korea
OMC,Omnicom Group Inc. Common Stock,Communication Services,Advertising Agencies,USA
FWONK,Liberty Media Corporation Series C Liberty Formula One Common Stock,Communication Services,Entertainment,USA
WWD,"Woodward, Inc. Common Stock",Industrials,Aerospace & Defense,USA
OKTA,"Okta, Inc. Class A Common Stock",Technology,Software - Infrastructure,USA
FIS,"Fidelity National Information Services, Inc. Common Stock",Technology,Information Technology Services,USA
STLA,Stellantis N.V. Common Shares,Consumer Cyclical,Auto Manufacturers,Netherlands
LH,Labcorp Holdings Inc. Common Stock,Healthcare,Diagnostics & Research,USA
LYB,LyondellBasell Industries NV Ordinary Shares Class A (Netherlands),Basic Materials,Specialty Chemicals,United Kingdom
ENTG,"Entegris, Inc. Common Stock",Technology,Semiconductor Equipment & Materials,USA
FITBP,"Fifth Third Bancorp Depositary Shares each representing 1/40th share of Fifth Third 6.00% Non-Cumulative Perpetual Class B Preferred Stock, Series A",,,USA
SOJD,"Southern Company (The) Series 2020A 4.95% Junior Subordinated Notes due January 30, 2080",,,USA
ROIV,Roivant Sciences Ltd. Common Shares,Healthcare,Biotechnology,United Kingdom
DLTR,Dollar Tree Inc. Common Stock,Consumer Defensive,Discount Stores,USA
EXPD,"Expeditors International of Washington, Inc. Common Stock",Industrials,Integrated Freight & Logistics,USA
LSCC,Lattice Semiconductor Corporation Common Stock,Technology,Semiconductors,USA
VLTO,Veralto Corp Common Stock ,Industrials,Pollution & Treatment Controls,USA
STE,STERIS plc (Ireland) Ordinary Shares,Healthcare,Medical Devices,Ireland
AA,Alcoa Corporation Common Stock ,Basic Materials,Aluminum,USA
RCI,"Rogers Communication, Inc. Common Stock",Communication Services,Telecom Services,Canada
IOT,Samsara Inc. Class A Common Stock,Technology,Software - Infrastructure,USA
MRNA,"Moderna, Inc. Common Stock",Healthcare,Biotechnology,USA
EFX,"Equifax, Inc. Common Stock",Industrials,Consulting Services,USA
BURL,"Burlington Stores, Inc. Common Stock",Consumer Cyclical,Apparel Retail,USA
RS,"Reliance, Inc. Common Stock",Basic Materials,Steel,USA
INCY,Incyte Corp. Common Stock,Healthcare,Biotechnology,USA
LUV,Southwest Airlines Company Common Stock,Industrials,Airlines,USA
TSN,"Tyson Foods, Inc. Common Stock",Consumer Defensive,Farm Products,USA
PKG,Packaging Corporation of America Common Stock,Consumer Cyclical,Packaging & Containers,USA
ULS,UL Solutions Inc. Class A Common Stock,Industrials,Specialty Business Services,USA
AQNB,"Algonquin Power & Utilities Corp. 6.20% Fixed-to-Floating Subordinated Notes Series 2019-A due July 1, 2079",,,USA
ULTA,"Ulta Beauty, Inc. Common Stock",Consumer Cyclical,Specialty Retail,USA
FWONA,Liberty Media Corporation Series A Liberty Formula One Common Stock,Communication Services,Entertainment,USA
FPS,"Forgent Power Solutions, Inc. Class A Common Stock",Industrials,Electrical Equipment & Parts,USA
SNA,Snap-On Incorporated Common Stock,Industrials,Tools & Accessories,USA
RBA,"RB Global, Inc. Common Stock",Industrials,Specialty Business Services,USA
CX,"Cemex, S.A.B. de C.V. Sponsored ADR",Basic Materials,Building Materials,Mexico
ALB,Albemarle Corporation Common Stock,Basic Materials,Specialty Chemicals,USA
DD,"DuPont de Nemours, Inc. Common Stock",Basic Materials,Specialty Chemicals,USA
DKS,Dick's Sporting Goods Inc Common Stock,Consumer Cyclical,Specialty Retail,USA
BRO,"Brown & Brown, Inc. Common Stock",Financial,Insurance Brokers,USA
BPYPM,"Brookfield Property Partners L.P. 6.25% Class A Cumulative Redeemable Preferred Units, Series 1",,,USA
SBS,Companhia de saneamento Basico Do Estado De Sao Paulo - Sabesp American Depositary Shares (Each repstg 250 Common Shares),Utilities,Utilities - Regulated Water,Brazil
AS,"Amer Sports, Inc. Ordinary Shares",Consumer Cyclical,Leisure,Finland
TTMI,"TTM Technologies, Inc. Common Stock",Technology,Electronic Components,USA
TU,Telus Corporation Ordinary Shares,Communication Services,Telecom Services,Canada
CDE,"Coeur Mining, Inc. Common Stock",Basic Materials,Gold,USA
EVRG,"Evergy, Inc. Common Stock",Utilities,Utilities - Regulated Electric,USA
DOCN,"DigitalOcean Holdings, Inc. Common Stock",Technology,Software - Infrastructure,USA
FDXF,"FedEx Freight Holding Company, Inc. Common Stock",Industrials,Integrated Freight & Logistics,USA
BEKE,KE Holdings Inc American Depositary Shares (each representing three Class A Ordinary Shares),Real Estate,Real Estate Services,China
FTV,Fortive Corporation Common Stock ,Technology,Scientific & Technical Instruments,USA
BCH,Banco De Chile ADS,Financial,Banks - Regional,Chile
IFF,"International Flavors & Fragrances, Inc. Common Stock",Basic Materials,Specialty Chemicals,USA
MGA,"Magna International, Inc. Common Stock",Consumer Cyclical,Auto Parts,Canada
RGLD,"Royal Gold, Inc. Common Stock",Basic Materials,Gold,USA
SITM,SiTime Corporation Common Stock,Technology,Semiconductors,USA
RBC,RBC Bearings Incorporated Common Stock,Industrials,Tools & Accessories,USA
DUKB,Duke Energy Corporation 5.625% Junior Subordinated Debentures due 2078,,,USA
GPN,Global Payments Inc. Common Stock,Technology,Software - Infrastructure,USA
ROKU,"Roku, Inc. Class A Common Stock",Communication Services,Entertainment,USA
VTRS,Viatris Inc. Common Stock,Healthcare,Drug Manufacturers - Specialty & Generic,USA
LNT,Alliant Energy Corporation Common Stock,Utilities,Utilities - Regulated Electric,USA
EDU,"New Oriental Education & Technology Group, Inc. Sponsored ADR representing 10 Ordinary Share (Cayman Islands)",Consumer Defensive,Education & Training Services,China
APG,APi Group Corporation Common Stock,Industrials,Engineering & Construction,USA
SOJE,"Southern Company (The) Series 2020C 4.20% Junior Subordinated Notes due October 15, 2060",,,USA
RMBS,Rambus Inc. Common Stock,Technology,Semiconductors,USA
AMKR,"Amkor Technology, Inc. Common Stock",Technology,Semiconductor Equipment & Materials,USA
ESS,"Essex Property Trust, Inc. Common Stock",Real Estate,REIT - Residential,USA
USFD,US Foods Holding Corp. Common Stock,Consumer Defensive,Food Distribution,USA
CF,"CF Industries Holdings, Inc. Common Stock",Basic Materials,Agricultural Inputs,USA
LII,"Lennox International, Inc. Common Stock",Industrials,Building Products & Equipment,USA
BPYPP,Brookfield Property Partners L.P. 6.50% Class A Cumulative Redeemable Perpetual Preferred Units,,,USA
BIP,Brookfield Infrastructure Partners LP Limited Partnership Units,Utilities,Utilities - Diversified,Bermuda
IP,International Paper Company Common Stock,Consumer Cyclical,Packaging & Containers,USA
CHTR,"Charter Communications, Inc. Class A Common Stock New",Communication Services,Telecom Services,USA
BR,"Broadridge Financial Solutions, Inc. Common Stock",Technology,Information Technology Services,USA
CDW,CDW Corporation Common Stock,Technology,Information Technology Services,USA
WY,Weyerhaeuser Company Common Stock,Real Estate,REIT - Specialty,USA
H,Hyatt Hotels Corporation Class A Common Stock,Consumer Cyclical,Lodging,USA
WCC,"WESCO International, Inc. Common Stock",Industrials,Industrial Distribution,USA
WES,"Western Midstream Partners, LP Common Units Representing Limited Partner Interests",Energy,Oil & Gas Midstream,USA
FLUT,Flutter Entertainment plc Ordinary Shares,Consumer Cyclical,Gambling,USA
GH,"Guardant Health, Inc. Common Stock",Healthcare,Diagnostics & Research,USA
BPYPO,"Brookfield Property Partners L.P. 6.375% Class A Cumulative Redeemable Perpetual Preferred Units, Series 2",,,USA
INVH,Invitation Homes Inc. Common Stock,Real Estate,REIT - Residential,USA
BWXT,"BWX Technologies, Inc. Common Stock",Industrials,Aerospace & Defense,USA
SN,"SharkNinja, Inc. Ordinary Shares",Consumer Cyclical,"Furnishings, Fixtures & Appliances",USA
AMCR,Amcor plc Ordinary Shares,Consumer Cyclical,Packaging & Containers,Switzerland
ZTO,"ZTO Express (Cayman) Inc. American Depositary Shares, each representing one Class A ordinary share.",Industrials,Integrated Freight & Logistics,China
ITT,ITT Inc. Common Stock ,Industrials,Specialty Industrial Machinery,USA
ARXS,"Arxis, Inc. Class A Common Stock",Industrials,Aerospace & Defense,USA
GIS,"General Mills, Inc. Common Stock",Consumer Defensive,Packaged Foods,USA
TLN,Talen Energy Corporation Common Stock,Utilities,Utilities - Independent Power Producers,USA
EWBC,"East West Bancorp, Inc. Common Stock",Financial,Banks - Regional,USA
LOGI,Logitech International S.A. Ordinary Shares,Technology,Computer Hardware,Switzerland
PR,Permian Resources Corporation Class A Common Stock,Energy,Oil & Gas E&P,USA
NWS,News Corporation Class B Common Stock,Communication Services,Entertainment,USA
NBIX,"Neurocrine Biosciences, Inc. Common Stock",Healthcare,Drug Manufacturers - Specialty & Generic,USA
ZBH,"Zimmer Biomet Holdings, Inc. Common Stock",Healthcare,Medical Devices,USA
OVV,Ovintiv Inc. (DE),Energy,Oil & Gas E&P,USA
HST,"Host Hotels & Resorts, Inc. Common Stock",Real Estate,REIT - Hotel & Motel,USA
SSNC,"SS&C Technologies Holdings, Inc. Common Stock",Technology,Software - Application,USA
NVR,"NVR, Inc. Common Stock",Consumer Cyclical,Residential Construction,USA
FITBO,"Fifth Third Bancorp Depositary Shares each representing a 1/1000th ownership interest in a share of Non-Cumulative Perpetual Preferred Stock, Series K",,,USA
VNOM,"Viper Energy, Inc. Class A Common Stock",Energy,Oil & Gas Midstream,USA
BEN,"Franklin Resources, Inc. Common Stock",Financial,Asset Management,USA
KEP,Korea Electric Power Corporation Common Stock,Utilities,Utilities - Regulated Electric,South Korea
NVMI,Nova Ltd. Ordinary Shares,Technology,Semiconductor Equipment & Materials,Israel
WPC,W. P. Carey Inc. REIT,Real Estate,REIT - Diversified,USA
GNRC,Generac Holdlings Inc. Common Stock,Industrials,Specialty Industrial Machinery,USA
AAOI,"Applied Optoelectronics, Inc. Common Stock",Technology,Communication Equipment,USA
AGI,Alamos Gold Inc. Class A Common Shares,Basic Materials,Gold,Canada
TPG,TPG Inc. Class A Common Stock,Financial,Asset Management,USA
KIM,Kimco Realty Corporation (HC) Common Stock,Real Estate,REIT - Retail,USA
PAA,"Plains All American Pipeline, L.P. Common Units representing Limited Partner Interests",Energy,Oil & Gas Midstream,USA
XPEV,"XPeng Inc. American depositary shares, each representing two Class A ordinary shares",Consumer Cyclical,Auto Manufacturers,China
PTC,PTC Inc. Common Stock,Technology,Software - Application,USA
IEX,IDEX Corporation Common Stock,Industrials,Specialty Industrial Machinery,USA
GEN,Gen Digital Inc. Common Stock,Technology,Software - Infrastructure,USA
NDSN,Nordson Corporation Common Stock,Industrials,Specialty Industrial Machinery,USA
MAA,"Mid-America Apartment Communities, Inc. Common Stock",Real Estate,REIT - Residential,USA
MOD,Modine Manufacturing Company Common Stock,Consumer Cyclical,Auto Parts,USA
OWL,Blue Owl Capital Inc. Class A Common Stock,Financial,Asset Management,USA
GMAB,Genmab A/S ADS,Healthcare,Biotechnology,Denmark
AEG,Aegon Ltd. New York Registry Shares,Financial,Insurance - Diversified,Netherlands
TLK,"PT Telekomunikasi Indonesia, Tbk",Communication Services,Telecom Services,Indonesia
BPYPN,"Brookfield Property Partners L.P. 5.750% Class A Cumulative Redeemable Perpetual Preferred Units, Series 3",,,USA
RBRK,"Rubrik, Inc. Class A Common Stock",Technology,Software - Infrastructure,USA
TXT,Textron Inc. Common Stock,Industrials,Aerospace & Defense,USA
BWA,BorgWarner Inc. Common Stock,Consumer Cyclical,Auto Parts,USA
KSPI,Joint Stock Company Kaspi.kz American Depository Shares,Technology,Software - Infrastructure,Kazakhstan
SMTC,Semtech Corporation Common Stock,Technology,Semiconductors,USA
EMA,Emera Incorporated Common Shares,Utilities,Utilities - Regulated Electric,Canada
SKM,"SK Telecom Co., Ltd. Common Stock",Communication Services,Telecom Services,South Korea
CG,The Carlyle Group Inc. Common Stock,Financial,Asset Management,USA
LDOS,"Leidos Holdings, Inc. Common Stock",Technology,Information Technology Services,USA
WMG,Warner Music Group Corp. Class A Common Stock,Communication Services,Entertainment,USA
NLY,Annaly Capital Management Inc. Common Stock,Real Estate,REIT - Mortgage,USA
LI,Li Auto Inc. American Depositary Shares,Consumer Cyclical,Auto Manufacturers,China
PL,Planet Labs PBC Class A Common Stock,Industrials,Aerospace & Defense,USA
APTV,Aptiv PLC Ordinary Shares,Consumer Cyclical,Auto Parts,Switzerland
TSCO,Tractor Supply Company Common Stock,Consumer Cyclical,Specialty Retail,USA
PS,Pershing Square Inc. Common Stock,Financial,Asset Management,USA
LAMR,Lamar Advertising Company Class A Common Stock,Real Estate,REIT - Specialty,USA
CLH,"Clean Harbors, Inc. Common Stock",Industrials,Waste Management,USA
DECK,Deckers Outdoor Corporation Common Stock,Consumer Cyclical,Footwear & Accessories,USA
SUI,"Sun Communities, Inc. Common Stock",Real Estate,REIT - Residential,USA
JAZZ,Jazz Pharmaceuticals plc Common Stock (Ireland),Healthcare,Biotechnology,Ireland
YUMC,"Yum China Holdings, Inc. Common Stock",Consumer Cyclical,Restaurants,China
SANM,Sanmina Corporation Common Stock,Technology,Electronic Components,USA
WSO,"Watsco, Inc. Common Stock",Industrials,Industrial Distribution,USA
WF,Woori Financial Group Inc. American Depositary Shares (each representing three (3) shares of Common Stock),Financial,Banks - Regional,South Korea
BBY,"Best Buy Co., Inc. Common Stock",Consumer Cyclical,Specialty Retail,USA
BNT,Brookfield Wealth Solutions Ltd. Class A Exchangeable Limited Voting Shares,Financial,Insurance - Diversified,Bermuda
NTNX,"Nutanix, Inc. Class A Common Stock",Technology,Software - Infrastructure,USA
IESC,"IES Holdings, Inc. Common Stock",Industrials,Engineering & Construction,USA
PFGC,Performance Food Group Company Common Stock,Consumer Defensive,Food Distribution,USA
NWSA,News Corporation Class A Common Stock,Communication Services,Entertainment,USA
DY,"Dycom Industries, Inc. Common Stock",Industrials,Engineering & Construction,USA
MLI,"Mueller Industries, Inc. Common Stock",Industrials,Metal Fabrication,USA
SGI,Somnigroup International Inc. Common Stock,Consumer Cyclical,"Furnishings, Fixtures & Appliances",USA
TME,"Tencent Music Entertainment Group American Depositary Shares, each representing two Class A Ordinary Shares",Communication Services,Internet Content & Information,China
BEPC,Brookfield Renewable Corporation Brookfield Renewable Corporation Class A Subordinate Voting Shares,Utilities,Utilities - Renewable,USA
TOST,"Toast, Inc. Class A Common Stock",Technology,Software - Infrastructure,USA
TIGO,Millicom International Cellular S.A. Common Stock,Communication Services,Telecom Services,Luxembourg
KKRS,KKR Group Finance Co. IX LLC 4.625% Subordinated Notes due 2061,,,USA
J,Jacobs Solutions Inc. Common Stock,Industrials,Engineering & Construction,USA
APOS,"Apollo Global Management, Inc. 7.625% Fixed-Rate Resettable Junior Subordinated Notes due 2053",,,USA
PNFP,"Pinnacle Financial Partners, Inc. Common stock",Financial,Banks - Regional,USA
DTM,"DT Midstream, Inc. Common Stock ",Energy,Oil & Gas Midstream,USA
VLYPN,"Valley National Bancorp 8.250% Fixed-Rate Reset Non-Cumulative Perpetual Preferred Stock, Series C",,,USA
LECO,"Lincoln Electric Holdings, Inc. Common Shares",Industrials,Tools & Accessories,USA
BSAC,Banco Santander - Chile ADS,Financial,Banks - Regional,Chile
CHKP,Check Point Software Technologies Ltd. Ordinary Shares,Technology,Software - Infrastructure,Israel
HUT,Hut 8 Corp. Common Stock,Financial,Capital Markets,USA
SOLV,Solventum Corporation Common Stock,Healthcare,Medical Instruments & Supplies,USA
LTM,"LATAM Airlines Group S.A. American Depositary Shares (each representing two thousand (2,000) shares of Common Stock)",Industrials,Airlines,Chile
GIB,CGI Inc. Common Stock,Technology,Information Technology Services,Canada
NIO,"NIO Inc. American depositary shares, each  representing one Class A ordinary share",Consumer Cyclical,Auto Manufacturers,China
RRX,Regal Rexnord Corporation Common Stock,Industrials,Specialty Industrial Machinery,USA
GRAB,Grab Holdings Limited Class A Ordinary Shares,Technology,Software - Application,Singapore
MAS,Masco Corporation Common Stock,Industrials,Building Products & Equipment,USA
REG,Regency Centers Corporation Common Stock,Real Estate,REIT - Retail,USA
BALL,Ball Corporation Common Stock,Consumer Cyclical,Packaging & Containers,USA
ARMK,Aramark Common Stock,Industrials,Specialty Business Services,USA
SLMBP,"SLM Corporation Floating Rate Non-Cumulative Preferred Stock, Series B",,,USA
VICR,Vicor Corporation Common Stock,Technology,Electronic Components,USA
THC,Tenet Healthcare Corporation Common Stock,Healthcare,Medical Care Facilities,USA
VLYPP,"Valley National Bancorp 6.25% Fixed-to-Floating Rate Non-Cumulative Perpetual Preferred Stock, Series A",,,USA
JLL,Jones Lang LaSalle Incorporated Common Stock,Real Estate,Real Estate Services,USA
VLYPO,"Valley National Bancorp 5.50% Fixed-to-Floating Rate Non-Cumulative Perpetual Preferred Stock, Series B",,,USA
CSL,Carlisle Companies Incorporated Common Stock,Industrials,Building Products & Equipment,USA
SUN,Sunoco LP Common Units representing limited partner interests,Energy,Oil & Gas Refining & Marketing,USA
HTHT,H World Group Limited American Depositary Shares,Consumer Cyclical,Lodging,China
CSGP,"CoStar Group, Inc. Common Stock",Real Estate,Real Estate Services,USA
WSE,Wise Group plc Class A Ordinary Shares,Technology,Information Technology Services,United Kingdom
ONTO,Onto Innovation Inc. Common Stock,Technology,Semiconductor Equipment & Materials,USA
LULU,lululemon athletica inc. Common Stock,Consumer Cyclical,Apparel Retail,Canada
TRU,TransUnion Common Stock,Financial,Financial Data & Stock Exchanges,USA
GPC,Genuine Parts Company Common Stock,Consumer Cyclical,Auto Parts,USA
JHX,James Hardie Industries plc. Ordinary Shares,Basic Materials,Building Materials,Ireland
ARCC,Ares Capital Corporation Common Stock,Financial,Asset Management,USA
UNM,Unum Group Common Stock,Financial,Insurance - Life,USA
ASND,Ascendis Pharma A/S Ordinary Share,Healthcare,Biotechnology,Denmark
DOC,"Healthpeak Properties, Inc. Common Stock",Real Estate,REIT - Healthcare Facilities,USA
APA,APA Corporation Common Stock,Energy,Oil & Gas E&P,USA
SREA,DBA Sempra 5.750% Junior Subordinated Notes due 2079,,,USA
CNH,CNH Industrial N.V. Common Shares,Industrials,Farm & Heavy Construction Machinery,United Kingdom
FUTU,Futu Holdings Limited American Depositary Shares,Financial,Capital Markets,Hong Kong
EVR,Evercore Inc. Class A Common Stock,Financial,Capital Markets,USA
AUR,"Aurora Innovation, Inc. Class A Common Stock",Consumer Cyclical,Auto Parts,USA
SOLS,Solstice Advanced Materials Inc. Common Stock ,Basic Materials,Specialty Chemicals,USA
RPM,RPM International Inc. Common Stock,Basic Materials,Specialty Chemicals,USA
ENLT,Enlight Renewable Energy Ltd. Ordinary Shares,Utilities,Utilities - Renewable,Israel
EXEL,"Exelixis, Inc. Common Stock",Healthcare,Biotechnology,USA
BBIO,"BridgeBio Pharma, Inc. Common Stock",Healthcare,Biotechnology,USA
TFII,TFI International Inc. Common Shares,Industrials,Trucking,Canada
DINO,HF Sinclair Corporation Common Stock,Energy,Oil & Gas Refining & Marketing,USA
U,Unity Software Inc. Common Stock,Technology,Software - Application,USA
SNN,"Smith & Nephew SNATS, Inc. Common Stock",Healthcare,Medical Devices,United Kingdom
MEDP,"Medpace Holdings, Inc. Common Stock",Healthcare,Diagnostics & Research,USA
GLPI,"Gaming and Leisure Properties, Inc. Common Stock",Real Estate,REIT - Specialty,USA
JBS,JBS N.V. Class A Common Shares,Consumer Defensive,Packaged Foods,Netherlands
TOL,"Toll Brothers, Inc. Common Stock",Consumer Cyclical,Residential Construction,USA
OHI,"Omega Healthcare Investors, Inc. Common Stock",Real Estate,REIT - Healthcare Facilities,USA
ALLY,Ally Financial Inc. Common Stock,Financial,Credit Services,USA
TYL,"Tyler Technologies, Inc. Common Stock",Technology,Software - Application,USA
TRMB,Trimble Inc. Common Stock,Technology,Scientific & Technical Instruments,USA
WULF,TeraWulf Inc. Common Stock,Financial,Capital Markets,USA
RGA,"Reinsurance Group of America, Incorporated Common Stock",Financial,Insurance - Reinsurance,USA
CET,Central Securities Corporation Common Stock,Financial,Closed-End Fund - Equity,USA
GFL,"GFL Environmental Inc. Subordinate voting shares, no par value",Industrials,Waste Management,USA
HRL,Hormel Foods Corporation Common Stock,Consumer Defensive,Packaged Foods,USA
GWRE,"Guidewire Software, Inc. Common Stock",Technology,Software - Application,USA
KNX,Knight-Swift Transportation Holdings Inc.,Industrials,Trucking,USA
EG,"Everest Group, Ltd. Common Stock",Financial,Insurance - Reinsurance,Bermuda
UDR,"UDR, Inc. Common Stock",Real Estate,REIT - Residential,USA
APLD,Applied Digital Corporation Common Stock,Technology,Information Technology Services,USA
PEN,"Penumbra, Inc. Common Stock",Healthcare,Medical Devices,USA
DT,"Dynatrace, Inc. Common Stock",Technology,Software - Application,USA
DKNG,DraftKings Inc. Class A Common Stock,Consumer Cyclical,Gambling,USA
SAIA,"Saia, Inc. Common Stock",Industrials,Trucking,USA
MKC,"McCormick & Company, Incorporated Common Stock",Consumer Defensive,Packaged Foods,USA
IVZ,Invesco Ltd Common Stock,Financial,Asset Management,USA
AIZ,"Assurant, Inc. Common Stock",Financial,Insurance - Property & Casualty,USA
DRS,"Leonardo DRS, Inc. Common Stock",Industrials,Aerospace & Defense,USA
VIAV,Viavi Solutions Inc. Common Stock,Technology,Communication Equipment,USA
IONS,"Ionis Pharmaceuticals, Inc. Common Stock",Healthcare,Biotechnology,USA
FNF,"Fidelity National Financial, Inc. Common Stock",Financial,Insurance - Specialty,USA
ELAN,Elanco Animal Health Incorporated Common Stock,Healthcare,Drug Manufacturers - Specialty & Generic,USA
DVA,DaVita Inc. Common Stock,Healthcare,Medical Care Facilities,USA
GGG,Graco Inc. Common Stock,Industrials,Specialty Industrial Machinery,USA
SWK,"Stanley Black & Decker, Inc. Common Stock",Industrials,Tools & Accessories,USA
KLAR,Klarna Group plc Ordinary Shares,Financial,Credit Services,United Kingdom
MGM,MGM Resorts International Common Stock,Consumer Cyclical,Resorts & Casinos,USA
FMS,Fresenius Medical Care AG American Depositary Shares (Each representing 1/2 of an Ordinary Share),Healthcare,Medical Care Facilities,Germany
AEIS,"Advanced Energy Industries, Inc. Common Stock",Industrials,Electrical Equipment & Parts,USA
NYT,New York Times Company (The) Common Stock,Communication Services,Publishing,USA
PNW,Pinnacle West Capital Corporation Common Stock,Utilities,Utilities - Regulated Electric,USA
LFUS,"Littelfuse, Inc. Common Stock",Technology,Electronic Components,USA
PAC,"Grupo Aeroportuario Del Pacifico, S.A. B. de C.V. Grupo Aeroportuario Del Pacifico, S.A. de C.V. (each representing 10 Series B shares)",Industrials,Airports & Air Services,Mexico
COO,"The Cooper Companies, Inc. Common Stock",Healthcare,Medical Instruments & Supplies,USA
PINS,"Pinterest, Inc. Class A Common Stock",Communication Services,Internet Content & Information,USA
CRBG,Corebridge Financial Inc. Common Stock,Financial,Asset Management,USA
ALGN,"Align Technology, Inc. Common Stock",Healthcare,Medical Instruments & Supplies,USA
SWKS,"Skyworks Solutions, Inc. Common Stock",Technology,Semiconductors,USA
ELS,"Equity Lifestyle Properties, Inc. Common Stock",Real Estate,REIT - Residential,USA
GL,Globe Life Inc. Common Stock,Financial,Insurance - Life,USA
HBM,Hudbay Minerals Inc. Ordinary Shares (Canada),Basic Materials,Copper,Canada
PSKY,Paramount Skydance Corporation Class B Common Stock,Communication Services,Entertainment,USA
HAS,"Hasbro, Inc. Common Stock",Consumer Cyclical,Leisure,USA
AXSM,"Axsome Therapeutics, Inc. Common Stock",Healthcare,Biotechnology,USA
FIG,"Figma, Inc. Class A Common Stock",Technology,Software - Application,USA
KTOS,"Kratos Defense & Security Solutions, Inc. Common Stock",Industrials,Aerospace & Defense,USA
AMH,American Homes 4 Rent Common Shares of Beneficial Interest,Real Estate,REIT - Residential,USA
SPXC,"SPX Technologies, Inc. Common Stock",Industrials,Building Products & Equipment,USA
RNR,RenaissanceRe Holdings Ltd. Common Stock,Financial,Insurance - Reinsurance,Bermuda
AGNC,AGNC Investment Corp. Common Stock,Real Estate,REIT - Mortgage,USA
WBS,Webster Financial Corporation Common Stock,Financial,Banks - Regional,USA
PNR,Pentair plc. Ordinary Share,Industrials,Specialty Industrial Machinery,United Kingdom
QXO,"QXO, Inc. Common Stock",Industrials,Industrial Distribution,USA
AAON,"AAON, Inc. Common Stock",Industrials,Building Products & Equipment,USA
CACI,"CACI International, Inc. Class A Common Stock",Technology,Information Technology Services,USA
AVY,Avery Dennison Corporation Common Stock,Consumer Cyclical,Packaging & Containers,USA
ICLR,ICON plc Ordinary Shares,Healthcare,Diagnostics & Research,Ireland
ZBRA,Zebra Technologies Corporation Class A Common Stock,Technology,Communication Equipment,USA
MP,MP Materials Corp. Common Stock,Basic Materials,Other Industrial Metals & Mining,USA
BIPJ,Brookfield Infrastructure Corporation 7.250% Subordinated Notes due 2084,,,USA
HII,"Huntington Ingalls Industries, Inc. Common Stock",Industrials,Aerospace & Defense,USA
AIT,"Applied Industrial Technologies, Inc. Common Stock",Industrials,Industrial Distribution,USA
SMMT,Summit Therapeutics Inc. Common Stock ,Healthcare,Biotechnology,USA
FHN,First Horizon Corporation Common Stock,Financial,Banks - Regional,USA
AR,Antero Resources Corporation Common Stock,Energy,Oil & Gas E&P,USA
ARW,"Arrow Electronics, Inc. Common Stock",Technology,Electronics & Computer Distribution,USA
BLD,TopBuild Corp. Common Stock,Industrials,Engineering & Construction,USA
RVTY,"Revvity, Inc. Common Stock",Healthcare,Diagnostics & Research,USA
CNA,CNA Financial Corporation Common Stock,Financial,Insurance - Property & Casualty,USA
OKLO,Oklo Inc. Class A common stock,Utilities,Utilities - Independent Power Producers,USA
MDGL,"Madrigal Pharmaceuticals, Inc. Common Stock",Healthcare,Biotechnology,USA
COKE,"Coca-Cola Consolidated, Inc. Common Stock",Consumer Defensive,Beverages - Non-Alcoholic,USA
EQH,"Equitable Holdings, Inc. Common Stock",Financial,Asset Management,USA
JEF,Jefferies Financial Group Inc. Common Stock,Financial,Capital Markets,USA
BJ,"BJ's Wholesale Club Holdings, Inc. Common Stock",Consumer Defensive,Discount Stores,USA
HL,Hecla Mining Company Common Stock,Basic Materials,Other Precious Metals & Mining,USA
HUBS,"HubSpot, Inc. Common Stock",Technology,Software - Application,USA
PAG,"Penske Automotive Group, Inc. Common Stock",Consumer Cyclical,Auto & Truck Dealerships,USA
CPT,Camden Property Trust Common Stock,Real Estate,REIT - Residential,USA
GDDY,GoDaddy Inc. Class A Common Stock,Technology,Software - Infrastructure,USA
ALLE,Allegion plc Ordinary Shares,Industrials,Security & Protection Services,Ireland
BTSG,"BrightSpring Health Services, Inc. Common Stock",Healthcare,Health Information Services,USA
GLXY,Galaxy Digital Inc. Class A Common Stock,Financial,Capital Markets,USA
RDY,Dr. Reddy's Laboratories Ltd Common Stock,Healthcare,Drug Manufacturers - Specialty & Generic,India
IT,"Gartner, Inc. Common Stock",Technology,Information Technology Services,USA
FRVO,Fervo Energy Company Class A common stock,Utilities,Utilities - Renewable,USA
HMY,Harmony Gold Mining Company Limited,Basic Materials,Gold,South Africa
RGC,Regencell Bioscience Holdings Limited Ordinary Shares,Healthcare,Drug Manufacturers - Specialty & Generic,Hong Kong
JOBY,"Joby Aviation, Inc. Common Stock",Industrials,Airports & Air Services,USA
SF,Stifel Financial Corporation Common Stock,Financial,Capital Markets,USA
POWL,"Powell Industries, Inc. Common Stock",Industrials,Electrical Equipment & Parts,USA
WLK,Westlake Corporation Common Stock,Basic Materials,Specialty Chemicals,USA
BMRN,BioMarin Pharmaceutical Inc. Common Stock,Healthcare,Biotechnology,USA
CR,Crane Company Common Stock,Industrials,Specialty Industrial Machinery,USA
GMED,"Globus Medical, Inc. Class A Common Stock",Healthcare,Medical Devices,USA
CLX,Clorox Company (The) Common Stock,Consumer Defensive,Household & Personal Products,USA
SJM,The J.M. Smucker Company Common Stock,Consumer Defensive,Packaged Foods,USA
CGNX,Cognex Corporation Common Stock,Technology,Scientific & Technical Instruments,USA
WYNN,"Wynn Resorts, Limited Common stock",Consumer Cyclical,Resorts & Casinos,USA
GIL,"Gildan Activewear, Inc. Class A Sub. Vot. Common Stock",Consumer Cyclical,Apparel Manufacturing,Canada
AFG,"American Financial Group, Inc. Common Stock",Financial,Insurance - Property & Casualty,USA
SEIC,SEI Investments Company Common Stock,Financial,Asset Management,USA
GSAT,"Globalstar, Inc. Common Stock",Communication Services,Telecom Services,USA
FIVE,"Five Below, Inc. Common Stock",Consumer Cyclical,Specialty Retail,USA
TXRH,"Texas Roadhouse, Inc. Common Stock",Consumer Cyclical,Restaurants,USA
ARWR,"Arrowhead Pharmaceuticals, Inc. Common Stock",Healthcare,Biotechnology,USA
VMI,"Valmont Industries, Inc. Common Stock",Industrials,Conglomerates,USA
SAIL,"SailPoint, Inc. Common Stock",Technology,Software - Infrastructure,USA
WTS,"Watts Water Technologies, Inc. Class A Common Stock",Industrials,Specialty Industrial Machinery,USA
AES,The AES Corporation Common Stock,Utilities,Utilities - Diversified,USA
TIMB,TIM S.A. American Depositary Shares (Each representing 5 Common Shares) ,Communication Services,Telecom Services,Brazil
CIFR,Cipher Digital Inc. Common Stock,Technology,Information Technology Services,USA
FRT,Federal Realty Investment Trust Common Stock,Real Estate,REIT - Retail,USA
FROG,JFrog Ltd. Ordinary Shares,Technology,Software - Application,USA
MICC,The Magnum Ice Cream Company N.V. Ordinary Shares,Consumer Defensive,Packaged Foods,Netherlands
WTRG,"Essential Utilities, Inc. Common Stock",Utilities,Utilities - Regulated Water,USA
SFD,"Smithfield Foods, Inc. Common Stock",Consumer Defensive,Packaged Foods,USA
CCK,"Crown Holdings, Inc.",Consumer Cyclical,Packaging & Containers,USA
RIOT,"Riot Platforms, Inc. Common Stock ",Financial,Capital Markets,USA
WTFC,Wintrust Financial Corporation Common Stock,Financial,Banks - Regional,USA
R,"Ryder System, Inc. Common Stock",Industrials,Rental & Leasing Services,USA
AM,Antero Midstream Corporation Common Stock,Energy,Oil & Gas Midstream,USA
ESI,Element Solutions Inc. Common Stock,Basic Materials,Specialty Chemicals,USA
DPZ,Domino's Pizza Inc Common Stock,Consumer Cyclical,Restaurants,USA
EMBJ,Embraer S.A. Common Stock,Industrials,Aerospace & Defense,Brazil
AVAV,"AeroVironment, Inc. Common Stock",Industrials,Aerospace & Defense,USA
LUMN,"Lumen Technologies, Inc. Common Stock",Communication Services,Telecom Services,USA
BMNR,"BitMine Immersion Technologies, Inc. Common Stock",Financial,Capital Markets,USA
CNM,"Core & Main, Inc. Class A Common Stock",Industrials,Industrial Distribution,USA
SUZ,Suzano S.A. American Depositary Shares (each representing One Ordinary Share),Basic Materials,Paper & Paper Products,Brazil
PODD,Insulet Corporation Common Stock,Healthcare,Medical Devices,USA
ERIE,Erie Indemnity Company Class A Common Stock,Financial,Insurance Brokers,USA
QBTS,D-Wave Quantum Inc. Common Shares,Technology,Computer Hardware,USA
SNAP,Snap Inc. Class A Common Stock,Communication Services,Internet Content & Information,USA
WMS,"Advanced Drainage Systems, Inc. Common Stock",Industrials,Building Products & Equipment,USA
MOH,Molina Healthcare Inc Common Stock,Healthcare,Healthcare Plans,USA
BSY,"Bentley Systems, Incorporated Class B Common Stock",Technology,Software - Application,USA
PAYP,PayPay Corporation American Depository Shares,Technology,Software - Infrastructure,Japan
BAX,Baxter International Inc. Common Stock,Healthcare,Medical Instruments & Supplies,USA
GME,GameStop Corporation Common Stock,Consumer Cyclical,Specialty Retail,USA
SIMO,Silicon Motion Technology Corporation American Depositary Shares,Technology,Semiconductors,Hong Kong
ALGM,"Allegro MicroSystems, Inc. Common Stock",Technology,Semiconductors,USA
DOCU,"DocuSign, Inc. Common Stock",Technology,Software - Application,USA
IAG,Iamgold Corporation Ordinary Shares,Basic Materials,Gold,Canada
MUSA,Murphy USA Inc. Common Stock,Consumer Cyclical,Specialty Retail,USA
VSAT,"ViaSat, Inc. Common Stock",Technology,Communication Equipment,USA
GTLS,"Chart Industries, Inc. Common Stock",Industrials,Specialty Industrial Machinery,USA
EHC,Encompass Health Corporation Common Stock,Healthcare,Medical Care Facilities,USA
BXP,"BXP, Inc. Common Stock",Real Estate,REIT - Office,USA
TTD,"The Trade Desk, Inc. Class A Common Stock",Communication Services,Advertising Agencies,USA
FORM,"FormFactor, Inc. FormFactor, Inc. Common Stock",Technology,Semiconductor Equipment & Materials,USA
BPOP,"Popular, Inc. Common Stock",Financial,Banks - Regional,USA
TX,"Ternium S.A. Ternium S.A. American Depositary Shares (each representing ten shares, USD1.00 par value)",Basic Materials,Steel,Luxembourg
LINE,"Lineage, Inc. Common Stock",Real Estate,REIT - Industrial,USA
ALSN,"Allison Transmission Holdings, Inc. Common Stock",Consumer Cyclical,Auto Parts,USA
UMBF,UMB Financial Corporation Common Stock,Financial,Banks - Regional,USA
BROS,Dutch Bros Inc. Class A Common Stock,Consumer Cyclical,Restaurants,USA
AG,First Majestic Silver Corp. Ordinary Shares (Canada),Basic Materials,Silver,Canada
FRHC,Freedom Holding Corp. Common Stock,Financial,Financial Conglomerates,Kazakhstan
ALV,"Autoliv, Inc. Common Stock",Consumer Cyclical,Auto Parts,Sweden
HLI,"Houlihan Lokey, Inc. Class A Common Stock",Financial,Capital Markets,USA
FCFS,"FirstCash Holdings, Inc. Common Stock",Financial,Credit Services,USA
CART,Maplebear Inc. Common Stock,Consumer Cyclical,Internet Retail,USA
DCI,"Donaldson Company, Inc. Common Stock",Industrials,Specialty Industrial Machinery,USA
PSO,"Pearson, Plc Common Stock",Communication Services,Publishing,United Kingdom
OGE,OGE Energy Corp Common Stock,Utilities,Utilities - Regulated Electric,USA
OC,Owens Corning Inc Common Stock New,Industrials,Building Products & Equipment,USA
DAR,Darling Ingredients Inc. Common Stock,Consumer Defensive,Packaged Foods,USA
ONBPO,"Old National Bancorp Depositary Shares, Each Representing a 1/40th Interest in a Share of Series C Preferred Stock",,,USA
FLS,Flowserve Corporation Common Stock,Industrials,Specialty Industrial Machinery,USA
SCI,Service Corporation International Common Stock,Consumer Cyclical,Personal Services,USA
AGX,"Argan, Inc. Common Stock",Industrials,Engineering & Construction,USA
ONBPP,"Old National Bancorp Depositary Shares, Each Representing a 1/40th Interest in a Share of Series A Preferred Stock",,,USA
LGN,Legence Corp. Class A Common stock,Industrials,Engineering & Construction,USA
ENSG,"The Ensign Group, Inc. Common Stock",Healthcare,Medical Care Facilities,USA
DDS,"Dillard's, Inc. Common Stock",Consumer Cyclical,Department Stores,USA
BAH,Booz Allen Hamilton Holding Corporation Common Stock,Industrials,Consulting Services,USA
W,Wayfair Inc. Class A Common Stock,Consumer Cyclical,Internet Retail,USA
RRC,Range Resources Corporation Common Stock,Energy,Oil & Gas E&P,USA
EMP,"Entergy Mississippi, LLC First Mortgage Bonds, 4.90% Series Due October 1, 2066",,,USA
TEM,"Tempus AI, Inc. Class A Common Stock",Healthcare,Health Information Services,USA
MASI,Masimo Corporation Common Stock,Healthcare,Medical Devices,USA
SIRI,SiriusXM Holdings Inc. Common Stock,Communication Services,Entertainment,USA
XE,"X-Energy, Inc. Class A Common Stock",Industrials,Specialty Industrial Machinery,USA
ACM,AECOM Common Stock,Industrials,Engineering & Construction,USA
AYI,Acuity Inc. Common Stock,Industrials,Electrical Equipment & Parts,USA
BRX,Brixmor Property Group Inc. Common Stock,Real Estate,REIT - Retail,USA
GGB,Gerdau S.A. Common Stock,Basic Materials,Steel,Brazil
BRKR,Bruker Corporation Common Stock,Healthcare,Medical Devices,USA
FDS,FactSet Research Systems Inc. Common Stock,Financial,Financial Data & Stock Exchanges,USA
TKR,Timken Company (The) Common Stock,Industrials,Tools & Accessories,USA
JKHY,"Jack Henry & Associates, Inc. Common Stock",Technology,Information Technology Services,USA
ZION,Zions Bancorporation N.A. Common Stock,Financial,Banks - Regional,USA
MSGS,Madison Square Garden Sports Corp. Class A Common Stock (New),Communication Services,Entertainment,USA
SSB,SouthState Bank Corporation Common Stock,Financial,Banks - Regional,USA
ONB,Old National Bancorp Common Stock,Financial,Banks - Regional,USA
ARE,"Alexandria Real Estate Equities, Inc. Common Stock",Real Estate,REIT - Office,USA
EAI,"Entergy Arkansas, LLC First Mortgage Bonds, 4.875% Series Due September 1, 2066",,,USA
CIB,Grupo Cibest S.A. American Depositary Shares each representing four Preferred Shares,Financial,Banks - Regional,Colombia
YMM,Full Truck Alliance Co. Ltd. American Depositary Shares (each representing 20 Class A Ordinary Shares),Technology,Software - Application,China
ENJ,"Entergy New Orleans, LLC First Mortgage Bonds, 5.0% Series due December 1, 2052",,,USA
QRVO,"Qorvo, Inc. Common Stock",Technology,Semiconductors,USA
EQX,Equinox Gold Corp. Common Shares,Basic Materials,Gold,Canada
KRYS,"Krystal Biotech, Inc. Common Stock",Healthcare,Biotechnology,USA
CUBE,CubeSmart Common Shares,Real Estate,REIT - Industrial,USA
SNEX,StoneX Group Inc. Common Stock,Financial,Capital Markets,USA
ORI,Old Republic International Corporation Common Stock,Financial,Insurance - Property & Casualty,USA
ENPH,"Enphase Energy, Inc. Common Stock",Technology,Solar,USA
CYTK,"Cytokinetics, Incorporated Common Stock",Healthcare,Biotechnology,USA
CRL,"Charles River Laboratories International, Inc. Common Stock",Healthcare,Diagnostics & Research,USA
AHR,"American Healthcare REIT, Inc. Common Stock",Real Estate,REIT - Healthcare Facilities,USA
MANH,"Manhattan Associates, Inc. Common Stock",Technology,Software - Application,USA
CORZZ,"Core Scientific, Inc. Tranche 2 Warrants",,,USA
CRUS,"Cirrus Logic, Inc. Common Stock",Technology,Semiconductors,USA
MBLY,Mobileye Global Inc. Class A Common Stock,Consumer Cyclical,Auto Parts,Israel
CORZ,"Core Scientific, Inc. Common Stock",Technology,Software - Infrastructure,USA
CTRE,"CareTrust REIT, Inc. Common Stock",Real Estate,REIT - Healthcare Facilities,USA
AMG,"Affiliated Managers Group, Inc. Common Stock",Financial,Asset Management,USA
WAL,Western Alliance Bancorporation Common Stock (DE),Financial,Banks - Regional,USA
AAL,American Airlines Group Inc. Common Stock,Industrials,Airlines,USA
ASR,"Grupo Aeroportuario del Sureste, S.A. de C.V. Common Stock",Industrials,Airports & Air Services,Mexico
NCLH,Norwegian Cruise Line Holdings Ltd. Ordinary Shares,Consumer Cyclical,Travel Services,USA
KT,KT Corporation Common Stock,Communication Services,Telecom Services,South Korea
ORA,"Ormat Technologies, Inc. Common Stock",Utilities,Utilities - Renewable,USA
BVN,Buenaventura Mining Company Inc.,Basic Materials,Other Precious Metals & Mining,Peru
ENS,EnerSys Common Stock,Industrials,Electrical Equipment & Parts,USA
HSIC,"Henry Schein, Inc. Common Stock",Healthcare,Medical Distribution,USA
AGCO,AGCO Corporation Common Stock,Industrials,Farm & Heavy Construction Machinery,USA
ADC,Agree Realty Corporation Common Stock,Real Estate,REIT - Retail,USA
VSH,"Vishay Intertechnology, Inc. Common Stock",Technology,Semiconductors,USA
LEVI,Levi Strauss & Co Class A Common Stock,Consumer Cyclical,Apparel Manufacturing,USA
CFR,"Cullen/Frost Bankers, Inc. Common Stock",Financial,Banks - Regional,USA
UHS,"Universal Health Services, Inc. Common Stock",Healthcare,Medical Care Facilities,USA
SSL,Sasol Ltd. American Depositary Shares,Basic Materials,Specialty Chemicals,South Africa
TTC,Toro Company (The) Common Stock,Industrials,Tools & Accessories,USA
STN,Stantec Inc Common Stock,Industrials,Engineering & Construction,Canada
COLB,"Columbia Banking System, Inc. Common Stock",Financial,Banks - Regional,USA
ELPC,Companhia Paranaense de Energia (COPEL) American Depositary Shares (each representing four (4) Common Shares),Utilities,Utilities - Diversified,Brazil
CHWY,"Chewy, Inc. Class A Common Stock",Consumer Cyclical,Internet Retail,USA
SARO,"StandardAero, Inc. Common Stock",Industrials,Aerospace & Defense,USA
HALO,"Halozyme Therapeutics, Inc. Common Stock",Healthcare,Biotechnology,USA
TPGXL,"TPG Operating Group II, L.P. 6.950% Fixed-Rate Junior Subordinated Notes due 2064",,,USA
CMC,Commercial Metals Company Common Stock,Industrials,Metal Fabrication,USA
MXL,"MaxLinear, Inc. Common Stock",Technology,Semiconductors,USA
CAMT,Camtek Ltd. Ordinary Shares,Technology,Semiconductor Equipment & Materials,Israel
LLYVK,"Liberty Live Holdings, Inc. Series C Liberty Live Group Common Stock",Communication Services,Entertainment,USA
RYAN,"Ryan Specialty Holdings, Inc. Class A Common Stock",Financial,Insurance - Specialty,USA
NNN,"NNN REIT, Inc. Common Stock",Real Estate,REIT - Retail,USA
CAVA,"CAVA Group, Inc. Common Stock",Consumer Cyclical,Restaurants,USA
PRMB,Primo Brands Corporation Class A Common Stock,Consumer Defensive,Beverages - Non-Alcoholic,USA
TECH,Bio-Techne Corp Common Stock,Healthcare,Biotechnology,USA
ABVX,Abivax SA American Depositary Shares,Healthcare,Biotechnology,France
OSK,Oshkosh Corporation (Holding Company)Common Stock,Industrials,Farm & Heavy Construction Machinery,USA
EMN,Eastman Chemical Company Common Stock,Basic Materials,Specialty Chemicals,USA
ZG,"Zillow Group, Inc. Class A Common Stock",Communication Services,Internet Content & Information,USA
CLF,Cleveland-Cliffs Inc. Common Stock,Basic Materials,Steel,USA
BIO,"Bio-Rad Laboratories, Inc. Class A Common Stock",Healthcare,Medical Devices,USA
Z,"Zillow Group, Inc. Class C Capital Stock",Communication Services,Internet Content & Information,USA
CAE,CAE Inc. Ordinary Shares,Industrials,Aerospace & Defense,Canada
FR,"First Industrial Realty Trust, Inc. Common Stock",Real Estate,REIT - Industrial,USA
LLYVA,"Liberty Live Holdings, Inc. Series A Liberty Live Group Common Stock",Communication Services,Entertainment,USA
RIG,Transocean Ltd (Switzerland) Common Stock,Energy,Oil & Gas Drilling,Switzerland
SM,SM Energy Company Common Stock,Energy,Oil & Gas E&P,USA
MTCH,"Match Group, Inc. Common Stock",Communication Services,Internet Content & Information,USA
XP,XP Inc. Class A Common Stock,Financial,Capital Markets,Brazil
PRI,"Primerica, Inc. Common Stock",Financial,Insurance - Life,USA
BLDR,"Builders FirstSource, Inc. Common Stock",Industrials,Building Products & Equipment,USA
CORT,Corcept Therapeutics Incorporated Common Stock,Healthcare,Biotechnology,USA
RGTI,"Rigetti Computing, Inc. Common Stock",Technology,Computer Hardware,USA
PRH,"Prudential Financial, Inc. 5.950% Junior Subordinated Notes due 2062",,,USA
VIRT,"Virtu Financial, Inc. Class A Common Stock",Financial,Capital Markets,USA
VIST,"Vista Energy S.A.B. de C.V. American Depositary Shares, each representing one series A share, with no par value",Energy,Oil & Gas E&P,Mexico
JHG,Janus Henderson Group plc Ordinary Shares,Financial,Asset Management,United Kingdom
ZWS,Zurn Elkay Water Solutions Corporation Common Stock,Industrials,Pollution & Treatment Controls,USA
BIRK,Birkenstock Holding plc Ordinary Shares,Consumer Cyclical,Footwear & Accessories,United Kingdom
SBSW,D/B/A Sibanye-Stillwater Limited ADS,Basic Materials,Other Precious Metals & Mining,South Africa
ECG,"Everus Construction Group, Inc. Common Stock",Industrials,Engineering & Construction,USA
CHRD,Chord Energy Corporation Common Stock,Energy,Oil & Gas E&P,USA
AOS,A.O. Smith Corporation Common Stock,Industrials,Specialty Industrial Machinery,USA
ACI,"Albertsons Companies, Inc. Class A Common Stock",Consumer Defensive,Grocery Stores,USA
BOKF,BOK Financial Corporation Common Stock,Financial,Banks - Regional,USA
GGAL,Grupo Financiero Galicia S.A. American Depositary Shares,Financial,Banks - Regional,Argentina
SOBO,South Bow Corporation Common Shares,Energy,Oil & Gas Midstream,Canada
PRS,"Prudential Financial, Inc. 5.625% Junior Subordinated Notes due 2058",,,USA
VFS,VinFast Auto Ltd. Ordinary Shares,Consumer Cyclical,Auto Manufacturers,Vietnam
GAP,"Gap, Inc. (The) Common Stock",Consumer Cyclical,Apparel Retail,USA
QGEN,Qiagen N.V. Common Shares,Healthcare,Diagnostics & Research,Netherlands
REXR,"Rexford Industrial Realty, Inc. Common Stock",Real Estate,REIT - Industrial,USA
NOV,NOV Inc. Common Stock,Energy,Oil & Gas Equipment & Services,USA
SSD,"Simpson Manufacturing Company, Inc. Common Stock",Basic Materials,Lumber & Wood Production,USA
IDA,"IDACORP, Inc. Common Stock",Utilities,Utilities - Regulated Electric,USA
ST,Sensata Technologies Holding plc Ordinary Shares,Technology,Scientific & Technical Instruments,USA
PCOR,"Procore Technologies, Inc. Common Stock",Technology,Software - Application,USA
CBSH,"Commerce Bancshares, Inc. Common Stock",Financial,Banks - Regional,USA
VLY,Valley National Bancorp Common Stock,Financial,Banks - Regional,USA
KEX,Kirby Corporation Common Stock,Industrials,Marine Shipping,USA
IBRX,"ImmunityBio, Inc. Common Stock",Healthcare,Biotechnology,USA
VOYA,"Voya Financial, Inc. Common Stock",Financial,Financial Conglomerates,USA
PLXS,Plexus Corp. Common Stock,Technology,Electronic Components,USA
FRO,Frontline Plc Ordinary Shares,Energy,Oil & Gas Midstream,Cyprus
ICL,ICL Group Ltd. Ordinary Shares,Basic Materials,Agricultural Inputs,Israel
BIPH,Brookfield Infrastructure Corporation 5.000% Subordinated Notes due 2081,,,USA
ESE,ESCO Technologies Inc. Common Stock,Technology,Scientific & Technical Instruments,USA
NXE,Nexgen Energy Ltd. Common Shares,Energy,Uranium,Canada
SFM,"Sprouts Farmers Market, Inc. Common Stock",Consumer Defensive,Grocery Stores,USA
BILI,Bilibili Inc. American Depositary Shares,Communication Services,Internet Content & Information,China
RTO,Rentokil Initial plc American Depositary Shares (each representing five (5) Ordinary Shares),Industrials,Specialty Business Services,United Kingdom
WFRD,Weatherford International plc Ordinary Shares,Energy,Oil & Gas Equipment & Services,USA
LSTR,"Landstar System, Inc. Common Stock",Industrials,Integrated Freight & Logistics,USA
NE,Noble Corporation plc A Ordinary Shares,Energy,Oil & Gas Drilling,USA
KNTK,Kinetik Holdings Inc. Class A Common Stock,Energy,Oil & Gas Midstream,USA
NUVL,"Nuvalent, Inc. Class A Common Stock",Healthcare,Biotechnology,USA
JXN,Jackson Financial Inc. Class A Common Stock ,Financial,Insurance - Life,USA
RHP,"Ryman Hospitality Properties, Inc. (REIT)",Real Estate,REIT - Hotel & Motel,USA
PRAX,"Praxis Precision Medicines, Inc. Common Stock",Healthcare,Biotechnology,USA
UGI,UGI Corporation Common Stock,Utilities,Utilities - Regulated Gas,USA
NFG,National Fuel Gas Company Common Stock,Energy,Oil & Gas Integrated,USA
NEU,NewMarket Corp Common Stock,Basic Materials,Specialty Chemicals,USA
LUNR,"Intuitive Machines, Inc. Class A Common Stock",Industrials,Aerospace & Defense,USA
BEPJ,Brookfield BRP Holdings (Canada) Inc. 7.250% Perpetual Subordinated Notes,,,USA
YOU,"Clear Secure, Inc. Class A Common Stock",Technology,Software - Application,USA
MOS,Mosaic Company (The) Common Stock,Basic Materials,Agricultural Inputs,USA
CWAN,"Clearwater Analytics Holdings, Inc. Class A Common Stock",Technology,Software - Application,USA
GJS,"Goldman Sachs Group Securities STRATS Trust for Goldman Sachs Group Securities, Series 2006-2",,,USA
GDS,GDS Holdings Limited ADS,Technology,Information Technology Services,China
TTEK,"Tetra Tech, Inc. Common Stock",Industrials,Engineering & Construction,USA
LTH,"Life Time Group Holdings, Inc. Common Stock",Consumer Cyclical,Leisure,USA
ALKS,Alkermes plc Ordinary Shares,Healthcare,Drug Manufacturers - Specialty & Generic,Ireland
AVT,"Avnet, Inc. Common Stock",Technology,Electronics & Computer Distribution,USA
SLAB,"Silicon Laboratories, Inc. Common Stock",Technology,Semiconductors,USA
MWH,"SOLV Energy, Inc. Class A Common Stock",Utilities,Utilities - Renewable,USA
LEA,Lear Corporation Common Stock,Consumer Cyclical,Auto Parts,USA
KRMN,Karman Holdings Inc. Common Stock,Industrials,Aerospace & Defense,USA
TAP,Molson Coors Beverage Company Class B Common Stock,Consumer Defensive,Beverages - Brewers,USA
HQY,"HealthEquity, Inc. Common Stock",Healthcare,Health Information Services,USA
ATR,"AptarGroup, Inc. Common Stock",Healthcare,Medical Instruments & Supplies,USA
NVTS,Navitas Semiconductor Corporation Common Stock,Technology,Semiconductors,USA
TEX,Terex Corporation Common Stock,Industrials,Farm & Heavy Construction Machinery,USA
GKOS,Glaukos Corporation Common Stock,Healthcare,Medical Devices,USA
RGEN,Repligen Corporation Common Stock,Healthcare,Medical Instruments & Supplies,USA
INGM,Ingram Micro Holding Corporation Common Stock,Technology,Information Technology Services,USA
OSCR,"Oscar Health, Inc. Class A Common Stock",Healthcare,Healthcare Plans,USA
CELH,"Celsius Holdings, Inc. Common Stock",Consumer Defensive,Beverages - Non-Alcoholic,USA
TTAN,"ServiceTitan, Inc. Class A Common Stock",Technology,Software - Application,USA
STAG,"Stag Industrial, Inc. Common Stock",Real Estate,REIT - Industrial,USA
MRCY,Mercury Systems Inc Common Stock,Industrials,Aerospace & Defense,USA
SATA,"Strive, Inc. Variable Rate Series A Perpetual Preferred Stock",Financial,Asset Management,USA
MIDD,Middleby Corporation (The) Common Stock,Industrials,Specialty Industrial Machinery,USA
PCVX,"Vaxcyte, Inc. Common Stock",Healthcare,Biotechnology,USA
FLR,Fluor Corporation Common Stock,Industrials,Engineering & Construction,USA
AXS,Axis Capital Holdings Limited Common Stock,Financial,Insurance - Specialty,Bermuda
MYRG,"MYR Group, Inc. Common Stock",Industrials,Engineering & Construction,USA
MORN,"Morningstar, Inc. Common Stock",Financial,Financial Data & Stock Exchanges,USA
RAL,Ralliant Corporation Common Stock,Technology,Electronic Components,USA
AXTI,AXT Inc Common Stock,Technology,Semiconductor Equipment & Materials,USA
PB,"Prosperity Bancshares, Inc. Common Stock",Financial,Banks - Regional,USA
UEC,Uranium Energy Corp. Common Stock,Energy,Uranium,USA
PRIM,Primoris Services Corporation Common Stock,Industrials,Engineering & Construction,USA
MTDR,Matador Resources Company Common Stock,Energy,Oil & Gas E&P,USA
CHYM,"Chime Financial, Inc. Class A Common Stock",Technology,Software - Application,USA
FIGR,"Figure Technology Solutions, Inc. Class A Common Stock",Financial,Capital Markets,USA
PPC,Pilgrim's Pride Corporation Common Stock,Consumer Defensive,Packaged Foods,USA
BBUC,Brookfield Business Corporation Class A Subordinate Voting Shares,Industrials,Conglomerates,USA
TRNO,Terreno Realty Corporation Common Stock,Real Estate,REIT - Industrial,USA
APGE,"Apogee Therapeutics, Inc. Common Stock",Healthcare,Biotechnology,USA
ACGLO,"Arch Capital Group Ltd. Depositary Shares Each Representing 1/1,000th Interest in a Share of 5.45% Non-Cumulative Preferred Shares, Series F",,,USA
KNSL,"Kinsale Capital Group, Inc. Common Stock",Financial,Insurance - Property & Casualty,USA
SYRE,"Spyre Therapeutics, Inc. Common Stock",Healthcare,Biotechnology,USA
AXTA,Axalta Coating Systems Ltd. Common Shares,Basic Materials,Specialty Chemicals,USA
HR,Healthcare Realty Trust Incorporated Common Stock,Real Estate,REIT - Healthcare Facilities,USA
CMSD,CMS Energy Corporation 5.875% Junior Subordinated Notes due 2079,,,USA
OR,OR Royalties Inc. Common Shares,Basic Materials,Gold,Canada
CMSC,CMS Energy Corporation 5.875% Junior Subordinated Notes due 2078,,,USA
HXL,Hexcel Corporation Common Stock,Industrials,Aerospace & Defense,USA
IDCC,"InterDigital, Inc. Common Stock",Technology,Software - Application,USA
ESTC,Elastic N.V. Ordinary Shares,Technology,Software - Application,USA
CBC,"Central Bancompany, Inc. Class A Common Stock",Financial,Banks - Regional,USA
EXP,Eagle Materials Inc Common Stock,Basic Materials,Building Materials,USA
CORZW,"Core Scientific, Inc. Tranche 1 Warrants",,,USA
FAF,First American Corporation (New) Common Stock,Financial,Insurance - Specialty,USA
IMVT,"Immunovant, Inc. Common Stock",Healthcare,Biotechnology,USA
NPO,Enpro Inc. Common Stock,Industrials,Specialty Industrial Machinery,USA
DSGX,Descartes Systems Group Inc. (The) Common Stock,Technology,Software - Application,Canada
LNTH,"Lantheus Holdings, Inc. Common Stock",Healthcare,Drug Manufacturers - Specialty & Generic,USA
TMHC,Taylor Morrison Home Corporation Common Stock,Consumer Cyclical,Residential Construction,USA
POOL,Pool Corporation Common Stock,Industrials,Industrial Distribution,USA
KMX,CarMax Inc,Consumer Cyclical,Auto & Truck Dealerships,USA
VIPS,"Vipshop Holdings Limited American Depositary Shares, each representing two ordinary shares",Consumer Cyclical,Internet Retail,China
GTES,Gates Industrial Corporation plc Ordinary Shares,Industrials,Specialty Industrial Machinery,USA
LAD,"Lithia Motors, Inc. Common Stock",Consumer Cyclical,Auto & Truck Dealerships,USA
SGHC,Super Group (SGHC) Limited Ordinary Shares,Consumer Cyclical,Gambling,United Kingdom
FLY,Firefly Aerospace Inc. Common Stock,Industrials,Aerospace & Defense,USA
PTGX,"Protagonist Therapeutics, Inc. Common Stock",Healthcare,Biotechnology,USA
BZ,KANZHUN LIMITED American Depository Shares,Communication Services,Internet Content & Information,China
FSS,Federal Signal Corporation Common Stock,Industrials,Farm & Heavy Construction Machinery,USA
CENX,Century Aluminum Company Common Stock,Basic Materials,Aluminum,USA
BYD,Boyd Gaming Corporation Common Stock,Consumer Cyclical,Resorts & Casinos,USA
VNO,Vornado Realty Trust Common Stock,Real Estate,REIT - Office,USA
DOX,Amdocs Limited Ordinary Shares,Technology,Software - Infrastructure,USA
TXNM,"TXNM Energy, Inc. Common Stock",Utilities,Utilities - Regulated Electric,USA
THG,Hanover Insurance Group Inc,Financial,Insurance - Property & Casualty,USA
MSM,"MSC Industrial Direct Company, Inc. Common Stock",Industrials,Industrial Distribution,USA
PAYC,"Paycom Software, Inc. Common Stock",Technology,Software - Application,USA
JBTM,JBT Marel Corporation Common Stock,Industrials,Specialty Industrial Machinery,USA
AWI,Armstrong World Industries Inc Common Stock,Industrials,Building Products & Equipment,USA
LNC,Lincoln National Corporation Common Stock,Financial,Insurance - Life,USA
AVTR,"Avantor, Inc. Common Stock",Healthcare,Medical Instruments & Supplies,USA
SNDR,"Schneider National, Inc. Common Stock",Industrials,Trucking,USA
PSN,Parsons Corporation Common Stock,Technology,Information Technology Services,USA
JAN,"Janus Living, Inc. Class A-1 Common Stock",Real Estate,REIT - Residential,USA
HIMS,"Hims & Hers Health, Inc. Class A Common Stock",Healthcare,Drug Manufacturers - Specialty & Generic,USA
VFC,V.F. Corporation Common Stock,Consumer Cyclical,Apparel Manufacturing,USA
URBN,"Urban Outfitters, Inc. Common Stock",Consumer Cyclical,Apparel Retail,USA
LKQ,LKQ Corporation Common Stock,Consumer Cyclical,Auto Parts,USA
VAL,Valaris Limited Common Shares,Energy,Oil & Gas Drilling,Bermuda
CPB,The Campbell's Company Common Stock,Consumer Defensive,Packaged Foods,USA
FSV,FirstService Corporation Common Shares,Real Estate,Real Estate Services,Canada
EPRT,"Essential Properties Realty Trust, Inc. Common Stock",Real Estate,REIT - Retail,USA
MHK,"Mohawk Industries, Inc. Common Stock",Consumer Cyclical,"Furnishings, Fixtures & Appliances",USA
PJT,PJT Partners Inc. Class A Common Stock,Financial,Capital Markets,USA
OMF,"OneMain Holdings, Inc. Common Stock",Financial,Credit Services,USA
ROAD,"Construction Partners, Inc. Class A Common Stock",Industrials,Engineering & Construction,USA
SSRM,SSR Mining Inc. Common Stock,Basic Materials,Gold,USA
CMSA,CMS Energy Corporation 5.625% Junior Subordinated Notes due 2078,,,USA
ETSY,"Etsy, Inc. Common Stock",Consumer Cyclical,Internet Retail,USA
DBX,"Dropbox, Inc. Class A Common Stock",Technology,Software - Infrastructure,USA
OGC,OceanaGold Corporation Common Shares,Basic Materials,Gold,Canada
STWD,"STARWOOD PROPERTY TRUST, INC. Starwood Property Trust Inc.",Real Estate,REIT - Mortgage,USA
LEGN,Legend Biotech Corporation American Depositary Shares,Healthcare,Biotechnology,USA
RYN,Rayonier Inc. REIT Common Stock,Real Estate,REIT - Specialty,USA
SWX,"Southwest Gas Holdings, Inc. Common Stock (DE)",Utilities,Utilities - Regulated Gas,USA
AN,"AutoNation, Inc. Common Stock",Consumer Cyclical,Auto & Truck Dealerships,USA
TFPM,Triple Flag Precious Metals Corp. Common Shares,Basic Materials,Other Precious Metals & Mining,Canada
FNB,F.N.B. Corporation Common Stock,Financial,Banks - Regional,USA
INGR,Ingredion Incorporated Common Stock,Consumer Defensive,Packaged Foods,USA
CAR,"Avis Budget Group, Inc. Common Stock",Industrials,Rental & Leasing Services,USA
MSA,MSA Safety Incorporated Common Stock,Industrials,Security & Protection Services,USA
LILPV,Liberty Latin America Ltd. 9.0% Fixed Rate Cumulative Perpetual Redeemable Series A Preference Shares,,,USA
TGTX,"TG Therapeutics, Inc. Common Stock",Healthcare,Biotechnology,USA
GVA,Granite Construction Incorporated Common Stock,Industrials,Engineering & Construction,USA
CNTA,Centessa Pharmaceuticals plc American Depositary Shares,Healthcare,Biotechnology,United Kingdom
GTX,Garrett Motion Inc. Common Stock,Consumer Cyclical,Auto Parts,USA
GATX,GATX Corporation Common Stock,Industrials,Rental & Leasing Services,USA
GBCI,"Glacier Bancorp, Inc. Common Stock",Financial,Banks - Regional,USA
KYMR,"Kymera Therapeutics, Inc. Common Stock",Healthcare,Biotechnology,USA
BTG,B2Gold Corp Common shares (Canada),Basic Materials,Gold,Canada
RSI,"Rush Street Interactive, Inc. Class A Common Stock",Consumer Cyclical,Gambling,USA
AROC,"Archrock, Inc. Common Stock",Energy,Oil & Gas Equipment & Services,USA
ACA,"Arcosa, Inc. Common Stock ",Industrials,Engineering & Construction,USA
ONDS,Ondas Inc. Common Stock,Technology,Communication Equipment,USA
M,Macy's Inc Common Stock,Consumer Cyclical,Department Stores,USA
PATH,"UiPath, Inc. Class A Common Stock",Technology,Software - Infrastructure,USA
MAC,Macerich Company (The) Common Stock,Real Estate,REIT - Retail,USA
CAG,"ConAgra Brands, Inc. Common Stock",Consumer Defensive,Packaged Foods,USA
LOAR,Loar Holdings Inc. Common Stock,Industrials,Aerospace & Defense,USA
BB,BlackBerry Limited Common Stock,Technology,Software - Infrastructure,Canada
KGS,"Kodiak Gas Services, Inc. Common Stock",Energy,Oil & Gas Equipment & Services,USA
USAR,"USA Rare Earth, Inc. Class A Common Stock",Basic Materials,Other Industrial Metals & Mining,USA
CROX,"Crocs, Inc. Common Stock",Consumer Cyclical,Footwear & Accessories,USA
PCTY,Paylocity Holding Corporation Common Stock,Technology,Software - Application,USA
UBSI,"United Bankshares, Inc. Common Stock",Financial,Banks - Regional,USA
CIG,Comp En De Mn Cemig ADS American Depositary Shares,Utilities,Utilities - Regulated Electric,Brazil
CHDN,"Churchill Downs, Incorporated Common Stock",Consumer Cyclical,Gambling,USA
RYTM,"Rhythm Pharmaceuticals, Inc. Common Stock",Healthcare,Biotechnology,USA
ACMR,"ACM Research, Inc. Class A Common Stock",Technology,Semiconductor Equipment & Materials,USA
WH,"Wyndham Hotels & Resorts, Inc. Common Stock ",Consumer Cyclical,Lodging,USA
CZR,"Caesars Entertainment, Inc. Common Stock",Consumer Cyclical,Resorts & Casinos,USA
PACS,"PACS Group, Inc. Common Stock",Healthcare,Medical Care Facilities,USA
TAL,TAL Education Group American Depositary Shares,Consumer Defensive,Education & Training Services,China
OTEX,Open Text Corporation Common Shares,Technology,Software - Application,Canada
PEGA,Pegasystems Inc. Common Stock,Technology,Software - Application,USA
RRR,"Red Rock Resorts, Inc. Class A Common Stock",Consumer Cyclical,Resorts & Casinos,USA
CE,Celanese Corporation Common Stock,Basic Materials,Chemicals,USA
COMP,"Compass, Inc. Class A Common Stock",Real Estate,Real Estate Services,USA
FLG,"Flagstar Bank, N.A. Common Stock",Financial,Banks - Regional,USA
NOVT,Novanta Inc. Common Stock,Technology,Scientific & Technical Instruments,USA
ALM,Almonty Industries Inc. Common Shares,Basic Materials,Other Industrial Metals & Mining,USA
PTCT,"PTC Therapeutics, Inc. Common Stock",Healthcare,Biotechnology,USA
EAT,"Brinker International, Inc. Common Stock",Consumer Cyclical,Restaurants,USA
LW,"Lamb Weston Holdings, Inc. Common Stock ",Consumer Defensive,Packaged Foods,USA
TFX,Teleflex Incorporated Common Stock,Healthcare,Medical Instruments & Supplies,USA
TV,Grupo Televisa S.A.B. Common Stock,Communication Services,Telecom Services,Mexico
CGABL,The Carlyle Group Inc. 4.625% Subordinated Notes due 2061,,,USA
PFH,"Prudential Financial, Inc. 4.125% Junior Subordinated Notes due 2060",,,USA
AVAL,Grupo Aval Acciones y Valores S.A. ADR (Each representing 20 preferred shares),Financial,Banks - Regional,Colombia
ABCB,Ameris Bancorp Common Stock,Financial,Banks - Regional,USA
ENIC,Enel Chile S.A. American Depositary Shares (Each representing 50 shares of Common Stock),Utilities,Utilities - Regulated Electric,Chile
VSXY,Victorias Secret & Co. Common Stock ,Consumer Cyclical,Apparel Retail,USA
APPF,"AppFolio, Inc. Class A Common Stock",Technology,Software - Application,USA
ZETA,Zeta Global Holdings Corp. Class A Common Stock,Technology,Software - Infrastructure,USA
POR,Portland General Electric Co Common Stock,Utilities,Utilities - Regulated Electric,USA
ACGLN,"Arch Capital Group Ltd. Depositary Shares, each Representing a 1/1,000th Interest in a 4.550% Non-Cumulative Preferred Share, Series G",,,USA
CHE,Chemed Corp,Healthcare,Medical Care Facilities,USA
CACC,Credit Acceptance Corporation Common Stock,Financial,Credit Services,USA
MUR,Murphy Oil Corporation Common Stock,Energy,Oil & Gas E&P,USA
LB,LandBridge Company LLC Class A Shares Representing Limited Liability Company Interests,Energy,Oil & Gas Equipment & Services,USA
ACT,"Enact Holdings, Inc. Common Stock",Financial,Insurance - Specialty,USA
GXO,"GXO Logistics, Inc. Common Stock ",Industrials,Integrated Freight & Logistics,USA
TEO,Telecom Argentina SA,Communication Services,Telecom Services,Argentina
MDA,MDA Space Ltd. Common Shares,Industrials,Aerospace & Defense,Canada
VSNT,"Versant Media Group, Inc. Class A Common Stock ",Communication Services,Entertainment,USA
AMTM,"Amentum Holdings, Inc. Common Stock",Industrials,Specialty Business Services,USA
BLTE,"Belite Bio, Inc American Depositary Shares",Healthcare,Biotechnology,USA
MATX,"Matson, Inc. Common Stock",Industrials,Marine Shipping,USA
S,"SentinelOne, Inc. Class A Common Stock",Technology,Software - Infrastructure,USA
MIRM,"Mirum Pharmaceuticals, Inc. Common Stock",Healthcare,Biotechnology,USA
KLIC,"Kulicke and Soffa Industries, Inc. Common Stock",Technology,Semiconductor Equipment & Materials,USA
NAVN,"Navan, Inc. Class A Common Stock",Technology,Software - Application,USA
HWC,Hancock Whitney Corporation Common Stock,Financial,Banks - Regional,USA
SEI,"Solaris Energy Infrastructure, Inc. Class A Common Stock",Energy,Oil & Gas Equipment & Services,USA
KOF,"Coca Cola Femsa S.A.B. de C.V.  American Depositary Shares, each representing 10 Units (each Unit consists of 3 Series B Shares and 5 Series L Shares)",Consumer Defensive,Beverages - Non-Alcoholic,Mexico
OBDC,Blue Owl Capital Corporation Common Stock,Financial,Asset Management,USA
STVN,Stevanato Group S.p.A. Ordinary Shares,Healthcare,Medical Instruments & Supplies,Italy
COGT,"Cogent Biosciences, Inc. Common Stock",Healthcare,Biotechnology,USA
AUGO,Aura Minerals Inc. Common Shares,Basic Materials,Gold,USA
IFS,Intercorp Financial Services Inc. Common Shares,Financial,Banks - Regional,Peru
HCC,"Warrior Met Coal, Inc. Common Stock",Basic Materials,Coking Coal,USA
QS,QuantumScape Corporation Class A Common Stock,Consumer Cyclical,Auto Parts,USA
G,Genpact Limited Common Stock,Technology,Information Technology Services,Bermuda
OZK,Bank OZK Common Stock,Financial,Banks - Regional,USA
BMA,Banco Macro S.A.  ADR (representing Ten Class B Common Shares),Financial,Banks - Regional,Argentina
LQDA,Liquidia Corporation Common Stock,Healthcare,Drug Manufacturers - Specialty & Generic,USA
NICE,NICE Ltd American Depositary Shares,Technology,Software - Application,Israel
VCTR,"Victory Capital Holdings, Inc. Class A Common Stock",Financial,Asset Management,USA
KRG,Kite Realty Group Trust Common Stock,Real Estate,REIT - Retail,USA
STEP,StepStone Group Inc. Class A Common Stock,Financial,Asset Management,USA
BIPC,Brookfield Infrastructure Corporation Brookfield Infrastructure Corporation,Utilities,Utilities - Regulated Gas,USA
NXST,"Nexstar Media Group, Inc. Common Stock",Communication Services,Broadcasting,USA
OUT,OUTFRONT Media Inc. Common Stock,Real Estate,REIT - Specialty,USA
NJR,NewJersey Resources Corporation Common Stock,Utilities,Utilities - Regulated Gas,USA
GLBE,Global-E Online Ltd. Ordinary Shares,Consumer Cyclical,Internet Retail,Israel
IRDM,Iridium Communications Inc Common Stock,Communication Services,Telecom Services,USA
CRSP,CRISPR Therapeutics AG Common Shares,Healthcare,Biotechnology,Switzerland
CPA,"Copa Holdings, S.A. Class A Common Stock",Industrials,Airlines,Panama
PIPR,Piper Sandler Companies Common Stock,Financial,Capital Markets,USA
BKH,Black Hills Corporation Common Stock,Utilities,Utilities - Regulated Gas,USA
BLCO,Bausch + Lomb Corporation Common Shares,Healthcare,Medical Instruments & Supplies,Canada
UGP,Ultrapar Participacoes S.A. (New) American Depositary Shares (Each representing one Common Share),Energy,Oil & Gas Refining & Marketing,Brazil
IBP,"Installed Building Products, Inc. Common Stock",Consumer Cyclical,Residential Construction,USA
SYNA,Synaptics Incorporated Common Stock $0.001 Par Value,Technology,Semiconductors,USA
MC,Moelis & Company Class A Common Stock,Financial,Capital Markets,USA
SRRK,Scholar Rock Holding Corporation Common Stock,Healthcare,Biotechnology,USA
LAZ,"Lazard, Inc. Common Stock",Financial,Capital Markets,USA
CRC,California Resources Corporation Common Stock,Energy,Oil & Gas E&P,USA
HOMB,"Home BancShares, Inc. Common Stock",Financial,Banks - Regional,USA
AUB,Atlantic Union Bankshares Corporation Common Stock,Financial,Banks - Regional,USA
MCY,Mercury General Corporation Common Stock,Financial,Insurance - Property & Casualty,USA
ESAB,ESAB Corporation Common Stock,Industrials,Metal Fabrication,USA
LYFT,"Lyft, Inc. Class A Common Stock",Technology,Software - Application,USA
OCTV,Octave Intelligence plc Class B Ordinary Shares,Technology,Software - Application,USA
BC,Brunswick Corporation Common Stock,Consumer Cyclical,Recreational Vehicles,USA
GNTX,Gentex Corporation Common Stock,Consumer Cyclical,Auto Parts,USA
PSMT,"PriceSmart, Inc. Common Stock",Consumer Defensive,Discount Stores,USA
ADT,ADT Inc. Common Stock,Industrials,Security & Protection Services,USA
CWST,"Casella Waste Systems, Inc. Class A Common Stock",Industrials,Waste Management,USA
OTF,Blue Owl Technology Finance Corp. Common Stock,Financial,Asset Management,USA
MTG,MGIC Investment Corporation Common Stock,Financial,Insurance - Specialty,USA
MARA,"MARA Holdings, Inc. Common Stock",Financial,Capital Markets,USA
FND,"Floor & Decor Holdings, Inc. Common Stock",Consumer Cyclical,Home Improvement Retail,USA
ESNT,Essent Group Ltd. Common Shares,Financial,Insurance - Specialty,Bermuda
WFG,West Fraser Timber Co. Ltd Common stock,Basic Materials,Lumber & Wood Production,Canada
ASB,Associated Banc-Corp Common Stock,Financial,Banks - Regional,USA
GLNG,Golar Lng Ltd,Energy,Oil & Gas Midstream,Bermuda
MGY,Magnolia Oil & Gas Corporation Class A Common Stock,Energy,Oil & Gas E&P,USA
GRFS,"Grifols, S.A. American Depositary Shares",Healthcare,Drug Manufacturers - General,Spain
GOLF,Acushnet Holdings Corp. Common Stock,Consumer Cyclical,Leisure,USA
TKC,Turkcell Iletisim Hizmetleri AS Common Stock,Communication Services,Telecom Services,Turkey
GTLB,GitLab Inc. Class A Common Stock,Technology,Software - Infrastructure,USA
IPGP,IPG Photonics Corporation Common Stock,Technology,Semiconductor Equipment & Materials,USA
DIOD,Diodes Incorporated Common Stock,Technology,Semiconductors,USA
HASI,"HA Sustainable Infrastructure Capital, Inc. Common Stock",Financial,Asset Management,USA
VSEC,VSE Corporation Common Stock,Industrials,Aerospace & Defense,USA
EQPT,EquipmentShare.com Inc Class A Common Stock,Industrials,Rental & Leasing Services,USA
LBRT,Liberty Energy Inc. Class A common stock,Energy,Oil & Gas Equipment & Services,USA
SIGI,"Selective Insurance Group, Inc. Common Stock",Financial,Insurance - Property & Casualty,USA
RUSHA,"Rush Enterprises, Inc. Common Stock Cl A",Consumer Cyclical,Auto & Truck Dealerships,USA
SEB,Seaboard Corporation Common Stock,Industrials,Conglomerates,USA
BOOT,"Boot Barn Holdings, Inc. Common Stock",Consumer Cyclical,Apparel Retail,USA
XENE,Xenon Pharmaceuticals Inc. Common Shares,Healthcare,Biotechnology,Canada
RITM,Rithm Capital Corp. Common Stock,Real Estate,REIT - Mortgage,USA
RUSHB,"Rush Enterprises, Inc. Class B",,,USA
DLB,Dolby Laboratories Common Stock,Industrials,Specialty Business Services,USA
EPAM,"EPAM Systems, Inc. Common Stock",Technology,Information Technology Services,USA
ATHS,Athene Holding Ltd. 7.250% Fixed-Rate Reset Junior Subordinated Debentures due 2064,,,USA
WEX,WEX Inc. common stock,Technology,Software - Infrastructure,USA
SPHR,Sphere Entertainment Co. Class A Common Stock,Communication Services,Entertainment,USA
DUOL,"Duolingo, Inc. Class A Common Stock",Technology,Software - Application,USA
BCPC,Balchem Corporation Common Stock,Basic Materials,Specialty Chemicals,USA
PBF,PBF Energy Inc. Class A Common Stock,Energy,Oil & Gas Refining & Marketing,USA
BGC,"BGC Group, Inc. Class A Common Stock",Financial,Capital Markets,USA
IEP,"Icahn Enterprises, L.P. Common Stock",Energy,Oil & Gas Refining & Marketing,USA
MMYT,MakeMyTrip Limited Ordinary Shares,Consumer Cyclical,Travel Services,India
PLUG,"Plug Power, Inc. Common Stock",Industrials,Electrical Equipment & Parts,USA
CVLT,"Commvault Systems, Inc. Common Stock",Technology,Software - Application,USA
FLNC,"Fluence Energy, Inc. Class A Common Stock",Utilities,Utilities - Renewable,USA
HESM,Hess Midstream LP Class A Representing Limited Partner Interests,Energy,Oil & Gas Midstream,USA
WTM,"White Mountains Insurance Group, Ltd. Common Stock",Financial,Insurance - Property & Casualty,USA
AX,"Axos Financial, Inc. Common Stock",Financial,Banks - Regional,USA
CNR,"Core Natural Resources, Inc. Common Stock",Energy,Thermal Coal,USA
CIGI,Colliers International Group Inc. Subordinate Voting Shares,Real Estate,Real Estate Services,Canada
LPX,Louisiana-Pacific Corporation Common Stock,Industrials,Building Products & Equipment,USA
PRM,"Perimeter Solutions, SA Common Stock",Basic Materials,Specialty Chemicals,USA
ACLS,"Axcelis Technologies, Inc. Common Stock",Technology,Semiconductor Equipment & Materials,USA
CHH,"Choice Hotels International, Inc. Common Stock",Consumer Cyclical,Lodging,USA
ALH,Alliance Laundry Holdings Inc. Common Stock,Consumer Cyclical,"Furnishings, Fixtures & Appliances",USA
CGON,"CG Oncology, Inc. Common stock",Healthcare,Biotechnology,USA
PECO,"Phillips Edison & Company, Inc. Common Stock",Real Estate,REIT - Retail,USA
SAIC,Science Applications International Corporation Common Stock,Technology,Information Technology Services,USA
CSTM,Constellium SE Ordinary Shares (France),Basic Materials,Aluminum,France
UNF,Unifirst Corporation Common Stock,Industrials,Specialty Business Services,USA
PAGP,"Plains GP Holdings, L.P. Class A Units representing Limited Partner Interests",Energy,Oil & Gas Midstream,USA
LFTO,"Liftoff Mobile, Inc. Common Stock",Communication Services,Advertising Agencies,USA
CWEN,"Clearway Energy, Inc. Class C Common Stock",Utilities,Utilities - Renewable,USA
CAI,"Caris Life Sciences, Inc. Common Stock",Healthcare,Biotechnology,USA
GBTG,"Global Business Travel Group, Inc. Class A Common Stock",Consumer Cyclical,Travel Services,USA
HNGE,"Hinge Health, Inc. Class A Common Stock",Healthcare,Health Information Services,USA
OGS,"ONE Gas, Inc. Common Stock",Utilities,Utilities - Regulated Gas,USA
ACHR,Archer Aviation Inc. Class A Common Stock,Industrials,Aerospace & Defense,USA
MAIN,Main Street Capital Corporation Common Stock,Financial,Asset Management,USA
OMAB,Grupo Aeroportuario del Centro Norte S.A.B. de C.V. ADS,Industrials,Airports & Air Services,Mexico
MAAS,Maase Inc. Class A Ordinary Shares,Financial,Asset Management,China
CNX,CNX Resources Corporation Common Stock,Energy,Oil & Gas E&P,USA
BLLN,"BillionToOne, Inc. Class A Common Stock",Healthcare,Diagnostics & Research,USA
GHC,Graham Holdings Company Common Stock,Consumer Defensive,Education & Training Services,USA
SXT,Sensient Technologies Corporation Common Stock,Basic Materials,Specialty Chemicals,USA
SR,Spire Inc. Common Stock,Utilities,Utilities - Regulated Gas,USA
WSC,WillScot Holdings Corporation Class A Common Stock,Industrials,Rental & Leasing Services,USA
MTN,"Vail Resorts, Inc. Common Stock",Consumer Cyclical,Resorts & Casinos,USA
MRP,"Millrose Properties, Inc. Class A Common Stock",Real Estate,REIT - Residential,USA
BTDR,Bitdeer Technologies Group Class A Ordinary Shares,Technology,Software - Application,Singapore
OPEN,Opendoor Technologies Inc Common Stock,Real Estate,Real Estate Services,USA
ALK,"Alaska Air Group, Inc. Common Stock",Industrials,Airlines,USA
POWI,"Power Integrations, Inc. Common Stock",Technology,Semiconductors,USA
HRB,"H&R Block, Inc. Common Stock",Consumer Cyclical,Personal Services,USA
MTRN,Materion Corporation,Basic Materials,Other Industrial Metals & Mining,USA
LBTYB,Liberty Global Ltd. Class B Common Shares,,,USA
SON,Sonoco Products Company Common Stock,Consumer Cyclical,Packaging & Containers,USA
LGND,Ligand Pharmaceuticals Incorporated Common Stock,Healthcare,Biotechnology,USA
KVYO,"Klaviyo, Inc. Series A Common Stock",Technology,Software - Application,USA
WHD,"Cactus, Inc. Class A Common Stock",Energy,Oil & Gas Equipment & Services,USA
FCN,"FTI Consulting, Inc. Common Stock",Industrials,Consulting Services,USA
MEOH,Methanex Corporation Common Stock,Basic Materials,Chemicals,Canada
LAUR,"Laureate Education, Inc. Common Stock",Consumer Defensive,Education & Training Services,USA
FBIN,"Fortune Brands Innovations, Inc. Common Stock",Industrials,Building Products & Equipment,USA
HRI,Herc Holdings Inc. Common Stock ,Industrials,Rental & Leasing Services,USA
INDV,"Indivior Pharmaceuticals, Inc. Common Stock",Healthcare,Drug Manufacturers - Specialty & Generic,USA
PTEN,"Patterson-UTI Energy, Inc. Common Stock",Energy,Oil & Gas Drilling,USA
NNI,"Nelnet, Inc. Common Stock",Financial,Credit Services,USA
EBC,"Eastern Bankshares, Inc. Common Stock",Financial,Banks - Regional,USA
DOO,BRP Inc. Common Subordinate Voting Shares,Consumer Cyclical,Recreational Vehicles,Canada
FFIN,"First Financial Bankshares, Inc. Common Stock",Financial,Banks - Regional,USA
ATAT,Atour Lifestyle Holdings Limited American Depositary Shares,Consumer Cyclical,Lodging,China
RLI,RLI Corp. Common Stock (DE),Financial,Insurance - Property & Casualty,USA
ENO,"Entergy New Orleans, LLC First Mortgage Bonds, 5.50% Series due April 1, 2066",,,USA
SIM,"Grupo Simec, S.A.B. de C.V. American Depositary Shares",Basic Materials,Steel,Mexico
PAM,Pampa Energia S.A.,Industrials,Conglomerates,Argentina
TWST,Twist Bioscience Corporation Common Stock,Healthcare,Diagnostics & Research,USA
TGS,Transportadora de Gas del Sur SA TGS Common Stock,Energy,Oil & Gas Integrated,Argentina
DNTH,"Dianthus Therapeutics, Inc. Common Stock",Healthcare,Biotechnology,USA
AIR,AAR Corp. Common Stock,Industrials,Aerospace & Defense,USA
HLNE,Hamilton Lane Incorporated Class A Common Stock,Financial,Asset Management,USA
KBR,"KBR, Inc. Common Stock",Industrials,Engineering & Construction,USA
TFSL,TFS Financial Corporation Common Stock,Financial,Banks - Regional,USA
REZI,"Resideo Technologies, Inc. Common Stock ",Industrials,Industrial Distribution,USA
AQN,Algonquin Power & Utilities Corp. Common Shares,Utilities,Utilities - Diversified,Canada
REYN,Reynolds Consumer Products Inc. Common Stock,Consumer Cyclical,Packaging & Containers,USA
CUZ,Cousins Properties Incorporated Common Stock,Real Estate,REIT - Office,USA
CMBT,CMB.TECH NV Ordinary Shares,Energy,Oil & Gas Midstream,Belgium
MIR,"Mirion Technologies, Inc. Class A Common Stock",Industrials,Specialty Industrial Machinery,USA
HCXY,"Hercules Capital, Inc. 6.25% Notes due 2033",,,USA
RXO,"RXO, Inc. Common Stock",Industrials,Trucking,USA
UFPI,"UFP Industries, Inc. Common Stock",Basic Materials,Lumber & Wood Production,USA
SITE,"SiteOne Landscape Supply, Inc. Common Stock",Industrials,Industrial Distribution,USA
MTH,Meritage Homes Corporation Common Stock,Consumer Cyclical,Residential Construction,USA
DHCNL,Diversified Healthcare Trust 6.25% Senior Notes Due 2046,,,USA
IBOC,International Bancshares Corporation Common Stock,Financial,Banks - Regional,USA
ANDG,Andersen Group Inc. Class A Common Stock,Consumer Cyclical,Personal Services,USA
OLLI,"Ollie's Bargain Outlet Holdings, Inc. Common Stock",Consumer Defensive,Discount Stores,USA
TDS,"Telephone and Data Systems, Inc. Common Shares",Communication Services,Telecom Services,USA
CELC,Celcuity Inc. Common Stock,Healthcare,Biotechnology,USA
TBBB,BBB Foods Inc. Class A Common Shares,Consumer Defensive,Discount Stores,Mexico
VVV,Valvoline Inc. Common Stock,Consumer Cyclical,Auto & Truck Dealerships,USA
EXLS,"ExlService Holdings, Inc. Common Stock",Technology,Information Technology Services,USA
AD,"Array Digital Infrastructure, Inc. Common Shares",Communication Services,Telecom Services,USA
TCBI,"Texas Capital Bancshares, Inc. Common Stock",Financial,Banks - Regional,USA
RDN,Radian Group Inc. Common Stock,Financial,Insurance - Specialty,USA
RGTIW,"Rigetti Computing, Inc. Warrants",,,USA
BLSH,Bullish Ordinary Shares,Technology,Software - Infrastructure,Cayman Islands
SBRA,"Sabra Health Care REIT, Inc. Common Stock",Real Estate,REIT - Healthcare Facilities,USA
BEPI,Brookfield BRP Holdings (Canada) Inc. 4.875% Perpetual Subordinated Notes,,,USA
SEDG,"SolarEdge Technologies, Inc. Common Stock",Technology,Solar,Israel
SHC,Sotera Health Company Common Stock,Healthcare,Diagnostics & Research,USA
FTDR,"Frontdoor, Inc. Common Stock",Consumer Cyclical,Personal Services,USA
SRAD,Sportradar Group AG Class A Ordinary Shares,Technology,Software - Application,Switzerland
DHCNI,Diversified Healthcare Trust 5.625% Senior Notes due 2042,,,USA
MDU,"MDU Resources Group, Inc. Common Stock (Holding Company)",Utilities,Utilities - Regulated Gas,USA
OXLCM,"Oxford Lane Capital Corp. Preferred Stock Shares, 8.25% Series 2031",,,USA
TNL,Travel   Leisure Co. Common  Stock,Consumer Cyclical,Travel Services,USA
CSW,"CSW Industrials, Inc. Common Stock",Industrials,Specialty Industrial Machinery,USA
CNO,"CNO Financial Group, Inc. Common Stock",Financial,Insurance - Life,USA
SMR,NuScale Power Corporation Class A Common Stock,Industrials,Specialty Industrial Machinery,USA
DTW,DTE Energy Company 2017 Series E 5.25% Junior Subordinated Debentures due 2077,,,USA
XMTR,"Xometry, Inc. Class A Common Stock",Industrials,Industrial Distribution,USA
KNF,Knife Riv Holding Co. Common Stock,Basic Materials,Building Materials,USA
UUUU,Energy Fuels Inc Ordinary Shares (Canada),Energy,Uranium,USA
LRN,"Stride, Inc. Common Stock",Consumer Defensive,Education & Training Services,USA
FELE,"Franklin Electric Co., Inc. Common Stock",Industrials,Specialty Industrial Machinery,USA
OXLCN,Oxford Lane Capital Corp. 7.125% Series 2029 Term Preferred Stock,,,USA
LBRDK,Liberty Broadband Corporation Class C Common Stock,Communication Services,Telecom Services,USA
LBRDA,Liberty Broadband Corporation Class A Common Stock,Communication Services,Telecom Services,USA
BEPH,Brookfield BRP Holdings (Canada) Inc. 4.625% Perpetual Subordinated Notes,,,USA
FHI,"Federated Hermes, Inc. Common Stock",Financial,Asset Management,USA
XNDU,Xanadu Quantum Technologies Limited Class B Subordinate Voting Shares,Technology,Software - Infrastructure,Canada
AMRX,"Amneal Pharmaceuticals, Inc. Class A Common Stock",Healthcare,Drug Manufacturers - Specialty & Generic,USA
BDC,Belden Inc Common Stock,Technology,Communication Equipment,USA
ACIW,"ACI Worldwide, Inc. Common Stock",Technology,Software - Infrastructure,USA
CLSK,"CleanSpark, Inc. Common Stock",Financial,Capital Markets,USA
OXLCZ,Oxford Lane Capital Corp. 5.00% Notes due 2027,,,USA
EPR,EPR Properties Common Stock,Real Estate,REIT - Specialty,USA
TVTX,"Travere Therapeutics, Inc. Common Stock",Healthcare,Biotechnology,USA
KRC,Kilroy Realty Corporation Common Stock,Real Estate,REIT - Office,USA
CAAP,Corporacion America Airports SA Common Shares,Industrials,Airports & Air Services,Luxembourg
MKTX,"MarketAxess Holdings, Inc. Common Stock",Financial,Capital Markets,USA
CBT,Cabot Corporation Common Stock,Basic Materials,Specialty Chemicals,USA
NWE,"NorthWestern Energy Group, Inc. Common Stock",Utilities,Utilities - Regulated Electric,USA
COLD,"Americold Realty Trust, Inc. Common Stock",Real Estate,REIT - Industrial,USA
ELC,"Entergy Louisiana, Inc. Collateral Trust Mortgage Bonds, 4.875 % Series due September 1, 2066",,,USA
SFBS,"ServisFirst Bancshares, Inc. Common Stock",Financial,Banks - Regional,USA
RDW,Redwire Corporation Common Stock,Industrials,Aerospace & Defense,USA
OXLCL,Oxford Lane Capital Corp. 6.75% Notes due 2031,,,USA
TXG,"10x Genomics, Inc. Class A Common Stock",Healthcare,Health Information Services,USA
CVSA,Covista Inc. Common Shares,Consumer Defensive,Education & Training Services,USA
PFSI,"PennyMac Financial Services, Inc. Common Stock",Financial,Mortgage Finance,USA
MANE,"Veradermics, Incorporated Common Stock",Healthcare,Biotechnology,USA
CVCO,"Cavco Industries, Inc. Common Stock When Issued",Consumer Cyclical,Residential Construction,USA
COCO,"The Vita Coco Company, Inc. Common Stock",Consumer Defensive,Beverages - Non-Alcoholic,USA
LASR,"nLIGHT, Inc. Common Stock",Technology,Semiconductors,USA
OLED,Universal Display Corporation Common Stock,Technology,Electronic Components,USA
OXLCO,"Oxford Lane Capital Corp. Preferred Stock Shares, 6.00% Series 2029",,,USA
SLM,SLM Corporation Common Stock,Financial,Credit Services,USA
UCTT,"Ultra Clean Holdings, Inc. Common Stock",Technology,Semiconductor Equipment & Materials,USA
BRC,Brady Corporation Common Stock,Industrials,Security & Protection Services,USA
UWMC,UWM Holdings Corporation Class A Common Stock,Financial,Mortgage Finance,USA
FULT,Fulton Financial Corporation Common Stock,Financial,Banks - Regional,USA
REGCP,Regency Centers Corporation 6.25% Series A Cumulative Redeemable Preferred Stock,,,USA
BETA,"Beta Technologies, Inc. Class A Common Stock",Industrials,Aerospace & Defense,USA
ENVA,"Enova International, Inc. Common Stock",Financial,Credit Services,USA
SKT,Tanger Inc. Common Stock,Real Estate,REIT - Retail,USA
HIMX,"Himax Technologies, Inc. American Depositary Shares",Technology,Semiconductors,Taiwan
RELY,"Remitly Global, Inc. Common Stock",Technology,Software - Infrastructure,USA
TREX,"Trex Company, Inc. Common Stock",Industrials,Building Products & Equipment,USA
BCO,Brinks Company (The) Common Stock,Industrials,Security & Protection Services,USA
AZZ,AZZ Inc.,Industrials,Specialty Business Services,USA
RDNT,"RadNet, Inc. Common Stock",Healthcare,Diagnostics & Research,USA
USAC,"USA Compression Partners, LP Common Units Representing Limited Partner Interests",Energy,Oil & Gas Equipment & Services,USA
PI,"Impinj, Inc. Common Stock",Technology,Semiconductors,USA
PONY,Pony AI Inc. American Depositary Shares ,Technology,Information Technology Services,China
KEN,Kenon Holdings Ltd. Ordinary Shares,Utilities,Utilities - Independent Power Producers,Singapore
ERAS,"Erasca, Inc. Common Stock",Healthcare,Biotechnology,USA
MAT,"Mattel, Inc. Common Stock",Consumer Cyclical,Leisure,USA
MNSO,"MINISO Group Holding Limited American Depositary Shares, each representing four Ordinary Shares",Consumer Cyclical,Specialty Retail,China
SKY,"Champion Homes, Inc. Common Stock",Consumer Cyclical,Residential Construction,USA
PDI,PIMCO Dynamic Income Fund Common Stock,Financial,Closed-End Fund - Debt,USA
XXI,"Twenty One Capital, Inc. Class A Common Stock",Financial,Shell Companies,USA
PLNT,"Planet Fitness, Inc. Common Stock",Consumer Cyclical,Leisure,USA
SEZL,Sezzle Inc. Common Stock,Financial,Credit Services,USA
CRK,"Comstock Resources, Inc. Common Stock",Energy,Oil & Gas E&P,USA
MNDY,monday.com Ltd. Ordinary Shares,Technology,Software - Application,Israel
LIVN,LivaNova PLC Ordinary Shares,Healthcare,Medical Devices,United Kingdom
NTSK,"Netskope, Inc. Class A Common Stock",Technology,Software - Infrastructure,USA
MRX,Marex Group plc Ordinary Shares,Financial,Capital Markets,United Kingdom
CRGY,Crescent Energy Company Class A Common Stock,Energy,Oil & Gas E&P,USA
REGCO,Regency Centers Corporation 5.875% Series B Cumulative Redeemable Preferred Stock,,,USA
POST,"Post Holdings, Inc. Common Stock",Consumer Defensive,Packaged Foods,USA
WPP,WPP plc American Depositary Shares,Communication Services,Advertising Agencies,United Kingdom
EWTX,"Edgewise Therapeutics, Inc. Common Stock",Healthcare,Biotechnology,USA
ZGN,Ermenegildo Zegna N.V. Ordinary Shares,Consumer Cyclical,Apparel Manufacturing,Italy
LOPE,"Grand Canyon Education, Inc. Common Stock",Consumer Defensive,Education & Training Services,USA
VNT,Vontier Corporation Common Stock ,Technology,Scientific & Technical Instruments,USA
VCYT,"Veracyte, Inc. Common Stock",Healthcare,Diagnostics & Research,USA
UCB,"United Community Banks, Inc. Common Stock",Financial,Banks - Regional,USA
DAN,Dana Incorporated Common Stock ,Consumer Cyclical,Auto Parts,USA
OII,"Oceaneering International, Inc. Common Stock",Energy,Oil & Gas Equipment & Services,USA
INOD,Innodata Inc. Common Stock,Technology,Information Technology Services,USA
LMND,"Lemonade, Inc. Common Stock",Financial,Insurance - Property & Casualty,USA
HP,"Helmerich & Payne, Inc. Common Stock",Energy,Oil & Gas Drilling,USA
MMED,"MiniMed Group, Inc. Common Stock",Healthcare,Medical Instruments & Supplies,USA
PHI,PLDT Inc. Sponsored ADR,Communication Services,Telecom Services,Philippines
FRMI,Fermi Inc. Common Stock,Real Estate,REIT - Specialty,USA
GFF,Griffon Corporation Common Stock,Industrials,Building Products & Equipment,USA
THO,"Thor Industries, Inc. Common Stock",Consumer Cyclical,Recreational Vehicles,USA
QLYS,"Qualys, Inc. Common Stock",Technology,Software - Infrastructure,USA
WING,Wingstop Inc. Common Stock,Consumer Cyclical,Restaurants,USA
LBTYA,Liberty Global Ltd. Class A Common Shares,Communication Services,Telecom Services,Bermuda
MWA,MUELLER WATER PRODUCTS Common Stock,Industrials,Specialty Industrial Machinery,USA
LION,Lionsgate Studios Corp Common Shares,Financial,Shell Companies,Canada
ORLA,Orla Mining Ltd. Common Shares,Basic Materials,Gold,Canada
PII,Polaris Inc. Common Stock,Consumer Cyclical,Recreational Vehicles,USA
HGV,Hilton Grand Vacations Inc. Common Stock ,Consumer Cyclical,Resorts & Casinos,USA
MANU,Manchester United Ltd. Class A Ordinary Shares,Communication Services,Entertainment,United Kingdom
CATY,Cathay General Bancorp Common Stock,Financial,Banks - Regional,USA
IRT,"Independence Realty Trust, Inc. Common Stock",Real Estate,REIT - Residential,USA
HHH,Howard Hughes Holdings Inc. Common Stock,Real Estate,Real Estate - Diversified,USA
NNNN,Anbio Biotechnology Class A Ordinary Shares,Healthcare,Medical Instruments & Supplies,Germany
STNG,Scorpio Tankers Inc. Common Shares,Energy,Oil & Gas Midstream,Monaco
INSW,"International Seaways, Inc. Common Stock ",Energy,Oil & Gas Midstream,USA
VECO,Veeco Instruments Inc. Common Stock,Technology,Semiconductor Equipment & Materials,USA
WAY,Waystar Holding Corp. Common Stock,Healthcare,Health Information Services,USA
BNL,"Broadstone Net Lease, Inc. Common Stock",Real Estate,REIT - Diversified,USA
LIF,"Life360, Inc. Common Stock",Technology,Software - Application,USA
EXTR,"Extreme Networks, Inc. Common Stock",Technology,Communication Equipment,USA
OPLN,"OPENLANE, Inc. Common Stock",Consumer Cyclical,Auto & Truck Dealerships,USA
TAC,TransAlta Corporation Ordinary Shares,Utilities,Utilities - Independent Power Producers,Canada
ATMU,Atmus Filtration Technologies Inc. Common Stock,Consumer Cyclical,Auto Parts,USA
YSS,York Space Systems Inc. Common Stock,Industrials,Aerospace & Defense,USA
SLGN,Silgan Holdings Inc. Common Stock,Consumer Cyclical,Packaging & Containers,USA
CPRX,"Catalyst Pharmaceuticals, Inc. Common Stock",Healthcare,Biotechnology,USA
DORM,"Dorman Products, Inc. Common Stock",Consumer Cyclical,Auto Parts,USA
UNMA,Unum Group 6.250% Junior Subordinated Notes due 2058,,,USA
NAMS,NewAmsterdam Pharma Company N.V. Ordinary Shares,Healthcare,Biotechnology,Netherlands
VRNS,"Varonis Systems, Inc. Common Stock",Technology,Software - Infrastructure,USA
VEON,VEON Ltd. ADS,Communication Services,Telecom Services,United Arab Emirates
TPC,Tutor Perini Corporation Common Stock,Industrials,Engineering & Construction,USA
INDB,Independent Bank Corp. Common Stock,Financial,Banks - Regional,USA
WBI,WaterBridge Infrastructure LLC Class A Shares Representing Limited Liability Company Interests,Energy,Oil & Gas Equipment & Services,USA
BTU,Peabody Energy Corporation Common Stock ,Energy,Thermal Coal,USA
LBTYK,Liberty Global Ltd. Class C Common Shares,Communication Services,Telecom Services,Bermuda
KTB,"Kontoor Brands, Inc. Common Stock ",Consumer Cyclical,Apparel Manufacturing,USA
KNSA,"Kiniksa Pharmaceuticals International, plc Class A Ordinary Shares",Healthcare,Drug Manufacturers - Specialty & Generic,United Kingdom
DOCS,"Doximity, Inc. Class A Common Stock",Healthcare,Health Information Services,USA
CNS,Cohen & Steers Inc Common Stock,Financial,Asset Management,USA
MMSI,"Merit Medical Systems, Inc. Common Stock",Healthcare,Medical Instruments & Supplies,USA
MIAX,"Miami International Holdings, Inc. Common Stock",Financial,Capital Markets,USA
FBP,First BanCorp. New Common Stock,Financial,Banks - Regional,USA
ORKA,"Oruka Therapeutics, Inc. Common Stock",Healthcare,Biotechnology,USA
KC,Kingsoft Cloud Holdings Limited American Depositary Shares,Technology,Software - Application,China
AEHR,Aehr Test Systems Common Stock,Technology,Semiconductor Equipment & Materials,USA
RNST,Renasant Corporation Common Stock,Financial,Banks - Regional,USA
BMI,"Badger Meter, Inc. Common Stock",Technology,Scientific & Technical Instruments,USA
JOE,St. Joe Company (The) Common Stock,Real Estate,Real Estate - Diversified,USA
CII,"BlackRock Enhanced Large Cap Core Fund, Inc. Common Stock",Financial,Closed-End Fund - Equity,USA
BTE,Baytex Energy Corp Common Shares,Energy,Oil & Gas E&P,Canada
NVST,Envista Holdings Corporation Common Stock,Healthcare,Medical Instruments & Supplies,USA
ACAD,ACADIA Pharmaceuticals Inc. Common Stock,Healthcare,Biotechnology,USA
ASBA,Associated Banc-Corp 6.625% Fixed-Rate Reset Subordinated Notes due 2033,,,USA
BOX,"Box, Inc. Class A Common Stock",Technology,Software - Infrastructure,USA
WSFS,WSFS Financial Corporation Common Stock,Financial,Banks - Regional,USA
APLE,"Apple Hospitality REIT, Inc. Common Shares",Real Estate,REIT - Hotel & Motel,USA
INFQ,"Infleqtion, Inc. Common Stock",Technology,Software - Infrastructure,USA
BANF,BancFirst Corporation Common Stock,Financial,Banks - Regional,USA
TDW,Tidewater Inc. Common Stock,Energy,Oil & Gas Equipment & Services,USA
RNG,"RingCentral, Inc. Class A Common Stock",Technology,Software - Application,USA
EE,"Excelerate Energy, Inc. Class A Common Stock",Energy,Oil & Gas Midstream,USA
BFH,"Bread Financial Holdings, Inc. Common Stock",Financial,Credit Services,USA
LEU,Centrus Energy Corp. Class A Common Stock,Energy,Uranium,USA
KFY,Korn Ferry Common Stock,Industrials,Staffing & Employment Services,USA
SA,"Seabridge Gold, Inc. Ordinary Shares (Canada)",Basic Materials,Gold,Canada
SKE,Skeena Resources Limited Common Shares,Basic Materials,Other Industrial Metals & Mining,Canada
CRNX,"Crinetics Pharmaceuticals, Inc. Common Stock",Healthcare,Biotechnology,USA
CDP,COPT Defense Properties Common Shares of Beneficial Interest,Real Estate,REIT - Office,USA
GPI,"Group 1 Automotive, Inc. Common Stock",Consumer Cyclical,Auto & Truck Dealerships,USA
OTTR,Otter Tail Corporation Common Stock,Industrials,Conglomerates,USA
HAFN,Hafnia Limited Common Shares,Industrials,Marine Shipping,Singapore
BBAR,Banco BBVA Argentina S.A. ADS,Financial,Banks - Regional,Argentina
YETI,"YETI Holdings, Inc. Common Stock",Consumer Cyclical,Leisure,USA
BBWI,"Bath & Body Works, Inc.",Consumer Cyclical,Specialty Retail,USA
PENG,"Penguin Solutions, Inc. Common Stock",Technology,Information Technology Services,USA
CVBF,CVB Financial Corporation Common Stock,Financial,Banks - Regional,USA
SXI,Standex International Corporation Common Stock,Industrials,Specialty Industrial Machinery,USA
PVH,PVH Corp. Common Stock,Consumer Cyclical,Apparel Manufacturing,USA
FG,"F&G Annuities & Life, Inc. Common Stock",Financial,Insurance - Life,USA
CNK,"Cinemark Holdings Inc Cinemark Holdings, Inc. Common Stock",Communication Services,Entertainment,USA
PTRN,Pattern Group Inc. Series A Common Stock,Technology,Software - Application,USA
ITRI,"Itron, Inc. Common Stock",Technology,Scientific & Technical Instruments,USA
NG,Novagold Resources Inc.,Basic Materials,Gold,USA
NSIT,"Insight Enterprises, Inc. Common Stock",Technology,Electronics & Computer Distribution,USA
KAI,Kadant Inc Common Stock,Industrials,Specialty Industrial Machinery,USA
BHF,"Brighthouse Financial, Inc. Common Stock",Financial,Insurance - Life,USA
BILL,"BILL Holdings, Inc. Common Stock",Technology,Software - Application,USA
KEEL,Keel Infrastructure Corp. Common Stock,Technology,Information Technology Services,USA
ADEA,Adeia Inc. Common Stock,Technology,Software - Application,USA
RUM,Rumble Inc. Class A Common Stock,Communication Services,Internet Content & Information,USA
CLBT,Cellebrite DI Ltd. Ordinary Shares,Technology,Software - Infrastructure,Israel
VGNT,Versigent PLC Ordinary Shares,Consumer Cyclical,Auto Parts,Switzerland
MHO,"M/I Homes, Inc. Common Stock",Consumer Cyclical,Residential Construction,USA
ABG,Asbury Automotive Group Inc Common Stock,Consumer Cyclical,Auto & Truck Dealerships,USA
FULTP,"Fulton Financial Corporation Depositary Shares, Each Representing a 1/40th Interest in a Share of Fixed Rate Non-Cumulative Perpetual Preferred Stock, Series A",,,USA
ARIS,Aris Mining Corporation Common Shares,Basic Materials,Gold,Canada
RUN,Sunrun Inc. Common Stock,Technology,Solar,USA
IRTC,"iRhythm Holdings, Inc. Common Stock",Healthcare,Medical Devices,USA
CALM,"Cal-Maine Foods, Inc. Common Stock",Consumer Defensive,Farm Products,USA
STUB,"StubHub Holdings, Inc. Class A Common Stock",Communication Services,Internet Content & Information,USA
OGN,Organon & Co. Common Stock ,Healthcare,Drug Manufacturers - General,USA
JOYY,JOYY Inc. American Depositary Shares,Communication Services,Internet Content & Information,Singapore
BELFB,Bel Fuse Inc. Class B Common Stock,Technology,Electronic Components,USA
OSIS,"OSI Systems, Inc. Common Stock (DE)",Technology,Electronic Components,USA
DTB,DTE Energy Company 2020 Series G 4.375% Junior Subordinated Debentures due 2080,,,USA
NAN,Nuveen New York Quality Municipal Income Fund Common Stock,Financial,Closed-End Fund - Debt,USA
DTG,DTE Energy Company 2021 Series E 4.375% Junior Subordinated Debentures,,,USA
HGTY,"Hagerty, Inc. Class A Common Stock",Financial,Insurance - Property & Casualty,USA
SUNC,"SunocoCorp LLC Common Units, representing limited liability company interests",Energy,Oil & Gas Midstream,USA
ANF,Abercrombie & Fitch Company Common Stock,Consumer Cyclical,Apparel Retail,USA
AB,AllianceBernstein Holding L.P.  Units,Financial,Asset Management,USA
DLO,DLocal Limited Class A Common Shares,Technology,Software - Infrastructure,Uruguay
FIBK,"First Interstate BancSystem, Inc. Common Stock (DE)",Financial,Banks - Regional,USA
GPGI,"GPGI, Inc. Class A Common Stock",Industrials,Metal Fabrication,USA
NTRSO,"Northern Trust Corporation Depositary Shares Each Representing a 1/1,000th Interest in a Share of Series E Non-Cumulative Perpetual Preferred Stock",,,USA
SOUN,"SoundHound AI, Inc Class A Common Stock",Technology,Software - Application,USA
VKTX,"Viking Therapeutics, Inc. Common Stock",Healthcare,Biotechnology,USA
AVA,Avista Corporation Common Stock,Utilities,Utilities - Diversified,USA
GBDC,"Golub Capital BDC, Inc. Common Stock",Financial,Asset Management,USA
BKU,"BankUnited, Inc. Common Stock",Financial,Banks - Regional,USA
BATRA,"Atlanta Braves Holdings, Inc. Series A Common Stock",Communication Services,Entertainment,USA
SIG,Signet Jewelers Limited Common Shares,Consumer Cyclical,Luxury Goods,Bermuda
CVI,CVR Energy Inc. Common Stock,Energy,Oil & Gas Refining & Marketing,USA
BEAM,Beam Therapeutics Inc. Common Stock,Healthcare,Biotechnology,USA
CGAU,Centerra Gold Inc. Common Shares,Basic Materials,Gold,Canada
ICUI,"ICU Medical, Inc. Common Stock",Healthcare,Medical Instruments & Supplies,USA
AAP,Advance Auto Parts Inc.,Consumer Cyclical,Auto Parts,USA
MSGE,Madison Square Garden Entertainment Corp. Class A Common Stock,Communication Services,Entertainment,USA
KN,Knowles Corporation Common Stock,Technology,Electronic Components,USA
GEO,Geo Group Inc (The) REIT,Industrials,Security & Protection Services,USA
DAVE,Dave Inc. Class A Common Stock,Technology,Software - Application,USA
SLG,SL Green Realty Corp Common Stock,Real Estate,REIT - Office,USA
SII,Sprott Inc. Common Shares,Financial,Asset Management,Canada
ARLP,"Alliance Resource Partners, L.P. Common Units representing Limited Partners Interests",Energy,Thermal Coal,USA
CBU,"Community Financial System, Inc. Common Stock",Financial,Banks - Regional,USA
NP,Neptune Insurance Holdings Inc. Class A Common Stock,Financial,Insurance Brokers,USA
WSBC,"WesBanco, Inc. Common Stock",Financial,Banks - Regional,USA
AAUC,Allied Gold Corporation Common Shares,Basic Materials,Gold,Canada
COLM,Columbia Sportswear Company Common Stock,Consumer Cyclical,Apparel Manufacturing,USA
NSA,National Storage Affiliates Trust Common Shares of Beneficial Interest,Real Estate,REIT - Industrial,USA
FHB,"First Hawaiian, Inc. Common Stock",Financial,Banks - Regional,USA
NHI,"National Health Investors, Inc. Common Stock",Real Estate,REIT - Healthcare Facilities,USA
SMG,Scotts Miracle-Gro Company (The) Common Stock,Basic Materials,Agricultural Inputs,USA
AZUL,"Azul S.A. American Depositary Shares, each representing two (2) Common Shares",Industrials,Airlines,Brazil
SKYW,"SkyWest, Inc. Common Stock",Industrials,Airlines,USA
MCHB,Mechanics Bancorp Class A Common Stock,Financial,Banks - Regional,USA
ASO,"Academy Sports and Outdoors, Inc. Common Stock",Consumer Cyclical,Specialty Retail,USA
FUL,H. B. Fuller Company Common Stock,Basic Materials,Specialty Chemicals,USA
TDC,Teradata Corporation Common Stock,Technology,Software - Infrastructure,USA
CSQ,Calamos Strategic Total Return Common Stock,Financial,Closed-End Fund - Debt,USA
AGO,Assured Guaranty Ltd. Common Stock,Financial,Insurance - Specialty,Bermuda
NATL,NCR Atleos Corporation Common Stock,Technology,Software - Application,USA
KBH,KB Home Common Stock,Consumer Cyclical,Residential Construction,USA
CLMT,"Calumet, Inc. Common Stock",Basic Materials,Specialty Chemicals,USA
CC,Chemours Company (The) Common Stock,Basic Materials,Specialty Chemicals,USA
TE,T1 Energy Inc. Common Stock,Industrials,Electrical Equipment & Parts,USA
ARCB,ArcBest Corporation Common Stock,Industrials,Trucking,USA
FIZZ,National Beverage Corp. Common Stock,Consumer Defensive,Beverages - Non-Alcoholic,USA
VC,Visteon Corporation Common Stock,Consumer Cyclical,Auto Parts,USA
GNW,Genworth Financial Inc Common Stock,Financial,Insurance - Life,USA
SHOO,"Steven Madden, Ltd. Common Stock",Consumer Cyclical,Footwear & Accessories,USA
BULL,Webull Corporation Class A Ordinary Shares,Technology,Software - Application,USA
WOLF,"Wolfspeed, Inc. Common Stock New",Technology,Semiconductors,USA
PPLI,People Incorporated Common Stock,Communication Services,Internet Content & Information,USA
BWLP,BW LPG Limited Common Shares,Energy,Oil & Gas Midstream,Singapore
BFAM,Bright Horizons Family Solutions Inc. Common Stock,Consumer Cyclical,Personal Services,USA
RHI,Robert Half Inc. Common Stock,Industrials,Staffing & Employment Services,USA
TLX,Telix Pharmaceuticals Limited American Depositary Shares,Healthcare,Biotechnology,Australia
TENB,"Tenable Holdings, Inc. Common Stock",Technology,Software - Infrastructure,USA
EFXT,Enerflex Ltd Common Shares,Energy,Oil & Gas Equipment & Services,Canada
NN,NextNav Inc. Common Stock,Technology,Software - Infrastructure,USA
ARX,Accelerant Holdings Class A Common Shares,Financial,Insurance Brokers,Cayman Islands
KYIV,Kyivstar Group Ltd. Common Shares,Communication Services,Telecom Services,United Arab Emirates
UNFI,"United Natural Foods, Inc. Common Stock",Consumer Defensive,Food Distribution,USA
CMCM,"Cheetah Mobile Inc. American Depositary Shares, each representing fifty (50) Class A Ordinary Shares",Communication Services,Internet Content & Information,China
ERO,Ero Copper Corp. Common Shares,Basic Materials,Copper,Canada
FFBC,First Financial Bancorp. Common Stock,Financial,Banks - Regional,USA
TNGX,"Tango Therapeutics, Inc.",Healthcare,Biotechnology,USA
RWTN,"Redwood Trust, Inc. 9.125% Senior Notes Due 2029",,,USA
DNLI,Denali Therapeutics Inc. Common Stock,Healthcare,Biotechnology,USA
ETOR,eToro Group Ltd. Class A Common Shares,Financial,Capital Markets,Israel
AMPX,"Amprius Technologies, Inc. Common Stock",Industrials,Electrical Equipment & Parts,USA
CON,"Concentra Group Holdings Parent, Inc. Common Stock",Healthcare,Medical Care Facilities,USA
HWKN,"Hawkins, Inc. Common Stock",Basic Materials,Specialty Chemicals,USA
MMS,"Maximus, Inc. Common Stock",Industrials,Specialty Business Services,USA
BHE,"Benchmark Electronics, Inc. Common Stock",Technology,Electronic Components,USA
AADX,"Applied Aerospace & Defense, Inc. Common Stock",Industrials,Aerospace & Defense,USA
RWTO,"Redwood Trust, Inc. 9.00% Senior Notes Due 2029",,,USA
HAE,Haemonetics Corporation Common Stock,Healthcare,Medical Devices,USA
CAKE,Cheesecake Factory Incorporated (The) Common Stock,Consumer Cyclical,Restaurants,USA
HSAI,"Hesai Group American Depositary Share, each ADS represents one Class B ordinary share",Consumer Cyclical,Auto Parts,China
CHEF,"The Chefs' Warehouse, Inc. Common Stock",Consumer Defensive,Food Distribution,USA
BATRK,"Atlanta Braves Holdings, Inc. Series C Common Stock",Communication Services,Entertainment,USA
AMBA,"Ambarella, Inc. Ordinary Shares",Technology,Semiconductor Equipment & Materials,USA
OPCH,"Option Care Health, Inc. Common Stock",Healthcare,Medical Care Facilities,USA
CTRI,"Centuri Holdings, Inc. Common Stock",Utilities,Utilities - Regulated Gas,USA
ITGR,Integer Holdings Corporation Common Stock,Healthcare,Medical Devices,USA
GPK,Graphic Packaging Holding Company,Consumer Cyclical,Packaging & Containers,USA
BELFA,Bel Fuse Inc. Class A Common Stock,Technology,Electronic Components,USA
FGN,"F&G Annuities & Life, Inc. 7.950% Senior Notes due 2053",,,USA
PPTA,Perpetua Resources Corp. Common Shares,Basic Materials,Other Precious Metals & Mining,USA
AVNT,Avient Corporation Common Stock,Basic Materials,Specialty Chemicals,USA
PRK,Park National Corporation Common Stock,Financial,Banks - Regional,USA
ATRO,Astronics Corporation Common Stock,Industrials,Aerospace & Defense,USA
RLX,"RLX Technology Inc. American Depositary Shares, each representing the right to receive one (1) Class A ordinary share",Consumer Defensive,Tobacco,China
SFNC,Simmons First National Corporation Class A Common Stock,Financial,Banks - Regional,USA
FOUR,"Shift4 Payments, Inc. Class A Common Stock",Technology,Software - Infrastructure,USA
FSLY,"Fastly, Inc. Class A Common Stock",Technology,Software - Application,USA
ALHC,"Alignment Healthcare, Inc. Common Stock",Healthcare,Healthcare Plans,USA
BXMT,"Blackstone Mortgage Trust, Inc. Common Stock",Real Estate,REIT - Mortgage,USA
CWK,Cushman & Wakefield Ltd. Common Shares,Real Estate,Real Estate Services,Bermuda
LBRDP,Liberty Broadband Corporation Series A Cumulative Redeemable Preferred Stock,,,USA
RCUS,"Arcus Biosciences, Inc. Common Stock",Healthcare,Biotechnology,USA
UPST,"Upstart Holdings, Inc. Common stock",Financial,Credit Services,USA
DNN,Denison Mines Corp Ordinary Shares (Canada),Energy,Uranium,Canada
HAYW,"Hayward Holdings, Inc. Common Stock",Industrials,Electrical Equipment & Parts,USA
GPOR,Gulfport Energy Corporation Common Shares,Energy,Oil & Gas E&P,USA
USLM,"United States Lime & Minerals, Inc. Common Stock",Basic Materials,Building Materials,USA
FSK,FS KKR Capital Corp. Common Stock,Financial,Asset Management,USA
ZIM,ZIM Integrated Shipping Services Ltd. Ordinary Shares,Industrials,Marine Shipping,Israel
ELF,"e.l.f. Beauty, Inc. Common Stock",Consumer Defensive,Household & Personal Products,USA
CURB,Curbline Properties Corp. Common Stock,Real Estate,REIT - Retail,USA
KALU,Kaiser Aluminum Corporation Common Stock,Basic Materials,Aluminum,USA
LXP,LXP Industrial Trust Common Stock (Maryland REIT),Real Estate,REIT - Industrial,USA
PHIN,PHINIA Inc. Common Stock,Consumer Cyclical,Auto Parts,USA
HIW,"Highwoods Properties, Inc. Common Stock",Real Estate,REIT - Office,USA
DYN,"Dyne Therapeutics, Inc. Common Stock",Healthcare,Biotechnology,USA
APAM,Artisan Partners Asset Management Inc. Class A Common Stock,Financial,Asset Management,USA
SBLK,Star Bulk Carriers Corp. Common Shares,Industrials,Marine Shipping,Greece
BOH,Bank of Hawaii Corporation Common Stock,Financial,Banks - Regional,USA
AWR,American States Water Company Common Stock,Utilities,Utilities - Regulated Water,USA
NTCT,"NetScout Systems, Inc. Common Stock",Technology,Software - Infrastructure,USA
VTMX,"Corporacion Inmobiliaria Vesta, S.A.B de C.V. American Depositary Shares, each representing ten (10) Common Shares",Real Estate,Real Estate - Development,Mexico
CRVL,CorVel Corp. Common Stock,Financial,Insurance Brokers,USA
MPT,"Medical Properties Trust, Inc. common stock",Real Estate,REIT - Healthcare Facilities,USA
GRBK,"Green Brick Partners, Inc. Common Stock",Consumer Cyclical,Residential Construction,USA
OUST,"Ouster, Inc. Common Stock",Technology,Electronic Components,USA
VAC,Marriott Vacations Worldwide Corporation Common Stock,Consumer Cyclical,Resorts & Casinos,USA
BANC,"Banc of California, Inc. Common Stock",Financial,Banks - Regional,USA
LFST,"LifeStance Health Group, Inc. Common Stock",Healthcare,Medical Care Facilities,USA
WRBY,Warby Parker Inc. Class A Common Stock,Healthcare,Medical Instruments & Supplies,USA
BKV,BKV Corporation Common Stock,Energy,Oil & Gas E&P,USA
WIX,Wix.com Ltd. Ordinary Shares,Technology,Software - Infrastructure,Israel
BSM,"Black Stone Minerals, L.P. Common units representing limited partner interests",Energy,Oil & Gas E&P,USA
TTAM,Titan America SA Common Shares,Basic Materials,Building Materials,Belgium
NHC,National HealthCare Corporation Common Stock,Healthcare,Medical Care Facilities,USA
SBCF,Seacoast Banking Corporation of Florida Common Stock,Financial,Banks - Regional,USA
AKR,Acadia Realty Trust Common Stock,Real Estate,REIT - Retail,USA
CCC,CCC Intelligent Solutions Holdings Inc. Common Stock,Technology,Software - Application,USA
GEF,Greif Inc. Class A Common Stock,Consumer Cyclical,Packaging & Containers,USA
DK,"Delek US Holdings, Inc. Common Stock",Energy,Oil & Gas Refining & Marketing,USA
MZTI,The Marzetti Company Common Stock,Consumer Defensive,Packaged Foods,USA
HTGC,"Hercules Capital, Inc. Common Stock",Financial,Asset Management,USA
CPK,Chesapeake Utilities Corporation Common Stock,Utilities,Utilities - Regulated Gas,USA
PFS,"Provident Financial Services, Inc Common Stock",Financial,Banks - Regional,USA
CECO,CECO Environmental Corp. Common Stock,Industrials,Pollution & Treatment Controls,USA
HG,"Hamilton Insurance Group, Ltd. Class B Common Shares",Financial,Insurance - Reinsurance,Bermuda
WT,"WisdomTree, Inc. Common Stock",Financial,Asset Management,USA
BGSI,Boyd Group Services Inc. Common Shares,Consumer Cyclical,Auto & Truck Dealerships,Canada
RH,RH Common Stock,Consumer Cyclical,Specialty Retail,USA
EROK,"EagleRock Land, LLC Class A shares representing limited liability company interests",Energy,Oil & Gas Equipment & Services,USA
NIC,Nicolet Bankshares Inc. Common Stock,Financial,Banks - Regional,USA
ADPT,Adaptive Biotechnologies Corporation Common Stock,Healthcare,Diagnostics & Research,USA
EXPO,"Exponent, Inc. Common Stock",Industrials,Engineering & Construction,USA
FSM,Fortuna Mining Corp. Common Shares,Basic Materials,Gold,Canada
ATKR,Atkore Inc. Common Stock,Industrials,Electrical Equipment & Parts,USA
UNIT,Uniti Group Inc. Common Stock,Real Estate,REIT - Specialty,USA
POWWP,Outdoor Holding Company 8.75% Series A Cumulative Redeemable Perpetual Preferred Stock,,,USA
TR,"Tootsie Roll Industries, Inc. Common Stock",Consumer Defensive,Confectioners,USA
DBRG,"DigitalBridge Group, Inc.",Financial,Asset Management,USA
GRAL,"GRAIL, Inc. Common Stock ",Healthcare,Diagnostics & Research,USA
SDRL,Seadrill Limited Common Shares,Energy,Oil & Gas Drilling,Bermuda
DBD,Diebold Nixdorf Incorporated Common stock,Technology,Software - Application,USA
TRMD,TORM plc Class A Common Stock,Energy,Oil & Gas Midstream,United Kingdom
IPAR,"Interparfums, Inc. Common Stock",Consumer Defensive,Household & Personal Products,USA
CSAN,Cosan S.A. ADS,Energy,Oil & Gas Refining & Marketing,Brazil
WOR,"Worthington Enterprises, Inc. Common Shares",Industrials,Metal Fabrication,USA
HLIO,"Helios Technologies, Inc. Common Stock",Industrials,Specialty Industrial Machinery,USA
OLN,Olin Corporation Common Stock,Basic Materials,Chemicals,USA
BKD,Brookdale Senior Living Inc. Common Stock,Healthcare,Medical Care Facilities,USA
BRZE,"Braze, Inc. Class A Common Stock",Technology,Software - Application,USA
PATK,"Patrick Industries, Inc. Common Stock",Consumer Cyclical,Recreational Vehicles,USA
PSNY,Polestar Automotive Holding UK PLC Class A ADS,Consumer Cyclical,Auto Manufacturers,Sweden
PK,Park Hotels & Resorts Inc. Common Stock ,Real Estate,REIT - Hotel & Motel,USA
VOYG,"Voyager Technologies, Inc. Class A Common Stock",Industrials,Aerospace & Defense,USA
UE,Urban Edge Properties Common Shares of Beneficial Interest,Real Estate,REIT - Retail,USA
QTWO,"Q2 Holdings, Inc. Common Stock",Technology,Software - Application,USA
AVEX,AEVEX Corp. Class A Common Stock,Industrials,Aerospace & Defense,USA
PCTTU,"PureCycle Technologies, Inc. Unit",,,USA
VISN,"Vistance Networks, Inc. Common Stock",Technology,Communication Equipment,USA
DX,"Dynex Capital, Inc. Common Stock",Real Estate,REIT - Mortgage,USA
AYA,Aya Gold & Silver Inc. Common Shares,Basic Materials,Silver,Canada
AEO,"American Eagle Outfitters, Inc. Common Stock",Consumer Cyclical,Apparel Retail,USA
TGB,"Taseko Mines, Ltd. Common Stock",Basic Materials,Copper,Canada
RLAY,"Relay Therapeutics, Inc. Common Stock",Healthcare,Biotechnology,USA
PARR,"Par Pacific Holdings, Inc.  Common Stock",Energy,Oil & Gas Refining & Marketing,USA
IHS,IHS Holding Limited Ordinary Shares,Real Estate,Real Estate Services,United Kingdom
ZIONP,"Zions Bancorporation, N.A. Depositary Shares (Each representing 1/40th Interest in a Share of Series A Floating-Rate Non-Cumulative Perpetual Preferred Stock)",,,USA
DKL,"Delek Logistics Partners, L.P. Common Units representing Limited Partner Interests",Energy,Oil & Gas Refining & Marketing,USA
GPCR,Structure Therapeutics Inc. American Depositary Shares,Healthcare,Biotechnology,USA
BW,"Babcock & Wilcox Enterprises, Inc. Common Stock",Industrials,Specialty Industrial Machinery,USA
ATS,ATS Corporation Common Shares,Industrials,Specialty Industrial Machinery,Canada
HYMC,Hycroft Mining Holding Corporation Class A Common Stock,Basic Materials,Gold,USA
VNET,"VNET Group, Inc. American Depositary Shares",Technology,Information Technology Services,China
WK,Workiva Inc. Class A Common Stock,Technology,Software - Application,USA
ARQT,"Arcutis Biotherapeutics, Inc. Common Stock",Healthcare,Biotechnology,USA
LPL,"LG Display Co, Ltd AMERICAN DEPOSITORY SHARES",Technology,Consumer Electronics,South Korea
EOSE,"Eos Energy Enterprises, Inc. Class A Common Stock",Industrials,Electrical Equipment & Parts,USA
BWIN,"The Baldwin Insurance Group, Inc. Class A Common Stock",Financial,Insurance Brokers,USA
EXK,Endeavour Silver Corporation Ordinary Shares (Canada),Basic Materials,Silver,Canada
NMIH,NMI Holdings Inc. Common Stock,Financial,Insurance - Specialty,USA
FTAIM,FTAI Aviation Ltd. 9.500% Fixed-Rate Reset Series D Cumulative Perpetual Redeemable Preferred Shares,,,USA
PLMR,"Palomar Holdings, Inc. Common stock",Financial,Insurance - Property & Casualty,USA
FBK,FB Financial Corporation Common Stock,Financial,Banks - Regional,USA
AMR,"Alpha Metallurgical Resources, Inc. Common Stock",Basic Materials,Coking Coal,USA
WDFC,WD-40 Company Common Stock,Basic Materials,Specialty Chemicals,USA
SVM,Silvercorp Metals Inc. Common Shares,Basic Materials,Silver,Canada
CALY,Callaway Golf Company Common Stock,Consumer Cyclical,Leisure,USA
KLRA,"Kailera Therapeutics, Inc. Common Stock",Healthcare,Biotechnology,USA
IRON,"Disc Medicine, Inc. Common Stock",Healthcare,Biotechnology,USA
MGEE,"MGE Energy, Inc",Utilities,Utilities - Regulated Electric,USA
CDNL,Cardinal Infrastructure Group Inc. Class A Common Stock,Industrials,Engineering & Construction,USA
CWT,California Water Service Group Common Stock,Utilities,Utilities - Regulated Water,USA
FA,First Advantage Corporation Common Stock,Industrials,Specialty Business Services,USA
AAMI,Acadian Asset Management Inc. Common Stock,Financial,Asset Management,USA
EEFT,"Euronet Worldwide, Inc. Common Stock",Technology,Software - Infrastructure,USA
NMFCZ,New Mountain Finance Corporation 8.250% Notes due 2028,,,USA
PRVA,"Privia Health Group, Inc. Common Stock",Healthcare,Health Information Services,USA
MGRC,McGrath RentCorp Common Stock,Industrials,Rental & Leasing Services,USA
DFTX,"Definium Therapeutics, Inc. Common Shares",Healthcare,Biotechnology,USA
PTON,"Peloton Interactive, Inc. Class A Common Stock",Consumer Cyclical,Leisure,USA
KD,"Kyndryl Holdings, Inc. Common Stock",Technology,Information Technology Services,USA
HUBG,"Hub Group, Inc. Class A Common Stock",Industrials,Integrated Freight & Logistics,USA
SAH,"Sonic Automotive, Inc. Common Stock",Consumer Cyclical,Auto & Truck Dealerships,USA
PAY,"Paymentus Holdings, Inc. Class A Common Stock",Technology,Software - Infrastructure,USA
WTTR,"Select Water Solutions, Inc. Class A common stock",Energy,Oil & Gas Equipment & Services,USA
FRSH,Freshworks Inc. Class A Common Stock,Technology,Software - Application,USA
COHU,"Cohu, Inc. Common Stock",Technology,Semiconductor Equipment & Materials,USA
WAFD,"WaFd, Inc. Common Stock",Financial,Banks - Regional,USA
FCPT,"Four Corners Property Trust, Inc. Common Stock",Real Estate,REIT - Retail,USA
PENN,"PENN Entertainment, Inc. Common Stock",Consumer Cyclical,Resorts & Casinos,USA
VVX,"V2X, Inc. Common Stock",Industrials,Aerospace & Defense,USA
GDV,Gabelli Dividend & Income Trust Common Shares of Beneficial Interest,Financial,Closed-End Fund - Equity,USA
STNE,StoneCo Ltd. Class A Common Shares,Technology,Software - Infrastructure,Brazil
DHT,"DHT Holdings, Inc.",Energy,Oil & Gas Midstream,Bermuda
ASH,Ashland Inc. Common Stock,Basic Materials,Specialty Chemicals,USA
DGII,Digi International Inc. Common Stock,Technology,Communication Equipment,USA
ROG,Rogers Corporation Common Stock,Technology,Electronic Components,USA
ALMS,Alumis Inc. Common Stock,Healthcare,Biotechnology,USA
TARS,"Tarsus Pharmaceuticals, Inc. Common Stock",Healthcare,Biotechnology,USA
TMC,TMC the metals company Inc. Common Stock,Basic Materials,Other Industrial Metals & Mining,Canada
SUPN,"Supernus Pharmaceuticals, Inc. Common Stock",Healthcare,Drug Manufacturers - Specialty & Generic,USA
WHR,Whirlpool Corporation Common Stock,Consumer Cyclical,"Furnishings, Fixtures & Appliances",USA
WERN,"Werner Enterprises, Inc. Common Stock",Industrials,Trucking,USA
MFAO,"MFA Financial, Inc. 9.000% Senior Notes due 2029",,,USA
TRN,"Trinity Industries, Inc. Common Stock",Industrials,Railroads,USA
MFAN,"MFA Financial, Inc. 8.875% Senior Notes due 2029",,,USA
GRDN,"Guardian Pharmacy Services, Inc. Class A Common Stock",Healthcare,Medical Care Facilities,USA
TRMK,Trustmark Corporation Common Stock,Financial,Banks - Regional,USA
NMRK,"Newmark Group, Inc. Class A Common Stock",Real Estate,Real Estate Services,USA
IDYA,"IDEAYA Biosciences, Inc. Common Stock",Healthcare,Biotechnology,USA
IVT,InvenTrust Properties Corp. Common Stock,Real Estate,REIT - Retail,USA
HOG,"Harley-Davidson, Inc. Common Stock",Consumer Cyclical,Recreational Vehicles,USA
FTAIN,FTAI Aviation Ltd. 8.25% Fixed - Rate Reset Series C Cumulative Perpetual Redeemable Preferred Shares,,,USA
PAGS,PagSeguro Digital Ltd. Class A Common Shares,Technology,Software - Infrastructure,Brazil
NESR,National Energy Services Reunited Corp Ordinary Shares,Energy,Oil & Gas Equipment & Services,USA
TALO,"Talos Energy, Inc. Common Stock",Energy,Oil & Gas E&P,USA
NYAX,Nayax Ltd. Ordinary Shares,Technology,Software - Infrastructure,Israel
INTR,Inter & Co. Inc. Class A Common Shares,Financial,Banks - Regional,Brazil
CUBI,"Customers Bancorp, Inc Common Stock",Financial,Banks - Regional,USA
TOWN,TowneBank Common Stock,Financial,Banks - Regional,USA
BWNB,"Babcock & Wilcox Enterprises, Inc. 6.50% Senior Notes due 2026",,,USA
FRME,First Merchants Corporation Common Stock,Financial,Banks - Regional,USA
QUBT,Quantum Computing Inc. Common Stock,Technology,Computer Hardware,USA
PCT,"PureCycle Technologies, Inc. Common stock",Industrials,Pollution & Treatment Controls,USA
AGYS,"Agilysys, Inc. Common Stock (DE)",Technology,Software - Application,USA
KMT,Kennametal Inc. Common Stock,Industrials,Tools & Accessories,USA
HAWK,"HawkEye 360, Inc. Common Stock",Industrials,Aerospace & Defense,USA
DXPE,"DXP Enterprises, Inc. Common Stock",Industrials,Industrial Distribution,USA
HUN,Huntsman Corporation Common Stock,Basic Materials,Chemicals,USA
NAMSW,NewAmsterdam Pharma Company N.V. Warrant,,,USA
NIQ,NIQ Global Intelligence plc Ordinary Shares,Technology,Software - Application,USA
WSBCO,"WesBanco, Inc. Depositary Shares each representing 1/40th interest in a share of 7.375% Fixed-Rate Reset Non-Cumulative Perpetual Preferred Stock, Series B",,,USA
ANDE,"Andersons, Inc. (The) Common Stock",Consumer Defensive,Food Distribution,USA
HTFL,"Heartflow, Inc. Common Stock",Healthcare,Health Information Services,USA
ICHR,Ichor Holdings Ordinary Shares,Technology,Semiconductor Equipment & Materials,USA
CENT,Central Garden & Pet Company Common Stock,Consumer Defensive,Packaged Foods,USA
UTI,Universal Technical Institute Inc Common Stock,Consumer Defensive,Education & Training Services,USA
SPNT,SiriusPoint Ltd. Common Shares,Financial,Insurance - Reinsurance,Bermuda
CARG,"CarGurus, Inc. Class A Common Stock ",Consumer Cyclical,Auto & Truck Dealerships,USA
TMDX,"TransMedics Group, Inc. Common Stock",Healthcare,Medical Devices,USA
NOVTU,Novanta Inc. Tangible Equity Units,,,USA
DNOW,DNOW Inc. Common Stock,Industrials,Industrial Distribution,USA
FBNC,First Bancorp Common Stock,Financial,Banks - Regional,USA
CALX,"Calix, Inc Common Stock",Technology,Software - Infrastructure,USA
KWR,Quaker Houghton Common Stock,Basic Materials,Specialty Chemicals,USA
DJT,Trump Media & Technology Group Corp. Common Stock,Communication Services,Internet Content & Information,USA
OSW,OneSpaWorld Holdings Limited Common Shares,Consumer Cyclical,Leisure,Bahamas
WRD,WeRide Inc. American Depositary Shares,Technology,Software - Application,China
TNK,Teekay Tankers Ltd.,Energy,Oil & Gas Midstream,Bermuda
FRPT,"Freshpet, Inc. Common Stock",Consumer Defensive,Packaged Foods,USA
NBTB,NBT Bancorp Inc. Common Stock,Financial,Banks - Regional,USA
BCC,"Boise Cascade, L.L.C. Common Stock",Basic Materials,Lumber & Wood Production,USA
WU,Western Union Company (The) Common Stock,Financial,Credit Services,USA
LCLN,"Lincoln International, Inc. Class A Common Stock",Financial,Capital Markets,USA
BBT,Beacon Financial Corporation Common stock,Financial,Banks - Regional,USA
VERA,"Vera Therapeutics, Inc. Class A Common Stock",Healthcare,Biotechnology,USA
UAA,"Under Armour, Inc. Class A Common Stock",Consumer Cyclical,Apparel Manufacturing,USA
AMBP,Ardagh Metal Packaging S.A. Ordinary Shares,Consumer Cyclical,Packaging & Containers,Luxembourg
MTX,Minerals Technologies Inc. Common Stock,Basic Materials,Specialty Chemicals,USA
MLCO,Melco Resorts & Entertainment Limited American Depositary Shares,Consumer Cyclical,Resorts & Casinos,Hong Kong
HTO,H2O America Common Stock,Utilities,Utilities - Regulated Water,USA
POET,POET Technologies Inc. Common Shares,Technology,Semiconductors,Canada
DAC,Danaos Corporation Common Stock,Industrials,Marine Shipping,Greece
DRH,Diamondrock Hospitality Company Common Stock,Real Estate,REIT - Hotel & Motel,USA
MFICL,MidCap Financial Investment Corporation 8.00% Notes due 2028,,,USA
AERO,"Grupo Aeromexico, S.A.B. de C.V. American Depositary Shares (each representing ten (10) Common Shares)",Industrials,Airlines,Mexico
CMPR,Cimpress plc Ordinary Shares (Ireland),Industrials,Specialty Business Services,Ireland
CLDX,"Celldex Therapeutics, Inc.",Healthcare,Biotechnology,USA
BAND,Bandwidth Inc. Class A Common Stock,Technology,Software - Infrastructure,USA
ABM,ABM Industries Incorporated Common Stock,Industrials,Specialty Business Services,USA
LCII,LCI Industries,Consumer Cyclical,Recreational Vehicles,USA
BUSE,First Busey Corporation Class A Common Stock,Financial,Banks - Regional,USA
HE,"Hawaiian Electric Industries, Inc. Common Stock",Utilities,Utilities - Regulated Electric,USA
ACHC,"Acadia Healthcare Company, Inc. Common Stock",Healthcare,Medical Care Facilities,USA
ADAMI,"Adamas Trust, Inc. 9.125% Senior Notes Due 2029",,,USA
NOG,"Northern Oil and Gas, Inc. Common Stock",Energy,Oil & Gas E&P,USA
AVPT,"AvePoint, Inc. Class A Common Stock",Technology,Software - Infrastructure,USA
UA,"Under Armour, Inc. Class C Common Stock",Consumer Cyclical,Apparel Manufacturing,USA
NTB,Bank of N.T. Butterfield & Son Limited (The) Voting Ordinary Shares,Financial,Banks - Diversified,Bermuda
NGVT,Ingevity Corporation Common Stock ,Basic Materials,Specialty Chemicals,USA
MH,"McGraw Hill, Inc. Common Stock",Consumer Defensive,Education & Training Services,USA
RARE,Ultragenyx Pharmaceutical Inc. Common Stock,Healthcare,Biotechnology,USA
NEXT,NextDecade Corporation Common Stock,Energy,Oil & Gas Equipment & Services,USA
MNR,Mach Natural Resources LP Common Units representing Limited Partner Interests,Energy,Oil & Gas E&P,USA
RNW,ReNew Energy Global plc Class A Ordinary Shares,Utilities,Utilities - Renewable,India
BBAI,"BigBear.ai, Inc. Common Stock",Technology,Information Technology Services,USA
SHAK,"Shake Shack, Inc. Class A Common Stock",Consumer Cyclical,Restaurants,USA
ATEN,"A10 Networks, Inc. Common Stock",Technology,Software - Infrastructure,USA
ADAMM,"Adamas Trust, Inc. 7.875% Series E Fixed-to-Floating Rate Cumulative Redeemable Preferred Stock",,,USA
CXW,"CoreCivic, Inc. Common Stock",Industrials,Security & Protection Services,USA
AESI,Atlas Energy Solutions Inc. Common Stock,Energy,Oil & Gas Equipment & Services,USA
BLBD,Blue Bird Corporation Common Stock,Industrials,Farm & Heavy Construction Machinery,USA
CTOS,"Custom Truck One Source, Inc. Common Stock",Industrials,Rental & Leasing Services,USA
CEPU,Central Puerto S.A. American Depositary Shares (each represents ten Common Shares),Utilities,Utilities - Regulated Electric,Argentina
PBI,Pitney Bowes Inc. Common Stock,Industrials,Integrated Freight & Logistics,USA
DCO,Ducommun Incorporated Common Stock,Industrials,Aerospace & Defense,USA
WLY,"John Wiley & Sons, Inc. Common Stock",Communication Services,Publishing,USA
WLYB,"John Wiley & Sons, Inc. Common Stock",,,USA
PMTU,PennyMac Mortgage Investment Trust 8.50% Senior Notes due 2028,,,USA
AXGN,"Axogen, Inc. Common Stock",Healthcare,Medical Devices,USA
PDFS,"PDF Solutions, Inc. Common Stock",Technology,Software - Application,USA
ESTA,Establishment Labs Holdings Inc. Common Shares,Healthcare,Medical Devices,USA
RAMP,"LiveRamp Holdings, Inc. Common Stock",Technology,Software - Infrastructure,USA
BKE,"Buckle, Inc. (The) Common Stock",Consumer Cyclical,Apparel Retail,USA
IMOS,ChipMOS TECHNOLOGIES INC. American Depositary Shares,Technology,Semiconductors,Taiwan
EFSC,Enterprise Financial Services Corporation Common Stock,Financial,Banks - Regional,USA
TBBK,The Bancorp Inc Common Stock,Financial,Banks - Regional,USA
IMNM,"Immunome, Inc. Common Stock",Healthcare,Biotechnology,USA
ALRM,"Alarm.com Holdings, Inc. Common Stock",Technology,Software - Application,USA
LCID,"Lucid Group, Inc. Common Stock",Consumer Cyclical,Auto Manufacturers,USA
DRD,DRDGOLD Limited American Depositary Shares,Basic Materials,Gold,South Africa
AMSC,American Superconductor Corporation Common Stock,Industrials,Specialty Industrial Machinery,USA
CHA,Chagee Holdings Limited American Depositary Shares,Consumer Cyclical,Restaurants,China
BRUN,Boost Run Inc. Class A Common Stock,Technology,Software - Infrastructure,USA
PHVS,Pharvaris N.V. Ordinary Shares,Healthcare,Biotechnology,Netherlands
BANR,Banner Corporation Common Stock,Financial,Banks - Regional,USA
MBIN,Merchants Bancorp Common Stock,Financial,Banks - Regional,USA
CYD,China Yuchai International Limited Common Stock,Consumer Cyclical,Auto Manufacturers,Singapore
PLBL,Polibeli Group Ltd Class A Ordinary Shares,Consumer Cyclical,Department Stores,Indonesia
CENTA,Central Garden & Pet Company Class A Common Stock Nonvoting,Consumer Defensive,Packaged Foods,USA
ADAML,"Adamas Trust, Inc. 6.875% Series F Fixed-to-Floating Rate Cumulative Redeemable Preferred Stock, $0.01 par value per share",,,USA
BUSEP,"First Busey Corporation Depositary Shares, Each Representing a 1/40thInterest in a Share of 8.25% Fixed-Rate Series B Non-Cumulative Perpetual Preferred Stock, $0.001 par value",,,USA
BGR,BlackRock Energy and Resources Trust,Financial,Closed-End Fund - Equity,USA
WS,"Worthington Steel, Inc. Common Shares",Basic Materials,Steel,USA
HTH,Hilltop Holdings Inc.,Financial,Financial Conglomerates,USA
BTX,BlackRock Technology and Private Equity Term Trust Common Shares of Beneficial Interest,Financial,Asset Management,USA
CPRI,Capri Holdings Limited Ordinary Shares,Consumer Cyclical,Luxury Goods,United Kingdom
CDLR,Cadeler A/S American Depositary Share (each representing four (4) Ordinary Shares),Industrials,Engineering & Construction,Denmark
FUN,Six Flags Entertainment Corporation Common Stock New,Consumer Cyclical,Leisure,USA
HNI,HNI Corporation Common Stock,Consumer Cyclical,"Furnishings, Fixtures & Appliances",USA
MCRI,"Monarch Casino & Resort, Inc. Common Stock",Consumer Cyclical,Resorts & Casinos,USA
ELVN,"Enliven Therapeutics, Inc. Common Stock",Healthcare,Biotechnology,USA
GCMG,GCM Grosvenor Inc. Class A Common Stock,Financial,Asset Management,USA
BCRX,"BioCryst Pharmaceuticals, Inc. Common Stock",Healthcare,Drug Manufacturers - Specialty & Generic,USA
PBH,Prestige Consumer Healthcare Inc. Common Stock,Healthcare,Drug Manufacturers - Specialty & Generic,USA
IMAX,Imax Corporation Common Stock,Communication Services,Entertainment,Canada
SHLS,"Shoals Technologies Group, Inc. Class A Common Stock",Technology,Solar,USA
SHO,"Sunstone Hotel Investors, Inc. Sunstone Hotel Investors, Inc. Common Shares",Real Estate,REIT - Hotel & Motel,USA
CXT,"Crane NXT, Co. Common Stock",Industrials,Specialty Industrial Machinery,USA
PRDO,Perdoceo Education Corporation Common Stock,Consumer Defensive,Education & Training Services,USA
LMAT,"LeMaitre Vascular, Inc. Common Stock",Healthcare,Medical Instruments & Supplies,USA
KOD,Kodiak Sciences Inc Common Stock,Healthcare,Biotechnology,USA
ARR,"ARMOUR Residential REIT, Inc.",Real Estate,REIT - Mortgage,USA
ADAMN,"Adamas Trust, Inc. 8.00% Series D Fixed-to-Floating Rate Cumulative Redeemable Preferred Stock",,,USA
IE,Ivanhoe Electric Inc. Common Stock,Basic Materials,Copper,USA
VERX,"Vertex, Inc. Class A Common Stock",Technology,Software - Application,USA
MGNI,"Magnite, Inc. Common Stock",Communication Services,Advertising Agencies,USA
AUPH,Aurinia Pharmaceuticals Inc Ordinary Shares,Healthcare,Biotechnology,Canada
DRVN,Driven Brands Holdings Inc. Common Stock,Consumer Cyclical,Auto & Truck Dealerships,USA
TNET,"TriNet Group, Inc. Common Stock",Industrials,Staffing & Employment Services,USA
FLOC,Flowco Holdings Inc. Class A Common Stock,Energy,Oil & Gas Equipment & Services,USA
BRSL,"Brightstar Lottery PLC Trading under the Legal Name to begin at the market open on July 21, 2025. Ordinary Shares",Consumer Cyclical,Gambling,United Kingdom
FORTY,Formula Systems (1985) Ltd. American Depositary Shares,Technology,Information Technology Services,Israel
SYBT,"Stock Yards Bancorp, Inc. Common Stock",Financial,Banks - Regional,USA
PLUS,ePlus inc. Common Stock,Technology,Software - Application,USA
ASTH,Astrana Health Inc. Common Stock,Healthcare,Medical Care Facilities,USA
CLBK,"Columbia Financial, Inc. Common Stock",Financial,Banks - Regional,USA
CLOV,"Clover Health Investments, Corp. Class A Common Stock",Healthcare,Healthcare Plans,USA
SOC,Sable Offshore Corp. Common Stock,Energy,Oil & Gas Drilling,USA
NVCR,NovoCure Limited Ordinary Shares,Healthcare,Medical Devices,United Kingdom
NMM,Navios Maritime Partners LP Common Units Representing Limited Partner Interests,Industrials,Marine Shipping,Greece
DHC,Diversified Healthcare Trust Common Shares of Beneficial Interest,Real Estate,REIT - Healthcare Facilities,USA
BLX,"Banco Latinoamericano de Comercio Exterior, S.A.",Financial,Banks - Regional,Panama
NWBI,"Northwest Bancshares, Inc. Common Stock",Financial,Banks - Regional,USA
MLYS,"Mineralys Therapeutics, Inc. Common Stock",Healthcare,Biotechnology,USA
NTLA,"Intellia Therapeutics, Inc. Common Stock",Healthcare,Biotechnology,USA
SPSC,"SPS Commerce, Inc. Common Stock",Technology,Software - Application,USA
GRC,Gorman-Rupp Company (The) Common Stock,Industrials,Specialty Industrial Machinery,USA
NWN,Northwest Natural Holding Company Common Stock,Utilities,Utilities - Regulated Gas,USA
SEM,Select Medical Holdings Corporation Common Stock,Healthcare,Medical Care Facilities,USA
DEI,"Douglas Emmett, Inc. Common Stock",Real Estate,REIT - Office,USA
CIMN,Chimera Investment Corporation 9.000% Senior Notes due 2029,,,USA
LC,LendingClub Corporation Common Stock,Financial,Banks - Regional,USA
ATHM,"Autohome Inc. American Depositary Shares, each representing four class A ordinary shares.",Communication Services,Internet Content & Information,China
SFB,Stifel Financial Corporation 5.20% Senior Notes due 2047,,,USA
PUMP,ProPetro Holding Corp. Common Stock,Energy,Oil & Gas Equipment & Services,USA
RXRX,"Recursion Pharmaceuticals, Inc. Class A Common Stock",Healthcare,Biotechnology,USA
NKTR,Nektar Therapeutics  Common Stock,Healthcare,Biotechnology,USA
UMBFO,"UMB Financial Corporation Depositary Shares Each Representing a 1/400th Interest in a Share of 7.750% Fixed-Rate Reset Non-Cumulative Perpetual Preferred Stock, Series B",,,USA
NGL,NGL ENERGY PARTNERS LP Common Units representing Limited Partner Interests,Energy,Oil & Gas Midstream,USA
PGNY,"Progyny, Inc. Common Stock",Healthcare,Healthcare Plans,USA
NEXA,Nexa Resources S.A. Common Shares,Basic Materials,Other Industrial Metals & Mining,Luxembourg
GNL,"Global Net Lease, Inc. Common Stock",Real Estate,REIT - Diversified,USA
TSAT,Telesat Corporation Class A Common Shares and Class B Variable Voting Shares ,Technology,Communication Equipment,Canada
IOSP,Innospec Inc. Common Stock,Basic Materials,Specialty Chemicals,USA
NEOG,Neogen Corporation Common Stock,Healthcare,Medical Devices,USA
OMCL,"Omnicell, Inc. Common Stock ($0.001 par value)",Healthcare,Health Information Services,USA
XRAY,DENTSPLY SIRONA Inc. Common Stock,Healthcare,Medical Instruments & Supplies,USA
EZPW,"EZCORP, Inc. Class A Non Voting Common Stock",Financial,Credit Services,USA
TRVI,"Trevi Therapeutics, Inc. Common Stock",Healthcare,Biotechnology,USA
AGM,Federal Agricultural Mortgage Corporation Common Stock,Financial,Credit Services,USA
BHC,Bausch Health Companies Inc. Common Stock,Healthcare,Drug Manufacturers - Specialty & Generic,Canada
RVT,"Royce Small-Cap Trust, Inc. Common Stock",Financial,Closed-End Fund - Equity,USA
IOVA,"Iovance Biotherapeutics, Inc. Common Stock",Healthcare,Biotechnology,USA
FIGS,"FIGS, Inc. Class A Common Stock",Consumer Cyclical,Apparel Manufacturing,USA
AIN,Albany International Corporation Common Stock,Consumer Cyclical,Textile Manufacturing,USA
PRKS,United Parks & Resorts Inc. Common Stock,Consumer Cyclical,Leisure,USA
HCM,HUTCHMED (China) Limited American Depositary Shares,Healthcare,Drug Manufacturers - Specialty & Generic,Hong Kong
GTY,Getty Realty Corporation Common Stock,Real Estate,REIT - Retail,USA
ZLAB,Zai Lab Limited American Depositary Shares,Healthcare,Biotechnology,China
INVX,"Innovex International, Inc. Common Stock",Energy,Oil & Gas Equipment & Services,USA
OFG,OFG Bancorp Common Stock,Financial,Banks - Regional,USA
SONO,"Sonos, Inc. Common Stock",Technology,Consumer Electronics,USA
BXDC,Blackstone Digital Infrastructure Trust Inc. Common Stock,Real Estate,REIT - Specialty,USA
STC,Stewart Information Services Corporation Common Stock,Financial,Insurance - Property & Casualty,USA
WB,Weibo Corporation American Depositary Share,Communication Services,Internet Content & Information,China
MESO,Mesoblast Limited American Depositary Shares,Healthcare,Biotechnology,Australia
FCF,First Commonwealth Financial Corporation Common Stock,Financial,Banks - Regional,USA
OCUL,"Ocular Therapeutix, Inc. Common Stock",Healthcare,Biotechnology,USA
KYN,"Kayne Anderson Energy Infrastructure Fund, Inc.",Financial,Closed-End Fund - Equity,USA
GEL,"Genesis Energy, L.P. Common Units",Energy,Oil & Gas Midstream,USA
HCI,"HCI Group, Inc. Common Stock",Financial,Insurance - Property & Casualty,USA
TY,Tri Continental Corporation Common Stock,Financial,Closed-End Fund - Equity,USA
CDZIP,"Cadiz, Inc. Depositary Shares",,,USA
PEB,Pebblebrook Hotel Trust Common Shares of Beneficial Interest,Real Estate,REIT - Hotel & Motel,USA
HRMY,"Harmony Biosciences Holdings, Inc. Common Stock",Healthcare,Biotechnology,USA
STEL,"Stellar Bancorp, Inc. Common Stock",Financial,Banks - Regional,USA
USAS,"Americas Gold and Silver Corporation Common Shares, no par value",Basic Materials,Other Industrial Metals & Mining,Canada
NBHC,National Bank Holdings Corporation Common Stock,Financial,Banks - Regional,USA
GRND,Grindr Inc. Common Stock,Technology,Software - Application,USA
NTST,NetSTREIT Corp. Common Stock,Real Estate,REIT - Retail,USA
TGLS,Tecnoglass Inc. Ordinary Shares,Basic Materials,Building Materials,Colombia
CTS,CTS Corporation Common Stock,Technology,Electronic Components,USA
SPB,"Spectrum Brands Holdings, Inc. Common Stock",Consumer Defensive,Household & Personal Products,USA
GENB,"Generate Biomedicines, Inc. Common Stock",Healthcare,Biotechnology,USA
XPRO,Expro Group Holdings N.V. Common Stock,Energy,Oil & Gas Equipment & Services,USA
CMRE,Costamare Inc. Common Stock $0.0001 par value,Industrials,Marine Shipping,Monaco
INTA,"Intapp, Inc. Common Stock",Technology,Software - Application,USA
PDO,PIMCO Dynamic Income Opportunities Fund Common Shares of Beneficial Interest,Financial,Closed-End Fund - Debt,USA
ABCL,AbCellera Biologics Inc. Common Shares,Healthcare,Biotechnology,Canada
LWLG,"Lightwave Logic, Inc. Common Stock",Basic Materials,Specialty Chemicals,USA
STOK,"Stoke Therapeutics, Inc. Common Stock",Healthcare,Biotechnology,USA
FIVN,"Five9, Inc. Common Stock",Technology,Software - Infrastructure,USA
WMK,"Weis Markets, Inc. Common Stock",Consumer Defensive,Grocery Stores,USA
TIC,"TIC Solutions, Inc. Common Stock",Industrials,Specialty Business Services,USA
SKYT,"SkyWater Technology, Inc. Common Stock",Technology,Semiconductors,USA
PLSE,"Pulse Biosciences, Inc Common Stock (DE)",Healthcare,Medical Instruments & Supplies,USA
QFIN,"Qfin Holdings, Inc. American Depositary Shares",Financial,Credit Services,China
HWCPZ,Hancock Whitney Corporation 6.25% Subordinated Notes due 2060,,,USA
ASAN,"Asana, Inc. Class A Common Stock",Technology,Software - Application,USA
PLAB,"Photronics, Inc. Common Stock",Technology,Semiconductor Equipment & Materials,USA
PAX,Patria Investments Limited Class A Common Shares,Financial,Asset Management,Cayman Islands
ECO,Okeanis Eco Tankers Corp. Common Stock,Industrials,Marine Shipping,Greece
ADMA,ADMA Biologics Inc Common Stock,Healthcare,Biotechnology,USA
OZKAP,Bank OZK 4.625% Series A Non-Cumulative Perpetual Preferred Stock,,,USA
LKFT,Lakefront Biotherapeutics American Depositary Shares,Healthcare,Biotechnology,Belgium
PLGO,Pelagos Insurance Capital Limited Common Shares,Financial,Insurance - Diversified,Bermuda
ALG,"Alamo Group, Inc. Common Stock",Industrials,Farm & Heavy Construction Machinery,USA
FBYD,"Falcon's Beyond Global, Inc. Class A Common Stock",Industrials,Conglomerates,USA
HMN,Horace Mann Educators Corporation Common Stock,Financial,Insurance - Property & Casualty,USA
PLPC,Preformed Line Products Company Common Stock,Industrials,Electrical Equipment & Parts,USA
MD,"Pediatrix Medical Group, Inc. Common Stock",Healthcare,Medical Care Facilities,USA
SLDE,"Slide Insurance Holdings, Inc. Common Stock",Financial,Insurance - Property & Casualty,USA
VET,Vermilion Energy Inc. Common (Canada),Energy,Oil & Gas E&P,Canada
ZYME,Zymeworks Inc. Common Stock,Healthcare,Biotechnology,USA
BLDP,"Ballard Power Systems, Inc. Common Shares",Industrials,Electrical Equipment & Parts,Canada
JSM,"Navient Corporation 6% Senior Notes due December 15, 2043",,,USA
MUJ,"Blackrock MuniHoldings New Jersey Quality Fund, Inc. Common Stock",Financial,Closed-End Fund - Debt,USA
ENVX,Enovix Corporation Common Stock,Industrials,Electrical Equipment & Parts,USA
VCEL,Vericel Corporation Common Stock,Healthcare,Biotechnology,USA
STRA,"Strategic Education, Inc. Common Stock",Consumer Defensive,Education & Training Services,USA
AMBQ,"Ambiq Micro, Inc. Common Stock",Technology,Semiconductors,USA
RCAT,"Red Cat Holdings, Inc. Common Stock",Industrials,Aerospace & Defense,USA
MIY,"Blackrock MuniYield Michigan Quality Fund, Inc. Common Stock",Financial,Closed-End Fund - Debt,USA
CNXN,"PC Connection, Inc. Common Stock",Technology,Electronics & Computer Distribution,USA
APPN,Appian Corporation Class A Common Stock,Technology,Software - Infrastructure,USA
JBLU,JetBlue Airways Corporation Common Stock,Industrials,Airlines,USA
NUVB,Nuvation Bio Inc. Class A Common Stock,Healthcare,Biotechnology,USA
SRCE,1st Source Corporation Common Stock,Financial,Banks - Regional,USA
RAPP,"Rapport Therapeutics, Inc. Common Stock",Healthcare,Biotechnology,USA
KSS,Kohl's Corporation Common Stock,Consumer Cyclical,Department Stores,USA
KOS,Kosmos Energy Ltd. Common Shares (DE),Energy,Oil & Gas E&P,USA
ADNT,Adient plc Ordinary Shares ,Consumer Cyclical,Auto Parts,USA
SGRY,"Surgery Partners, Inc. Common Stock",Healthcare,Medical Care Facilities,USA
CBZ,"CBIZ, Inc. Common Stock",Industrials,Specialty Business Services,USA
RQI,Cohen & Steers Quality Income Realty Fund Inc Common Shares,Financial,Closed-End Fund - Equity,USA
TRINI,Trinity Capital Inc. 7.875% Notes Due 2029,,,USA
NBTX,Nanobiotix S.A. American Depositary Shares,Healthcare,Biotechnology,France
TRINZ,Trinity Capital Inc. 7.875% Notes due 2029,,,USA
SKWD,"Skyward Specialty Insurance Group, Inc. Common Stock",Financial,Insurance - Property & Casualty,USA
LTC,"LTC Properties, Inc. Common Stock",Real Estate,REIT - Healthcare Facilities,USA
PRLB,"Proto Labs, Inc. Common stock",Industrials,Metal Fabrication,USA
LAC,Lithium Americas Corp. Common Shares,Basic Materials,Other Industrial Metals & Mining,Canada
ANIP,"ANI Pharmaceuticals, Inc.",Healthcare,Drug Manufacturers - Specialty & Generic,USA
CHCO,City Holding Company Common Stock,Financial,Banks - Regional,USA
WD,"Walker & Dunlop, Inc Common Stock",Financial,Mortgage Finance,USA
FLYW,Flywire Corporation Voting Common Stock,Technology,Software - Infrastructure,USA
ZD,"Ziff Davis, Inc. Common Stock",Communication Services,Advertising Agencies,USA
QURE,uniQure N.V. Ordinary Shares,Healthcare,Biotechnology,Netherlands
WTFCN,"Wintrust Financial Corporation Depositary Shares, Each Representing a 1/1,000th Interest in a Share of 7.875% Fixed-Rate Reset Non-Cumulative Perpetual Preferred StocK",,,USA
CMPS,COMPASS Pathways Plc American Depository Shares,Healthcare,Medical Care Facilities,United Kingdom
SRPT,"Sarepta Therapeutics, Inc. Common Stock (DE)",Healthcare,Biotechnology,USA
VSTS,Vestis Corporation Common Stock,Industrials,Rental & Leasing Services,USA
AFGB,"American Financial Group, Inc. 5.875% Subordinated Debentures due 2059",,,USA
AGRO,Adecoagro S.A. Common Shares,Consumer Defensive,Farm Products,Luxembourg
CNXC,Concentrix Corporation Common Stock,Technology,Information Technology Services,USA
MHD,"Blackrock MuniHoldings Fund, Inc. Common Stock",Financial,Closed-End Fund - Debt,USA
ARCO,Arcos Dorados Holdings Inc. Class A Shares,Consumer Cyclical,Restaurants,Uruguay
LOB,"Live Oak Bancshares, Inc. Common Stock",Financial,Banks - Regional,USA
HURN,Huron Consulting Group Inc. Common Stock,Industrials,Consulting Services,USA
UFPT,"UFP Technologies, Inc. Common Stock",Healthcare,Medical Devices,USA
LPG,Dorian LPG Ltd. Common Stock,Energy,Oil & Gas Midstream,USA
AMRC,"Ameresco, Inc. Class A Common Stock",Industrials,Engineering & Construction,USA
ALKT,"Alkami Technology, Inc. Common Stock",Technology,Software - Application,USA
ECPG,Encore Capital Group Inc Common Stock,Financial,Credit Services,USA
TILE,"Interface, Inc. Common Stock",Consumer Cyclical,"Furnishings, Fixtures & Appliances",USA
SID,Companhia Siderurgica Nacional S.A. Common Stock,Basic Materials,Steel,Brazil
WLTH,Wealthfront Corporation Common Stock,Technology,Software - Application,USA
PAYO,Payoneer Global Inc. Common Stock,Technology,Software - Infrastructure,USA
AIP,"Arteris, Inc. Common Stock",Technology,Semiconductors,USA
BOBS,"Bob's Discount Furniture, Inc. Common Stock",Consumer Cyclical,Specialty Retail,USA
BHVN,Biohaven Ltd. Common Shares ,Healthcare,Biotechnology,USA
AGIO,"Agios Pharmaceuticals, Inc. Common Stock",Healthcare,Biotechnology,USA
EPAC,Enerpac Tool Group Corp. Common Stock,Industrials,Specialty Industrial Machinery,USA
OXLC,Oxford Lane Capital Corp. Common Stock,Financial,Closed-End Fund - Debt,USA
GLOB,Globant S.A. Common Shares,Technology,Information Technology Services,Luxembourg
MQ,"Marqeta, Inc. Class A Common Stock",Technology,Software - Infrastructure,USA
VRDN,"Viridian Therapeutics, Inc. Common Stock",Healthcare,Biotechnology,USA
AAPG,Ascentage Pharma Group International American Depository Shares,Healthcare,Biotechnology,China
SION,"Sionna Therapeutics, Inc. Common Stock",Healthcare,Biotechnology,USA
VPG,"Vishay Precision Group, Inc. Common Stock",Technology,Scientific & Technical Instruments,USA
SMA,"SmartStop Self Storage REIT, Inc. Common Stock",Real Estate,REIT - Industrial,USA
MQY,"Blackrock MuniYield Quality Fund, Inc. Common Stock",Financial,Closed-End Fund - Debt,USA
GENVR,Gen Digital Inc. Contingent Value Rights,,,USA
TPB,"Turning Point Brands, Inc. Common Stock",Consumer Defensive,Tobacco,USA
EFC,Ellington Financial Inc. Common Stock ,Real Estate,REIT - Mortgage,USA
TFIN,"Triumph Financial, Inc. Common Stock",Financial,Banks - Regional,USA
NCNO,"nCino, Inc. Common Stock",Technology,Software - Application,USA
TSHA,"Taysha Gene Therapies, Inc. Common Stock",Healthcare,Biotechnology,USA
ECAT,BlackRock ESG Capital Allocation Term Trust Common Shares of Beneficial Interest,Financial,Closed-End Fund - Equity,USA
BCAT,BlackRock Capital Allocation Term Trust Common Shares of Beneficial Interest,Financial,Closed-End Fund - Equity,USA
XHR,"Xenia Hotels & Resorts, Inc. Common Stock",Real Estate,REIT - Hotel & Motel,USA
BL,"BlackLine, Inc. Common Stock",Technology,Software - Application,USA
GLP,Global Partners LP Common Units representing Limited Partner Interests,Energy,Oil & Gas Midstream,USA
EVCM,EverCommerce Inc. Common Stock,Technology,Software - Application,USA
SLS,"SELLAS Life Sciences Group, Inc. Common Stock",Healthcare,Biotechnology,USA
IIPR,"Innovative Industrial Properties, Inc. Common Stock",Real Estate,REIT - Industrial,USA
BRAI,Braiin Limited Common Stock,Technology,Computer Hardware,Australia
TSLX,"Sixth Street Specialty Lending, Inc. Common Stock",Financial,Asset Management,USA
OPRA,Opera Limited American Depositary Shares,Communication Services,Internet Content & Information,Norway
SAM,"Boston Beer Company, Inc. (The) Common Stock",Consumer Defensive,Beverages - Brewers,USA
LILAK,Liberty Latin America Ltd. Class C Common Stock,Communication Services,Telecom Services,USA
SLSR,Solaris Resources Inc. Common Shares,Basic Materials,Other Precious Metals & Mining,Switzerland
NVAX,"Novavax, Inc. Common Stock",Healthcare,Biotechnology,USA
ADUS,Addus HomeCare Corporation Common Stock,Healthcare,Medical Care Facilities,USA
TH,Target Hospitality Corp. Common Stock,Industrials,Specialty Business Services,USA
SILA,"Sila Realty Trust, Inc. Common Stock",Real Estate,REIT - Healthcare Facilities,USA
WGS,GeneDx Holdings Corp. Class A Common Stock,Healthcare,Diagnostics & Research,USA
CASH,"Pathward Financial, Inc. Common Stock",Financial,Banks - Regional,USA
RZC,"Reinsurance Group of America, Incorporated 7.125% Fixed-Rate Reset Subordinated Debentures due 2052",,,USA
KRP,Kimbell Royalty Partners Common Units Representing Limited Partner Interests,Energy,Oil & Gas E&P,USA
LILA,Liberty Latin America Ltd. Class A Common Stock,Communication Services,Telecom Services,USA
STGW,Stagwell Inc. Class A Common Stock,Communication Services,Advertising Agencies,USA
RZB,"Reinsurance Group of America, Incorporated 5.75% Fixed-To-Floating Rate Subordinated Debentures due 2056",,,USA
ATAI,AtaiBeckley Inc. Common Stock,Healthcare,Biotechnology,USA
IMKTA,"Ingles Markets, Incorporated Class A Common Stock",Consumer Defensive,Grocery Stores,USA
RBCAA,"Republic Bancorp, Inc. Class A Common Stock",Financial,Banks - Regional,USA
ADAMZ,"Adamas Trust, Inc. 7.000% Series G Cumulative Redeemable Preferred Stock, $0.01 par value per share",,,USA
FSUN,FirstSun Capital Bancorp Common Stock,Financial,Banks - Regional,USA
DCOM,"Dime Commercial Bancshares, Inc. Common Stock",Financial,Banks - Regional,USA
PVLA,"Palvella Therapeutics, Inc. Common Stock",Healthcare,Biotechnology,USA
GAB,"Gabelli Equity Trust, Inc. (The) Common Stock",Financial,Closed-End Fund - Equity,USA
GABC,"German American Bancorp, Inc. Common Stock",Financial,Banks - Regional,USA
SGML,Sigma Lithium Corporation Common Shares,Basic Materials,Other Industrial Metals & Mining,Brazil
NNAVW,NextNav Inc. Warrant,,,USA
BVC,BitVentures Limited Ordinary Shares,Technology,Software - Application,China
BDJ,Blackrock Enhanced Equity Dividend Trust,Financial,Closed-End Fund - Equity,USA
GENI,Genius Sports Limited Ordinary Shares,Communication Services,Internet Content & Information,United Kingdom
INVA,"Innoviva, Inc. Common Stock",Healthcare,Biotechnology,USA
NHPAP,"National Healthcare Properties, Inc. 7.375% Series A Cumulative Redeemable Perpetual Preferred Stock",,,USA
FTRE,Fortrea Holdings Inc. Common Stock,Healthcare,Biotechnology,USA
AFGD,"American Financial Group, Inc. 5.625% Subordinated Debentures due 2060",,,USA
NWL,Newell Brands Inc. Common Stock,Consumer Defensive,Household & Personal Products,USA
ETV,Eaton Vance Corporation Eaton Vance Tax-Managed Buy-Write Opportunities Fund Common Shares of Beneficial Interest,Financial,Closed-End Fund - Equity,USA
STBA,"S&T Bancorp, Inc. Common Stock",Financial,Banks - Regional,USA
FRA,Blackrock Floating Rate Income Strategies Fund Inc  Common Stock,Financial,Closed-End Fund - Debt,USA
NVRI,Enviri Corporation Common Stock,Industrials,Waste Management,USA
COTY,Coty Inc. Class A Common Stock,Consumer Defensive,Household & Personal Products,USA
GT,The Goodyear Tire & Rubber Company Common Stock,Consumer Cyclical,Auto Parts,USA
UZD,"Array Digital Infrastructure, Inc. 6.250% Senior Notes due 2069",,,USA
MYI,"Blackrock MuniYield Quality Fund III, Inc Common Stock",Financial,Closed-End Fund - Debt,USA
DV,"DoubleVerify Holdings, Inc. Common Stock",Communication Services,Advertising Agencies,USA
BPOPM,"Popular, Inc. Popular Capital Trust II - 6.125% Cumulative Monthly Income Trust Preferred Securities",,,USA
CAPR,"Capricor Therapeutics, Inc. Common Stock",Healthcare,Biotechnology,USA
TCBK,TriCo Bancshares Common Stock,Financial,Banks - Regional,USA
CCS,"Century Communities, Inc. Common Stock",Real Estate,Real Estate - Development,USA
TYRA,"Tyra Biosciences, Inc. Common Stock",Healthcare,Biotechnology,USA
NBR,Nabors Industries Ltd.,Energy,Oil & Gas Drilling,Bermuda
CRML,Critical Metals Corp. Ordinary Shares,Basic Materials,Other Industrial Metals & Mining,United Kingdom
NHPBP,"National Healthcare Properties, Inc. 7.125% Series B Cumulative Redeemable Perpetual Preferred Stock",,,USA
HTZ,"Hertz Global Holdings, Inc Common Stock",Industrials,Rental & Leasing Services,USA
MUC,"Blackrock MuniHoldings California Quality Fund, Inc.  Common Stock",Financial,Closed-End Fund - Debt,USA
HOPE,"Hope Bancorp, Inc. Common Stock",Financial,Banks - Regional,USA
RES,"RPC, Inc. Common Stock",Energy,Oil & Gas Equipment & Services,USA
LAR,Lithium Argentina AG Common Shares,Basic Materials,Other Industrial Metals & Mining,Switzerland
LINC,Lincoln Educational Services Corporation Common Stock,Consumer Defensive,Education & Training Services,USA
FLNG,FLEX LNG Ltd. Ordinary Shares,Energy,Oil & Gas Midstream,Bermuda
RLJ,RLJ Lodging Trust Common Shares of Beneficial Interest $0.01 par value,Real Estate,REIT - Hotel & Motel,USA
SNDX,"Syndax Pharmaceuticals, Inc. Common Stock",Healthcare,Biotechnology,USA
GHRS,GH Research PLC Ordinary Shares,Healthcare,Biotechnology,Ireland
MUA,"Blackrock MuniAssets Fund, Inc Common Stock",Financial,Closed-End Fund - Debt,USA
CLVT,Clarivate Plc Ordinary Shares,Technology,Information Technology Services,United Kingdom
AMLX,"Amylyx Pharmaceuticals, Inc. Common Stock",Healthcare,Drug Manufacturers - Specialty & Generic,USA
AGL,"agilon health, inc. Common Stock",Healthcare,Medical Care Facilities,USA
HLIT,Harmonic Inc. Common Stock,Technology,Communication Equipment,USA
SFL,SFL Corporation Ltd,Industrials,Marine Shipping,Bermuda
FRMEP,First Merchants Corporation Depository Shares,,,USA
XNET,Xunlei Limited American Depositary Shares,Technology,Software - Infrastructure,China
NRIX,"Nurix Therapeutics, Inc. Common stock",Healthcare,Biotechnology,USA
WBTN,WEBTOON Entertainment Inc. Common stock,Communication Services,Internet Content & Information,USA
NCV,Virtus Convertible & Income Fund Common Shares of Beneficial Interest,Financial,Closed-End Fund - Debt,USA
SNDA,"Sonida Senior Living, Inc. Common Stock",Healthcare,Medical Care Facilities,USA
DCH,Dauch Corporation Common Stock,Consumer Cyclical,Auto Parts,USA
BKT,BlackRock Income Trust Inc. (The),Financial,Closed-End Fund - Debt,USA
BFC,Bank First Corporation Common Stock,Financial,Banks - Regional,USA
ALGT,Allegiant Travel Company Common Stock,Industrials,Airlines,USA
DXC,DXC Technology Company Common Stock ,Technology,Information Technology Services,USA
BORR,Borr Drilling Limited Common Shares,Energy,Oil & Gas Drilling,Bermuda
OXSQG,Oxford Square Capital Corp. 5.50% Notes due 2028,,,USA
FLO,"Flowers Foods, Inc. Common Stock",Consumer Defensive,Packaged Foods,USA
TRIN,Trinity Capital Inc. Common Stock,Financial,Asset Management,USA
UMAC,"Unusual Machines, Inc. Common Stock",Technology,Computer Hardware,USA
VIR,"Vir Biotechnology, Inc. Common Stock",Healthcare,Biotechnology,USA
AVBP,"ArriVent BioPharma, Inc. Common Stock",Healthcare,Biotechnology,USA
CNOB,"ConnectOne Bancorp, Inc. Common Stock",Financial,Banks - Regional,USA
AEVA,"Aeva Technologies, Inc. Common Stock",Technology,Software - Infrastructure,USA
SLVM,Sylvamo Corporation Common Stock,Basic Materials,Paper & Paper Products,USA
AI,"C3.ai, Inc. Class A Common Stock",Technology,Software - Infrastructure,USA
PRCT,PROCEPT BioRobotics Corporation Common Stock,Healthcare,Medical Devices,USA
QCRH,"QCR Holdings, Inc. Common Stock",Financial,Banks - Regional,USA
KW,Kennedy-Wilson Holdings Inc. Common Stock,Real Estate,Real Estate Services,USA
GAM,"General American Investors, Inc. Common Stock",Financial,Closed-End Fund - Equity,USA
WKC,World Kinect Corporation Common Stock,Energy,Oil & Gas Refining & Marketing,USA
ALNT,Allient Inc. Common Stock,Technology,Electronic Components,USA
FMC,FMC Corporation Common Stock,Basic Materials,Agricultural Inputs,USA
BY,"Byline Bancorp, Inc. Common Stock",Financial,Banks - Regional,USA
SLNHP,"Soluna Holdings, Inc 9.0% Series A Cumulative Perpetual Preferred Stock ",,,USA
REX,REX American Resources Corporation,Basic Materials,Chemicals,USA
AOSL,Alpha and Omega Semiconductor Limited Common Shares,Technology,Semiconductors,USA
ANAB,"AnaptysBio, Inc. Common Stock",Healthcare,Biotechnology,USA
BAK,Braskem SA ADR,Basic Materials,Chemicals,Brazil
ECCC,Eagle Point Credit Company 6.50% Series C Term Preferred Stock due 2031,,,USA
LZB,La-Z-Boy Incorporated Common Stock,Consumer Cyclical,"Furnishings, Fixtures & Appliances",USA
ALMR,"Alamar Biosciences, Inc. Common Stock",Healthcare,Medical Devices,USA
MAN,ManpowerGroup Common Stock,Industrials,Staffing & Employment Services,USA
STAA,STAAR Surgical Company Common Stock,Healthcare,Medical Instruments & Supplies,USA
OBK,"Origin Bancorp, Inc. Common Stock",Financial,Banks - Regional,USA
AFGC,"American Financial Group, Inc. 5.125% Subordinated Debentures due 2059",,,USA
KARO,Karooooo Ltd. Ordinary Shares,Technology,Software - Application,Singapore
WLDN,"Willdan Group, Inc. Common Stock",Industrials,Engineering & Construction,USA
LKFN,Lakeland Financial Corporation Common Stock,Financial,Banks - Regional,USA
PRGO,Perrigo Company plc Ordinary Shares,Healthcare,Drug Manufacturers - Specialty & Generic,Ireland
NEO,"NeoGenomics, Inc. Common Stock",Healthcare,Diagnostics & Research,USA
BKSY,BlackSky Technology Inc. Class A Common Stock,Industrials,Specialty Business Services,USA
NICM,Nicola Mining Inc. American Depositary Shares,Basic Materials,Other Industrial Metals & Mining,Canada
MBX,"MBX Biosciences, Inc. Common Stock",Healthcare,Biotechnology,USA
CBL,"CBL & Associates Properties, Inc. Common Stock",Real Estate,REIT - Retail,USA
RYZ,Ryerson Holding Corporation Common Stock,Industrials,Metal Fabrication,USA
GLUE,"Monte Rosa Therapeutics, Inc. Common Stock",Healthcare,Biotechnology,USA
AAT,"American Assets Trust, Inc. Common Stock",Real Estate,REIT - Diversified,USA
CSWC,Capital Southwest Corporation Common Stock,Financial,Asset Management,USA
ECCV,Eagle Point Credit Company 5.375% Notes due 2029,,,USA
CNL,Collective Mining Ltd. Common Shares,Basic Materials,Gold,Canada
ACDC,ProFrac Holding Corp. Class A Common Stock,Energy,Oil & Gas Equipment & Services,USA
UZE,"Array Digital Infrastructure, Inc. 5.500% Senior Notes due 2070",,,USA
LIND,Lindblad Expeditions Holdings Inc. Common Stock,Consumer Cyclical,Travel Services,USA
FOR,Forestar Group Inc Common Stock ,Real Estate,Real Estate - Development,USA
ARI,"Apollo Commercial Real Estate Finance, Inc",Real Estate,REIT - Mortgage,USA
GBX,"Greenbrier Companies, Inc. (The) Common Stock",Industrials,Railroads,USA
MRTN,"Marten Transport, Ltd. Common Stock",Industrials,Trucking,USA
AVAH,Aveanna Healthcare Holdings Inc. Common Stock,Healthcare,Medical Care Facilities,USA
TNC,Tennant Company Common Stock,Industrials,Specialty Industrial Machinery,USA
PWP,Perella Weinberg Partners Class A Common Stock,Financial,Capital Markets,USA
UZF,"Array Digital Infrastructure, Inc. 5.500% Senior Notes due 2070",,,USA
KALV,"KalVista Pharmaceuticals, Inc. Common Stock",Healthcare,Biotechnology,USA
HLX,"Helix Energy Solutions Group, Inc. Common Stock",Energy,Oil & Gas Equipment & Services,USA
HLMN,Hillman Solutions Corp. Common Stock,Industrials,Tools & Accessories,USA
NVGS,Navigator Holdings Ltd. Ordinary Shares (Marshall Islands),Energy,Oil & Gas Midstream,United Kingdom
TRS,TriMas Corporation Common Stock,Consumer Cyclical,Packaging & Containers,USA
ECVT,Ecovyst Inc. Common Stock,Basic Materials,Specialty Chemicals,USA
SEPN,"Septerna, Inc. Common Stock",Healthcare,Biotechnology,USA
SVV,"Savers Value Village, Inc. Common Stock",Consumer Cyclical,Specialty Retail,USA
CRI,"Carter's, Inc. Common Stock",Consumer Cyclical,Apparel Retail,USA
MAZE,"Maze Therapeutics, Inc. Common Stock",Healthcare,Biotechnology,USA
NRP,Natural Resource Partners LP Limited Partnership,Energy,Thermal Coal,USA
ARLO,"Arlo Technologies, Inc. Common Stock",Industrials,Building Products & Equipment,USA
HBNB,Hotel101 Global Holdings Corp. Class A Ordinary Shares,Real Estate,Real Estate Services,Singapore
HCSG,"Healthcare Services Group, Inc. Common Stock",Healthcare,Medical Care Facilities,USA
EVTC,"Evertec, Inc. Common Stock",Technology,Software - Infrastructure,USA
KMPR,Kemper Corporation,Financial,Insurance - Property & Casualty,USA
ADTN,"ADTRAN Holdings, Inc. Common Stock",Technology,Communication Equipment,USA
ARRY,"Array Technologies, Inc. Common Stock",Technology,Solar,USA
FDP,"Fresh Del Monte Produce, Inc. Common Stock",Consumer Defensive,Farm Products,USA
ELVR,Elevra Lithium Limited American Depository Shares,Basic Materials,Other Industrial Metals & Mining,Australia
KMPB,Kemper Corporation 5.875% Fixed-Rate Reset Junior Subordinated Debentures due 2062,,,USA
IDT,IDT Corporation Class B Common Stock,Communication Services,Telecom Services,USA
RXT,"Rackspace Technology, Inc. Common Stock",Technology,Software - Infrastructure,USA
DAO,"Youdao, Inc. American Depositary Shares, each representing one Class A Ordinary Share",Consumer Defensive,Education & Training Services,China
JJSF,J & J Snack Foods Corp. Common Stock,Consumer Defensive,Packaged Foods,USA
LEG,"Leggett & Platt, Incorporated Common Stock",Consumer Cyclical,"Furnishings, Fixtures & Appliances",USA
TRIP,"TripAdvisor, Inc. Common Stock",Consumer Cyclical,Travel Services,USA
YSWY,"Yesway, Inc. Class A Common Stock",Consumer Defensive,Grocery Stores,USA
NOMD,Nomad Foods Limited Ordinary Shares,Consumer Defensive,Packaged Foods,United Kingdom
RVLV,"Revolve Group, Inc. Class A Common Stock",Consumer Cyclical,Internet Retail,USA
IMCR,Immunocore Holdings plc American Depositary Shares,Healthcare,Biotechnology,United Kingdom
VMET,Versamet Royalties Corporation Common Stock,Basic Materials,Other Precious Metals & Mining,Canada
CEVA,"CEVA, Inc. Common Stock",Technology,Semiconductors,USA
ATRC,"AtriCure, Inc. Common Stock",Healthcare,Medical Instruments & Supplies,USA
PFBC,Preferred Bank Common Stock,Financial,Banks - Regional,USA
MLTX,MoonLake Immunotherapeutics Class A Ordinary Shares,Healthcare,Biotechnology,Switzerland
CCEC,Capital Clean Energy Carriers Corp. Common Share,Industrials,Marine Shipping,Greece
PGEN,"Precigen, Inc. Common Stock",Healthcare,Biotechnology,USA
DMRA,"Damora Therapeutics, Inc. Common Stock",Healthcare,Biotechnology,USA
KDK,"Kodiak AI, Inc. Common Stock ",Technology,Software - Infrastructure,USA
OLPX,"Olaplex Holdings, Inc. Common Stock",Consumer Cyclical,Specialty Retail,USA
PURR,Hyperliquid Strategies Inc Common Stock,Financial,Capital Markets,USA
PRG,"PROG Holdings, Inc. Common Stock",Industrials,Rental & Leasing Services,USA
IPX,IperionX Limited American Depositary Share,Basic Materials,Other Industrial Metals & Mining,USA
IART,Integra LifeSciences Holdings Corporation Common Stock,Healthcare,Medical Devices,USA
IMTX,Immatics N.V. Ordinary Shares,Healthcare,Biotechnology,Germany
MPLT,"MapLight Therapeutics, Inc. Common Stock",Healthcare,Biotechnology,USA
NNE,Nano Nuclear Energy Inc. Common Stock,Industrials,Specialty Industrial Machinery,USA
IAUX,i-80 Gold Corp. Common Shares,Basic Materials,Gold,USA
GSL,Global Ship Lease Inc New Class A Common Shares,Industrials,Marine Shipping,Greece
WLFC,Willis Lease Finance Corporation Common Stock,Industrials,Rental & Leasing Services,USA
WINA,Winmark Corporation Common Stock,Consumer Cyclical,Specialty Retail,USA
HYLN,Hyliion Holdings Corp. Class A Common Stock,Consumer Cyclical,Auto Parts,USA
PBT,Permian Basin Royalty Trust Common Stock,Energy,Oil & Gas Midstream,USA
DMLP,"Dorchester Minerals, L.P. Common Units Representing Limited Partnership Interests",Energy,Oil & Gas E&P,USA
BFLY,"Butterfly Network, Inc. Class A Common Stock",Healthcare,Medical Devices,USA
GIII,"G-III Apparel Group, LTD. Common Stock",Consumer Cyclical,Apparel Manufacturing,USA
RVMDW,"Revolution Medicines, Inc. Warrant",,,USA
URGN,UroGen Pharma Ltd. Ordinary Shares,Healthcare,Biotechnology,USA
TTI,"Tetra Technologies, Inc. Common Stock",Industrials,Conglomerates,USA
ULCC,"Frontier Group Holdings, Inc. Common Stock",Industrials,Airlines,USA
LU,"Lufax Holding Ltd American Depositary Shares, each representing two (2) Ordinary Shares",Financial,Credit Services,China
VZLA,Vizsla Silver Corp. Common Shares,Basic Materials,Other Industrial Metals & Mining,Canada
BCAX,Bicara Therapeutics Inc. Common Stock,Healthcare,Biotechnology,USA
PAHC,Phibro Animal Health Corporation Class A Common Stock,Healthcare,Drug Manufacturers - Specialty & Generic,USA
INBX,"Inhibrx Biosciences, Inc. Common Stock",Healthcare,Biotechnology,USA
AFGE,"American Financial Group, Inc. 4.500% Subordinated Debentures due 2060",,,USA
ORC,"Orchid Island Capital, Inc. Common Stock",Real Estate,REIT - Mortgage,USA
ARDX,"Ardelyx, Inc. Common Stock",Healthcare,Biotechnology,USA
TNDM,"Tandem Diabetes Care, Inc. Common Stock",Healthcare,Medical Devices,USA
LOMA,Loma Negra Compania Industrial Argentina Sociedad Anonima ADS,Basic Materials,Building Materials,Argentina
PRGS,Progress Software Corporation Common Stock (DE),Technology,Software - Infrastructure,USA
DOLE,Dole plc Ordinary Shares,Consumer Defensive,Farm Products,Ireland
LSPD,Lightspeed Commerce Inc. Subordinate Voting Shares,Technology,Software - Application,Canada
AHCO,AdaptHealth Corp. Common Stock,Healthcare,Medical Devices,USA
BLFS,"BioLife Solutions, Inc. Common Stock",Healthcare,Medical Instruments & Supplies,USA
WABC,Westamerica Bancorporation Common Stock,Financial,Banks - Regional,USA
CSIQ,Canadian Solar Inc. Common Shares (ON),Technology,Solar,Canada
TDOC,"Teladoc Health, Inc. Common Stock",Healthcare,Health Information Services,USA
UVV,Universal Corporation Common Stock,Consumer Defensive,Tobacco,USA
CMP,Compass Minerals Intl Inc Common Stock,Basic Materials,Other Industrial Metals & Mining,USA
ENOV,Enovis Corporation Common Stock,Healthcare,Medical Devices,USA
DFH,"Dream Finders Homes, Inc. Class A Common Stock",Consumer Cyclical,Residential Construction,USA
PGY,Pagaya Technologies Ltd. Class A Ordinary Shares,Technology,Software - Infrastructure,USA
AFYA,Afya Limited Class A Common Shares,Consumer Defensive,Education & Training Services,Brazil
ALX,"Alexander's, Inc. Common Stock",Real Estate,REIT - Retail,USA
WWW,"Wolverine World Wide, Inc. Common Stock",Consumer Cyclical,Footwear & Accessories,USA
BLKB,"Blackbaud, Inc. Common Stock",Technology,Software - Application,USA
YELP,Yelp Inc. Common Stock,Communication Services,Internet Content & Information,USA
LADR,Ladder Capital Corp Class A Common Stock,Real Estate,REIT - Mortgage,USA
TWO,Two Harbors Investment Corp,Real Estate,REIT - Mortgage,USA
ITRN,Ituran Location and Control Ltd. Ordinary Shares,Technology,Scientific & Technical Instruments,Israel
TBLA,Taboola.com Ltd. Ordinary Shares,Communication Services,Internet Content & Information,USA
CDRE,"Cadre Holdings, Inc. Common Stock",Industrials,Aerospace & Defense,USA
HROW,"Harrow, Inc. Common Stock",Healthcare,Drug Manufacturers - Specialty & Generic,USA
ENR,"Energizer Holdings, Inc. Common Stock",Industrials,Electrical Equipment & Parts,USA
SPH,"Suburban Propane Partners, L.P. Common Stock",Utilities,Utilities - Regulated Gas,USA
MRVI,"Maravai LifeSciences Holdings, Inc. Class A Common Stock",Healthcare,Biotechnology,USA
WEN,Wendy's Company (The) Common Stock,Consumer Cyclical,Restaurants,USA
UMH,"UMH Properties, Inc. Common Stock",Real Estate,REIT - Residential,USA
UAMY,United States Antimony Corporation Common Stock,Basic Materials,Other Industrial Metals & Mining,USA
BHRB,Burke & Herbert Financial Services Corp. Common Stock,Financial,Banks - Regional,USA
NSSC,"NAPCO Security Technologies, Inc. Common Stock",Industrials,Security & Protection Services,USA
NSP,"Insperity, Inc. Common Stock",Industrials,Staffing & Employment Services,USA
DSGR,"Distribution Solutions Group, Inc. Common Stock",Industrials,Industrial Distribution,USA
PDS,Precision Drilling Corporation Common Stock,Energy,Oil & Gas Drilling,Canada
UAN,"CVR Partners, LP Common Units representing Limited Partner Interests",Basic Materials,Agricultural Inputs,USA
GSHD,"Goosehead Insurance, Inc. Class A Common Stock",Financial,Insurance Brokers,USA
ATEX,Anterix Inc. Common Stock,Communication Services,Telecom Services,USA
SHAZ,"SharonAI Holdings, Inc. Class A Common Stock",Technology,Information Technology Services,USA
RMIX,"Suncrete, Inc. Class A Common Stock",Basic Materials,Building Materials,USA
MUX,McEwen Inc. Common Stock,Basic Materials,Other Precious Metals & Mining,Canada
XPEL,"XPEL, Inc. Common Stock",Consumer Cyclical,Auto Parts,USA
PSNL,"Personalis, Inc. Common Stock",Healthcare,Diagnostics & Research,USA
PRA,ProAssurance Corporation Common Stock,Financial,Insurance - Property & Casualty,USA
AMAL,Amalgamated Financial Corp. Common Stock (DE),Financial,Banks - Regional,USA
GHM,Graham Corporation Common Stock,Industrials,Specialty Industrial Machinery,USA
PEBO,Peoples Bancorp Inc. Common Stock,Financial,Banks - Regional,USA
CXM,"Sprinklr, Inc. Class A Common Stock",Technology,Software - Application,USA
CNOBP,"ConnectOne Bancorp, Inc. Depositary Shares, each representing a 1/40th interest in a share of 5.25% Fixed-Rate Reset Non-Cumulative Perpetual Preferred Stock, Series A",,,USA
NAK,"Northern Dynasty Minerals, Ltd. Common Stock",Basic Materials,Other Industrial Metals & Mining,Canada
TMP,Tompkins Financial Corporation Common Stock,Financial,Banks - Regional,USA
VTOL,"Bristow Group, Inc. Common Stock",Energy,Oil & Gas Equipment & Services,USA
TROX,Tronox Holdings plc Ordinary Shares (UK),Basic Materials,Chemicals,USA
ICFI,"ICF International, Inc. Common Stock",Industrials,Consulting Services,USA
ATLC,Atlanticus Holdings Corporation Common Stock,Financial,Credit Services,USA
VIA,"Via Transportation, Inc. Class A Common Stock",Technology,Software - Application,USA
EYE,"National Vision Holdings, Inc. Common Stock",Consumer Cyclical,Specialty Retail,USA
IRS,IRSA Inversiones Y Representaciones S.A. Global Depositary Shares (Each representing ten shares of Common Stock),Real Estate,Real Estate Services,Argentina
NMAX,"Newsmax, Inc. Class B Common Stock",Communication Services,Broadcasting,USA
NPKI,NPK International Inc. Common Stock,Industrials,Building Products & Equipment,USA
ARDT,"Ardent Health, Inc. Common Stock",Healthcare,Medical Care Facilities,USA
TUYA,"Tuya Inc. American Depositary Shares, each representing one Class A Ordinary Share",Technology,Software - Infrastructure,China
PRCH,"Porch Group, Inc. Common Stock",Financial,Insurance - Property & Casualty,USA
RDWR,Radware Ltd. Ordinary Shares,Technology,Software - Infrastructure,Israel
OI,"O-I Glass, Inc. Common Stock",Consumer Cyclical,Packaging & Containers,USA
KYIVW,Kyivstar Group Ltd. Warrant,,,USA
SIFY,Sify Technologies Limited American Depositary Shares,Communication Services,Telecom Services,India
CCO,"Clear Channel Outdoor Holdings, Inc. Common Stock",Communication Services,Advertising Agencies,USA
CTBI,"Community Trust Bancorp, Inc. Common Stock",Financial,Banks - Regional,USA
GCT,GigaCloud Technology Inc Class A Ordinary Shares,Technology,Software - Infrastructure,USA
HTLD,"Heartland Express, Inc. Common Stock",Industrials,Trucking,USA
ATEC,"Alphatec Holdings, Inc. Common Stock",Healthcare,Medical Devices,USA
ODC,Oil-Dri Corporation Of America Common Stock,Basic Materials,Specialty Chemicals,USA
INSP,"Inspire Medical Systems, Inc. Common Stock",Healthcare,Medical Devices,USA
PRSU,"Pursuit Attractions and Hospitality, Inc. Common Stock",Consumer Cyclical,Travel Services,USA
SATL,Satellogic Inc. Class A Common Stock,Industrials,Aerospace & Defense,USA
EDN,Empresa Distribuidora Y Comercializadora Norte S.A. (Edenor) American Depositary Shares,Utilities,Utilities - Regulated Electric,Argentina
FINV,FinVolution Group American Depositary Shares,Financial,Credit Services,China
GILT,Gilat Satellite Networks Ltd. Ordinary Shares,Technology,Communication Equipment,Israel
WAFDP,"WaFd, Inc. Depositary Shares",,,USA
BKKT,"Bakkt, Inc. Class A Common Stock",Technology,Software - Infrastructure,USA
AMC,"AMC Entertainment Holdings, Inc. Class A Common Stock",Communication Services,Entertainment,USA
NCZ,Virtus Convertible & Income Fund II Common Shares of Beneficial Interest,Financial,Closed-End Fund - Debt,USA
TDAY,"USA TODAY Co., Inc. Common Stock",Communication Services,Publishing,USA
PLTK,Playtika Holding Corp. Common Stock,Communication Services,Electronic Gaming & Multimedia,Israel
IRMD,iRadimed Corporation Common Stock,Healthcare,Medical Devices,USA
CDNA,"CareDx, Inc. Common Stock",Healthcare,Diagnostics & Research,USA
KMTS,"Kestra Medical Technologies, Ltd. Common Stock",Healthcare,Medical Instruments & Supplies,USA
GOLD,"Gold.com, Inc. Common Stock",Financial,Capital Markets,USA
FMBH,"First Mid Bancshares, Inc. Common Stock",Financial,Banks - Regional,USA
AMN,AMN Healthcare Services Inc,Healthcare,Medical Care Facilities,USA
PICS,PicS N.V. Class A Common Shares,Technology,Software - Infrastructure,Brazil
COAG,"Hemab Therapeutics Holdings, Inc. Common Stock",Healthcare,Biotechnology,USA
LNN,Lindsay Corporation Common Stock,Industrials,Farm & Heavy Construction Machinery,USA
ASTE,"Astec Industries, Inc. Common Stock",Industrials,Farm & Heavy Construction Machinery,USA
SDGR,"Schrodinger, Inc. Common Stock",Healthcare,Health Information Services,USA
MBINM,"Merchants Bancorp Depositary Shares, Each Representing a 1/40th Interest in a Share of 8.25% Fixed-Rate Reset Series D Non-Cumulative Perpetual Preferred Stock",,,USA
SCCD,Sachem Capital Corp. 6.00% Notes due 2026,,,USA
NWPX,"NWPX Infrastructure, Inc. Common Stock",Basic Materials,Steel,USA
HLF,Herbalife Ltd. Common Shares,Consumer Defensive,Packaged Foods,USA
IMPPP,Imperial Petroleum Inc. 8.75% Series A Cumulative Redeemable Perpetual Preferred Shares,,,USA
SCCG,Sachem Capital Corp. 8.00% Notes due 2027,,,USA
LGIH,"LGI Homes, Inc. Common Stock",Consumer Cyclical,Residential Construction,USA
SCCF,Sachem Capital Corp. 7.125% Notes due 2027,,,USA
WVE,Wave Life Sciences Ltd. Ordinary Shares,Healthcare,Biotechnology,Singapore
SCL,Stepan Company Common Stock,Basic Materials,Specialty Chemicals,USA
AVNS,"Avanos Medical, Inc. Common Stock",Healthcare,Medical Devices,USA
GIC,Global Industrial Company Common Stock,Industrials,Industrial Distribution,USA
KOPN,Kopin Corporation Common Stock,Technology,Electronic Components,USA
ALVO,Alvotech Ordinary Shares,Healthcare,Drug Manufacturers - Specialty & Generic,Luxembourg
SCCE,Sachem Capital Corp. 6.00% Notes due 2027,,,USA
THRM,Gentherm Inc Common Stock,Consumer Cyclical,Auto Parts,USA
DJTWW,Trump Media & Technology Group Corp. Warrants,,,USA
ZBIO,"Zenas BioPharma, Inc. Common Stock",Healthcare,Biotechnology,USA
ASM,Avino Silver & Gold Mines Ltd. Common Shares (Canada),Basic Materials,Other Precious Metals & Mining,Canada
NRGV,"Energy Vault Holdings, Inc. Common Stock",Utilities,Utilities - Renewable,USA
HIVE,HIVE Digital Technologies Ltd. Common Shares,Financial,Capital Markets,USA
JKS,JinkoSolar Holding Company Limited American Depositary Shares (each representing 4 Common Shares),Technology,Solar,China
LQDT,"Liquidity Services, Inc. Common Stock",Consumer Cyclical,Internet Retail,USA
MBINL,"Merchants Bancorp Depositary Shares, Each Representing a 1/40thInterest in a Share of 7.25% Fixed Rate Series E Non-CumulativePerpetual Preferred Stock, without par value",,,USA
XIFR,"XPLR Infrastructure, LP Common Units representing limited partner interests",Utilities,Utilities - Renewable,USA
SBR,Sabine Royalty Trust Common Stock,Energy,Oil & Gas Midstream,USA
ABSI,Absci Corporation Common Stock,Healthcare,Biotechnology,USA
LFMDP,"LifeMD, Inc. 8.875% Series A Cumulative Perpetual Preferred Stock",,,USA
SBH,"Sally Beauty Holdings, Inc. (Name to be changed from Sally Holdings, Inc.) Common Stock",Consumer Cyclical,Specialty Retail,USA
ASA,ASA  Gold and Precious Metals Limited,Financial,Closed-End Fund - Equity,USA
PSEC,Prospect Capital Corporation Common Stock,Financial,Asset Management,USA
DQ,"DAQO New Energy Corp. American Depositary Shares, each representing five ordinary shares",Technology,Solar,China
XZO,"Exzeo Group, Inc. Common Stock",Financial,Insurance - Diversified,USA
BV,"BrightView Holdings, Inc. Common Stock",Industrials,Specialty Business Services,USA
HFWA,Heritage Financial Corporation Common Stock,Financial,Banks - Regional,USA
EVLV,"Evolv Technologies Holdings, Inc. Class A Common Stock",Industrials,Security & Protection Services,USA
ROCK,"Gibraltar Industries, Inc. Common Stock",Industrials,Building Products & Equipment,USA
FCEL,"FuelCell Energy, Inc. Common Stock",Industrials,Electrical Equipment & Parts,USA
MMI,"Marcus & Millichap, Inc. Common Stock",Real Estate,Real Estate Services,USA
AVLN,Avalyn Pharma Inc. Common Stock,Healthcare,Biotechnology,USA
SBET,"Sharplink, Inc. Common Stock",Financial,Capital Markets,USA
APPS,"Digital Turbine, Inc. Common Stock",Technology,Software - Application,USA
UFCS,"United Fire Group, Inc. Common Stock",Financial,Insurance - Property & Casualty,USA
UVSP,Univest Financial Corporation Common Stock,Financial,Banks - Regional,USA
MCB,Metropolitan Bank Holding Corp. Common Stock,Financial,Banks - Regional,USA
PXED,"Phoenix Education Partners, Inc. Common Stock",Consumer Defensive,Education & Training Services,USA
PDM,"Piedmont Realty Trust, Inc. Class A Common Stock",Real Estate,REIT - Office,USA
NAT,Nordic American Tankers Limited Common Stock,Energy,Oil & Gas Midstream,Bermuda
DSL,DoubleLine Income Solutions Fund Common Shares of Beneficial Interests,Financial,Closed-End Fund - Debt,USA
METC,"Ramaco Resources, Inc. Class A Common Stock",Basic Materials,Coking Coal,USA
CIM,Chimera Investment Corporation Common Stock,Real Estate,REIT - Mortgage,USA
JBGS,JBG SMITH Properties Common Shares ,Real Estate,REIT - Diversified,USA
UHAL,U-Haul Holding Company Common Stock,Industrials,Rental & Leasing Services,USA
LPTH,"LightPath Technologies, Inc. Class A Common Stock",Technology,Electronic Components,USA
OPK,"OPKO Health, Inc. Common Stock",Healthcare,Diagnostics & Research,USA
DEA,"Easterly Government Properties, Inc. Common Stock",Real Estate,REIT - Office,USA
OSBC,"Old Second Bancorp, Inc. Common Stock",Financial,Banks - Regional,USA
FUBO,FuboTV Inc. Class A Common Stock,Communication Services,Broadcasting,USA
AKTS,"Aktis Oncology, Inc. Common stock",Healthcare,Biotechnology,USA
ASST,"Strive, Inc. Class A Common Stock",Financial,Asset Management,USA
TEN,Tsakos Energy Navigation Ltd Common Shares,Energy,Oil & Gas Midstream,Greece
EVEX,"Eve Holding, Inc. Common Stock",Industrials,Aerospace & Defense,USA
ELE,Elemental Royalty Corporation Common Stock,Basic Materials,Other Precious Metals & Mining,USA
AGBK,AGI Inc Class A Common Shares,Financial,Banks - Regional,Brazil
BTZ,BlackRock Credit Allocation Income Trust,Financial,Closed-End Fund - Debt,USA
REAL,"The RealReal, Inc. Common Stock",Consumer Cyclical,Luxury Goods,USA
GOODN,Gladstone Commercial Corporation 6.625% Series E Cumulative Redeemable Preferred Stock,,,USA
INDI,"indie Semiconductor, Inc. Class A Common Stock",Technology,Semiconductors,USA
SAFE,Safehold Inc. New Common Stock ,Real Estate,REIT - Diversified,USA
CVLG,"Covenant Logistics Group, Inc. Class A Common Stock",Industrials,Trucking,USA
MNKD,MannKind Corporation Common Stock,Healthcare,Biotechnology,USA
SVRA,Savara Inc. Common Stock,Healthcare,Biotechnology,USA
PTA,Cohen & Steers Tax-Advantaged Preferred Securities and Income Fund Common Shares of Beneficial Interest,Financial,Closed-End Fund - Debt,USA
DEC,Diversified Energy Company Common Stock,Energy,Oil & Gas Integrated,USA
OMDA,"Omada Health, Inc. Common Stock",Healthcare,Health Information Services,USA
LIFE,Ethos Technologies Inc. Class A Common Stock,Financial,Insurance Brokers,USA
UPWK,Upwork Inc. Common Stock,Communication Services,Internet Content & Information,USA
BST,BlackRock Science and Technology Trust Common Shares of Beneficial Interest,Financial,Closed-End Fund - Equity,USA
OCSL,Oaktree Specialty Lending Corporation Common Stock,Financial,Asset Management,USA
OPY,"Oppenheimer Holdings, Inc. Class A Common Stock (DE)",Financial,Capital Markets,USA
IGIC,International General Insurance Holdings Ltd. Ordinary Share,Financial,Insurance - Diversified,Jordan
CCB,Coastal Financial Corporation Common Stock,Financial,Banks - Regional,USA
ABR,Arbor Realty Trust Common Stock,Real Estate,REIT - Mortgage,USA
SVC,Service Properties Trust Common Stock,Real Estate,REIT - Hotel & Motel,USA
MBC,"MasterBrand, Inc. Common Stock",Consumer Cyclical,"Furnishings, Fixtures & Appliances",USA
PZZA,"Papa John's International, Inc. Common Stock",Consumer Cyclical,Restaurants,USA
XERS,"Xeris Biopharma Holdings, Inc. Common Stock",Healthcare,Drug Manufacturers - Specialty & Generic,USA
UPBD,"Upbound Group, Inc. Common Stock",Technology,Software - Application,USA
WYFI,"WhiteFiber, Inc. Ordinary Shares",Technology,Information Technology Services,USA
CRSR,"Corsair Gaming, Inc. Common Stock",Technology,Computer Hardware,USA
COLL,"Collegium Pharmaceutical, Inc. Common Stock",Healthcare,Drug Manufacturers - Specialty & Generic,USA
HTFC,Horizon Technology Finance Corporation 6.25% Notes due 2027,,,USA
SMPL,The Simply Good Foods Company Common Stock,Consumer Defensive,Packaged Foods,USA
CNMD,CONMED Corporation Common Stock,Healthcare,Medical Devices,USA
GPRE,Green Plains Inc. Common Stock,Basic Materials,Chemicals,USA
CRON,Cronos Group Inc. Common Share,Healthcare,Drug Manufacturers - Specialty & Generic,Canada
AZTA,"Azenta, Inc.",Healthcare,Medical Instruments & Supplies,USA
SOUNW,"SoundHound AI, Inc. Warrant",,,USA
GNK,Genco Shipping & Trading Limited Ordinary Shares New (Marshall Islands),Industrials,Marine Shipping,USA
DLX,Deluxe Corporation Common Stock,Industrials,Conglomerates,USA
HPK,"HighPeak Energy, Inc. Common Stock",Energy,Oil & Gas E&P,USA
PNTG,"The Pennant Group, Inc. Common Stock ",Healthcare,Medical Care Facilities,USA
LUCK,Lucky Strike Entertainment Corporation Class A Common Stock,Consumer Cyclical,Leisure,USA
QDEL,QuidelOrtho Corporation Common Stock,Healthcare,Medical Devices,USA
HBT,"HBT Financial, Inc. Common Stock",Financial,Banks - Regional,USA
IQ,"iQIYI, Inc. American Depositary Shares",Communication Services,Entertainment,China
NHP,"National Healthcare Properties, Inc. Class A Common Stock",Real Estate,REIT - Healthcare Facilities,USA
DBVT,DBV Technologies S.A. American Depositary Shares,Healthcare,Biotechnology,France
DCBG,"Dime Commercial Bancshares, Inc. 9.000% Junior Subordinated Notes",,,USA
ETW,Eaton Vance Corporation Eaton Vance Tax-Managed Global Buy-Write Opportunites Fund Common Shares of Beneficial Interest,Financial,Closed-End Fund - Foreign,USA
LUXE,"LuxExperience B.V. American Depositary Shares, each representing one Ordinary Share",Consumer Cyclical,Luxury Goods,Germany
PLOW,"Douglas Dynamics, Inc. Common Stock",Consumer Cyclical,Auto Parts,USA
EYPT,"EyePoint, Inc. Common Stock",Healthcare,Biotechnology,USA
AMPL,"Amplitude, Inc. Class A Common Stock",Technology,Software - Application,USA
RNP,"Cohen & Steers REIT and Preferred and Income Fund, Inc. Common Shares",Financial,Closed-End Fund - Debt,USA
AEF,"abrdn Emerging Markets ex-China Fund, Inc. Common Stock",Financial,Closed-End Fund - Equity,USA
TWFG,"TWFG, Inc. Class A Common Stock",Financial,Insurance Brokers,USA
OCFC,OceanFirst Financial Corp. Common Stock,Financial,Banks - Regional,USA
GSBD,"Goldman Sachs BDC, Inc. Common Stock",Financial,Asset Management,USA
HSLV,Highlander Silver Corp. Common Shares,Basic Materials,Silver,Canada
ACVA,ACV Auctions Inc. Class A Common Stock,Consumer Cyclical,Auto & Truck Dealerships,USA
BCX,BlackRock Resources Common Shares of Beneficial Interest,Financial,Closed-End Fund - Equity,USA
MGRT,Mega Fortune Company Limited Ordinary Shares,Technology,Information Technology Services,Hong Kong
PSUS,"Pershing Square USA, Ltd. Common Shares",Financial,Closed-End Fund - Equity,USA
AORT,"Artivion, Inc. Common Stock",Healthcare,Medical Devices,USA
BRBR,"BellRing Brands, Inc. Common Stock ",Consumer Defensive,Packaged Foods,USA
BULLW,Webull Corporation Warrants,,,USA
MLKN,"MillerKnoll, Inc. Common Stock",Consumer Cyclical,"Furnishings, Fixtures & Appliances",USA
CSR,D/B/A Centerspace Common Stock,Real Estate,REIT - Residential,USA
LMB,"Limbach Holdings, Inc. Common Stock",Industrials,Building Products & Equipment,USA
RZLV,Rezolve AI PLC Ordinary Shares,Technology,Software - Infrastructure,United Kingdom
SAFT,"Safety Insurance Group, Inc. Common Stock",Financial,Insurance - Property & Casualty,USA
ASPI,ASP Isotopes Inc. Common Stock,Basic Materials,Chemicals,USA
RUMBW,Rumble Inc. Warrant,,,USA
ENHA,Enhanced Group Inc. Class A Common Stock,Consumer Defensive,Packaged Foods,Hong Kong
SBGI,"Sinclair, Inc. Class A Common Stock",Communication Services,Broadcasting,USA
TBN,Tamboran Resources Corporation Common stock,Energy,Oil & Gas E&P,Australia
LZ,"LegalZoom.com, Inc. Common Stock",Industrials,Specialty Business Services,USA
VRTS,"Virtus Investment Partners, Inc. Common Stock",Financial,Asset Management,USA
CFFN,"Capitol Federal Financial, Inc. Common Stock",Financial,Banks - Regional,USA
UVE,UNIVERSAL INSURANCE HOLDINGS INC Common Stock,Financial,Insurance - Property & Casualty,USA
TK,Teekay Corporation Ltd. Common Stock,Energy,Oil & Gas Midstream,Bermuda
EEX,"Emerald Holding, Inc. Common Stock",Communication Services,Advertising Agencies,USA
SENEB,Seneca Foods Corp. Class B Common Stock,,,USA
CRVS,"Corvus Pharmaceuticals, Inc. Common Stock",Healthcare,Biotechnology,USA
NBN,Northeast Bank Common Stock,Financial,Banks - Regional,USA
ACEL,"Accel Entertainment, Inc. ",Consumer Cyclical,Gambling,USA
GOODO,"Gladstone Commercial Corporation 6.00% Series G Cumulative Redeemable Preferred Stock, par value $0.001 per share",,,USA
SBSI,"Southside Bancshares, Inc. Common Stock",Financial,Banks - Regional,USA
WSR,Whitestone REIT Common Shares,Real Estate,REIT - Retail,USA
VYX,NCR Voyix Corporation Common Stock,Technology,Information Technology Services,USA
UTZ,Utz Brands Inc Class A Common Stock ,Consumer Defensive,Packaged Foods,USA
INNV,InnovAge Holding Corp. Common Stock,Healthcare,Medical Care Facilities,USA
MSEX,Middlesex Water Company Common Stock,Utilities,Utilities - Regulated Water,USA
FSCO,FS Credit Opportunities Corp. Common Stock,Financial,Closed-End Fund - Debt,USA
BUR,Burford Capital Limited Ordinary Shares,Financial,Asset Management,United Kingdom
APEI,"American Public Education, Inc. Common Stock",Consumer Defensive,Education & Training Services,USA
ABTC,American Bitcoin Corp. Class A Common Stock,Financial,Capital Markets,USA
AIZN,"Assurant, Inc. 5.25% Subordinated Notes due 2061",,,USA
SIGIP,"Selective Insurance Group, Inc. Depositary Shares, each representing a 1/1,000th interest in a share of 4.60% Non-Cumulative Preferred Stock, Series B",,,USA
SENEA,Seneca Foods Corp. Class A Common Stock,Consumer Defensive,Packaged Foods,USA
FMN,Federated Hermes Premier Municipal Income Fund,Financial,Closed-End Fund - Debt,USA
RHLD,Resolute Holdings Management Common Stock ,Industrials,Specialty Business Services,USA
GDRX,"GoodRx Holdings, Inc. Class A Common Stock",Healthcare,Health Information Services,USA
SCSC,"ScanSource, Inc. Common Stock",Technology,Electronics & Computer Distribution,USA
KBDC,"Kayne Anderson BDC, Inc. Common Stock",Financial,Asset Management,USA
PSF,"Cohen & Steers Select Preferred and Income Fund, Inc. Common Stock",Financial,Closed-End Fund - Debt,USA
DFIN,"Donnelley Financial Solutions, Inc. Common Stock ",Technology,Software - Application,USA
HBNC,"Horizon Bancorp, Inc. Common Stock",Financial,Banks - Regional,USA
PDX,PIMCO Dynamic Income Strategy Fund Common Shares of Beneficial Interest,Financial,Asset Management,USA
MCBS,"MetroCity Bankshares, Inc. Common Stock",Financial,Banks - Regional,USA
GOOS,Canada Goose Holdings Inc. Subordinate Voting Shares,Consumer Cyclical,Apparel Manufacturing,Canada
RERE,ATRenew Inc. American Depositary Shares (every three of which representing two Class A ordinary shares),Consumer Cyclical,Internet Retail,China
HMH,HMH Holding Inc. Class A Common Stock,Energy,Oil & Gas Equipment & Services,USA
KODK,Eastman Kodak Company Common New,Industrials,Specialty Business Services,USA
TRUP,"Trupanion, Inc. Common Stock",Financial,Insurance - Property & Casualty,USA
EQBK,"Equity Bancshares, Inc. Class A Common Stock",Financial,Banks - Regional,USA
MBINN,Merchants Bancorp Depositary Shares Preferred Series C,,,USA
SCHL,Scholastic Corporation Common Stock,Communication Services,Publishing,USA
AEBI,Aebi Schmidt Holding AG Common Stock ,Industrials,Farm & Heavy Construction Machinery,Switzerland
COUR,"Coursera, Inc. Common Stock",Consumer Defensive,Education & Training Services,USA
DAKT,"Daktronics, Inc. Common Stock",Technology,Electronic Components,USA
MFA,"MFA Financial, Inc.",Real Estate,REIT - Mortgage,USA
SLI,Standard Lithium Ltd. Common Shares,Basic Materials,Other Industrial Metals & Mining,Canada
USPH,"U.S. Physical Therapy, Inc. Common Stock",Healthcare,Medical Care Facilities,USA
AIO,Virtus Artificial Intelligence & Technology Opportunities Fund Common Shares of Beneficial Interest,Financial,Closed-End Fund - Equity,USA
ARHS,"Arhaus, Inc. Class A Common Stock",Consumer Cyclical,Specialty Retail,USA
AVR,Anteris Technologies Global Corp. Common Stock,Healthcare,Medical Instruments & Supplies,USA
NPK,"National Presto Industries, Inc. Common Stock",Industrials,Aerospace & Defense,USA
ESQ,"Esquire Financial Holdings, Inc. Common Stock",Financial,Banks - Regional,USA
ASIC,Ategrity Specialty Insurance Company Holdings Common Stock,Financial,Insurance - Property & Casualty,USA
OLMA,"Olema Pharmaceuticals, Inc. Common Stock",Healthcare,Biotechnology,USA
NUTX,Nutex Health Inc. Common Stock,Healthcare,Medical Care Facilities,USA
HEPS,D-Market Electronic Services & Trading American Depositary Shares,Consumer Cyclical,Internet Retail,Turkey
BFST,"Business First Bancshares, Inc. Common Stock",Financial,Banks - Regional,USA
LXU,"LSB Industries, Inc. Common Stock",Basic Materials,Chemicals,USA
PSIX,"Power Solutions International, Inc. Common Stock",Industrials,Specialty Industrial Machinery,USA
IMSR,Terrestrial Energy Inc. Common Stock  ,Utilities,Utilities - Regulated Electric,USA
WOOF,"Petco Health and Wellness Company, Inc. Class A Common Stock",Consumer Cyclical,Specialty Retail,USA
FSBC,Five Star Bancorp Common Stock,Financial,Banks - Regional,USA
GAINZ,Gladstone Investment Corporation 4.875% Notes due 2028,,,USA
CRAI,"CRA International, Inc. Common Stock",Industrials,Consulting Services,USA
TRST,TrustCo Bank Corp NY Common Stock,Financial,Banks - Regional,USA
BHFAL,"Brighthouse Financial, Inc. 6.25% Junior Subordinated Debentures due 2058",,,USA
CCNE,CNB Financial Corporation Common Stock,Financial,Banks - Regional,USA
HQH,abrdn Healthcare Investors Shares of Beneficial Interest,Financial,Closed-End Fund - Equity,USA
RWAYL,Runway Growth Finance Corp. 7.50% Notes due 2027,,,USA
EPC,Edgewell Personal Care Company Common Stock,Consumer Defensive,Household & Personal Products,USA
MBWM,Mercantile Bank Corporation Common Stock,Financial,Banks - Regional,USA
CPF,Central Pacific Financial Corp New,Financial,Banks - Regional,USA
ESRT,"Empire State Realty Trust, Inc. Class A Common Stock",Real Estate,REIT - Diversified,USA
HAFC,Hanmi Financial Corporation Common Stock,Financial,Banks - Regional,USA
SPTX,"Seaport Therapeutics, Inc. Common Stock",Healthcare,Biotechnology,USA
DRTS,Alpha Tau Medical Ltd. Ordinary Shares,Healthcare,Biotechnology,Israel
LANDO,Gladstone Land Corporation 6.00% Series B Cumulative Redeemable Preferred Stock,,,USA
VLRS,"Controladora Vuela Compania de Aviacion, S.A.B. de C.V. American Depositary Shares, each representing ten (10) Ordinary Participation Certificates",Industrials,Airlines,Mexico
TIGR,UP Fintech Holding Ltd American Depositary Share representing fifteen Class A Ordinary Shares,Financial,Capital Markets,Singapore
UTL,UNITIL Corporation Common Stock,Utilities,Utilities - Diversified,USA
BJRI,"BJ's Restaurants, Inc. Common Stock",Consumer Cyclical,Restaurants,USA
TCBIO,"Texas Capital Bancshares, Inc. Depositary Shares 5.75% Fixed Rate Non-Cumulative Perpetual Preferred Stock Series B",,,USA
SPRY,"ARS Pharmaceuticals, Inc. Common Stock",Healthcare,Biotechnology,USA
FTK,"Flotek Industries, Inc. Common Stock",Energy,Oil & Gas Equipment & Services,USA
BFS,"Saul Centers, Inc. Common Stock",Real Estate,REIT - Retail,USA
BHFAO,"Brighthouse Financial, Inc. Depositary Shares 6.75% Non-Cumulative Preferred Stock, Series B",,,USA
HNRG,Hallador Energy Company Common Stock,Utilities,Utilities - Independent Power Producers,USA
GTM,ZoomInfo Technologies Inc Common Stock,Technology,Software - Application,USA
ANNX,"Annexon, Inc. Common Stock",Healthcare,Biotechnology,USA
MYE,"Myers Industries, Inc. Common Stock",Consumer Cyclical,Packaging & Containers,USA
PCRX,"Pacira BioSciences, Inc. Common Stock",Healthcare,Drug Manufacturers - Specialty & Generic,USA
RPC,"Ridgepost Capital, Inc. Class A Common Stock",Financial,Asset Management,USA
MFIC,MidCap Financial Investment Corporation Common Stock,Financial,Asset Management,USA
XNCR,"Xencor, Inc. Common Stock",Healthcare,Biotechnology,USA
NBBK,"NB Bancorp, Inc. Common Stock",Financial,Banks - Regional,USA
JCAP,"Jefferson Capital, Inc. Common Stock",Financial,Credit Services,USA
PMT,PennyMac Mortgage Investment Trust Common Shares of Beneficial Interest,Real Estate,REIT - Mortgage,USA
AIAI,AIAI Holdings Corporation Class A Common Stock,Industrials,Conglomerates,USA
AMTB,Amerant Bancorp Inc. Class A Common Stock,Financial,Banks - Regional,USA
CGEM,"Cullinan Therapeutics, Inc. Common Stock",Healthcare,Biotechnology,USA
NEWP,New Pacific Metals Corp. Common Shares,Basic Materials,Silver,Canada
MGTX,MeiraGTx Holdings plc Ordinary Shares,Healthcare,Biotechnology,USA
JBSS,"John B. Sanfilippo & Son, Inc. Common Stock",Consumer Defensive,Packaged Foods,USA
LANDP,Gladstone Land Corporation 6.00% Series C Cumulative Redeemable Preferred Stock,,,USA
IVA,Inventiva S.A. American Depository Shares,Healthcare,Biotechnology,France
AUROW,"Aurora Innovation, Inc. Warrant",,,USA
BANFP,BancFirst Corporation - BFC Capital Trust II Cumulative Trust Preferred Securities,,,USA
BBDC,"Barings BDC, Inc. Common Stock",Financial,Asset Management,USA
PHAR,"Pharming Group N.V. ADS, each representing 10 ordinary shares",Healthcare,Biotechnology,Netherlands
SHEN,Shenandoah Telecommunications Co Common Stock,Communication Services,Telecom Services,USA
CPAC,Cementos Pacasmayo S.A.A. American Depositary Shares (Each representing five Common Shares),Basic Materials,Building Materials,Peru
BHFAP,"Brighthouse Financial, Inc. Depositary Shares 6.6% Non-Cumulative Preferred Stock, Series A",,,USA
SUPV,Grupo Supervielle S.A. American Depositary Shares each Representing five Class B shares,Financial,Banks - Regional,Argentina
SG,"Sweetgreen, Inc. Class A Common Stock",Consumer Cyclical,Restaurants,USA
JBIO,"Jade Biosciences, Inc. Common Stock",Healthcare,Biotechnology,USA
SMP,"Standard Motor Products, Inc. Common Stock",Consumer Cyclical,Auto Parts,USA
CERT,"Certara, Inc. Common Stock",Healthcare,Health Information Services,USA
HDL,SUPER HI INTERNATIONAL HOLDING LTD. American Depositary Shares,Consumer Cyclical,Restaurants,Singapore
TALK,"Talkspace, Inc. Common Stock",Healthcare,Health Information Services,USA
TRNS,"Transcat, Inc. Common Stock",Industrials,Specialty Business Services,USA
ARKO,ARKO Corp. Common Stock,Consumer Cyclical,Specialty Retail,USA
CRCT,"Cricut, Inc. Class A Common Stock",Technology,Computer Hardware,USA
CRTO,Criteo S.A. American Depositary Shares,Communication Services,Advertising Agencies,France
CCOI,"Cogent Communications Holdings, Inc.",Communication Services,Telecom Services,USA
TRON,Tron Inc. Common Stock,Consumer Cyclical,Leisure,USA
INMD,InMode Ltd. Ordinary Shares,Healthcare,Medical Devices,Israel
JMIA,"Jumia Technologies AG American Depositary Shares, each representing two Ordinary Shares",Consumer Cyclical,Internet Retail,Germany
ABUS,Arbutus Biopharma Corporation Common Stock,Healthcare,Biotechnology,USA
BCSF,"Bain Capital Specialty Finance, Inc. Common Stock",Financial,Asset Management,USA
NB,NioCorp Developments Ltd. Common Stock,Basic Materials,Other Industrial Metals & Mining,USA
KFRC,"Kforce, Inc. Common Stock",Industrials,Staffing & Employment Services,USA
BMM,Blue Moon Metals Inc. Common Shares,Basic Materials,Other Industrial Metals & Mining,Canada
INR,"Infinity Natural Resources, Inc. Class A Common Stock",Energy,Oil & Gas E&P,USA
CAC,Camden National Corporation Common Stock,Financial,Banks - Regional,USA
ABX,"Abacus Global Management, Inc. Class A Common Stock",Financial,Insurance - Life,USA
LYTS,LSI Industries Inc. Common Stock,Technology,Electronic Components,USA
EFOR,"Everforth, Inc. Common Stock",Technology,Information Technology Services,USA
LXRX,"Lexicon Pharmaceuticals, Inc. Common Stock",Healthcare,Biotechnology,USA
TBPH,"Theravance Biopharma, Inc. Ordinary Shares",Healthcare,Biotechnology,USA
MOMO,Hello Group Inc. American Depositary Shares,Communication Services,Internet Content & Information,China
ALOY,REalloys Inc. Common Stock,Basic Materials,Other Industrial Metals & Mining,USA
THFF,First Financial Corporation Common Stock,Financial,Banks - Regional,USA
JANX,"Janux Therapeutics, Inc. Common Stock",Healthcare,Biotechnology,USA
MTUS,Metallus Inc. Common Shares,Basic Materials,Steel,USA
MTAL,Metals Acquisition Corp. II Class A Ordinary Shares,Financial,Shell Companies,Cayman Islands
GO,Grocery Outlet Holding Corp. Common Stock,Consumer Defensive,Grocery Stores,USA
EVC,Entravision Communications Corporation Common Stock,Communication Services,Advertising Agencies,USA
FMNB,Farmers National Banc Corp. Common Stock,Financial,Banks - Regional,USA
MOV,Movado Group Inc. Common Stock,Consumer Cyclical,Luxury Goods,USA
DSP,Viant Technology Inc. Class A Common Stock,Technology,Software - Application,USA
ROOT,"Root, Inc. Class A Common Stock",Financial,Insurance - Property & Casualty,USA
CAPL,CrossAmerica Partners LP Common Units representing limited partner interests,Energy,Oil & Gas Refining & Marketing,USA
ORIC,"Oric Pharmaceuticals, Inc. Common Stock",Healthcare,Biotechnology,USA
RJET,Republic Airways Holdings Inc. Common Stock,Industrials,Airlines,USA
GLIBA,Liberty Capital Corporation Series A GCI Group Common Stock,Communication Services,Telecom Services,USA
LBRX,LB Pharmaceuticals Inc Common Stock,Healthcare,Biotechnology,USA
WRLD,World Acceptance Corporation Common Stock,Financial,Credit Services,USA
EGBN,"Eagle Bancorp, Inc. Common Stock",Financial,Banks - Regional,USA
PFLT,PennantPark Floating Rate Capital Ltd. Common Stock,Financial,Asset Management,USA
GLIBK,Liberty Capital Corporation Series C GCI Group Common Stock,Communication Services,Telecom Services,USA
CCU,"Compania Cervecerias Unidas, S.A. Common Stock",Consumer Defensive,Beverages - Brewers,Chile
AMPH,"Amphastar Pharmaceuticals, Inc. Common Stock",Healthcare,Drug Manufacturers - Specialty & Generic,USA
YALA,"Yalla Group Limited American Depositary Shares, each representing one Class A Ordinary Share",Technology,Software - Application,United Arab Emirates
SSYS,"Stratasys, Ltd. Ordinary Shares (Israel)",Technology,Computer Hardware,USA
SANA,"Sana Biotechnology, Inc. Common Stock",Healthcare,Biotechnology,USA
ADSE,ADS-TEC ENERGY PLC Ordinary Shares,Industrials,Electrical Equipment & Parts,Ireland
MPB,Mid Penn Bancorp Common Stock,Financial,Banks - Regional,USA
NXDR,"Nextdoor Holdings, Inc. Class A Common Stock",Communication Services,Internet Content & Information,USA
OBE,Obsidian Energy Ltd. Common Shares,Energy,Oil & Gas E&P,Canada
VFSWW,VinFast Auto Ltd. Warrant,,,USA
NX,Quanex Building Products Corporation Common Stock,Industrials,Building Products & Equipment,USA
ADAM,"Adamas Trust, Inc. Common Stock",Real Estate,REIT - Mortgage,USA
ODV,Osisko Development Corp. Common Shares,Basic Materials,Gold,Canada
SWMR,"Swarmer, Inc Common Stock",Technology,Software - Infrastructure,USA
METCB,"Ramaco Resources, Inc. Class B Common Stock",,,USA
REPL,"Replimune Group, Inc. Common Stock",Healthcare,Biotechnology,USA
CYRX,"CryoPort, Inc. Common Stock",Industrials,Integrated Freight & Logistics,USA
LAES,SEALSQ Corp Ordinary Shares,Technology,Semiconductors,Switzerland
HCMA,HCM III Acquisition Corp. Class A Ordinary Share,Financial,Shell Companies,USA
EIG,Employers Holdings Inc Common Stock,Financial,Insurance - Specialty,USA
WLKP,Westlake Chemical Partners LP Common Units representing limited partner interests,Basic Materials,Chemicals,USA
KOP,Koppers Holdings Inc. Common Stock,Basic Materials,Specialty Chemicals,USA
FCBC,"First Community Bankshares, Inc. (VA) Common Stock",Financial,Banks - Regional,USA
LOT,Lotus Technology Inc. American Depositary Shares,Consumer Cyclical,Auto Manufacturers,China
SPIR,"Spire Global, Inc. Class A Common Stock",Industrials,Specialty Business Services,USA
ESPR,"Esperion Therapeutics, Inc. Common Stock",Healthcare,Drug Manufacturers - Specialty & Generic,USA
AHG,Akso Health Group ADS,Healthcare,Medical Distribution,China
CRESY,Cresud S.A.C.I.F. y A. American Depositary Shares,Industrials,Conglomerates,Argentina
CODI,D/B/A Compass Diversified Holdings Shares of Beneficial Interest,Industrials,Conglomerates,USA
ANL,Adlai Nortye Ltd. American Depositary Shares,Healthcare,Biotechnology,China
BOW,Bowhead Specialty Holdings Inc. Common Stock,Financial,Insurance - Property & Casualty,USA
SXC,"SunCoke Energy, Inc. Common Stock",Basic Materials,Coking Coal,USA
BBSI,"Barrett Business Services, Inc. Common Stock",Industrials,Staffing & Employment Services,USA
APOG,"Apogee Enterprises, Inc. Common Stock",Industrials,Building Products & Equipment,USA
MATW,Matthews International Corporation Class A Common Stock,Industrials,Conglomerates,USA
PCTTW,"PureCycle Technologies, Inc. Warrant",,,USA
WGO,"Winnebago Industries, Inc. Common Stock",Consumer Cyclical,Recreational Vehicles,USA
HTB,"HomeTrust Bancshares, Inc. Common Stock",Financial,Banks - Regional,USA
LMRI,"Lumexa Imaging Holdings, Inc. Common Stock",Healthcare,Medical Devices,USA
ETON,"Eton Pharmaceuticals, Inc. Common Stock",Healthcare,Drug Manufacturers - Specialty & Generic,USA
GROY,Gold Royalty Corp. Common Shares,Basic Materials,Gold,Canada
GSBC,"Great Southern Bancorp, Inc. Common Stock",Financial,Banks - Regional,USA
KRO,Kronos Worldwide Inc Common Stock,Basic Materials,Specialty Chemicals,USA
REPX,"Riley Exploration Permian, Inc. Common Stock",Energy,Oil & Gas E&P,USA
PHAT,"Phathom Pharmaceuticals, Inc. Common Stock",Healthcare,Biotechnology,USA
SPFI,"South Plains Financial, Inc. Common Stock",Financial,Banks - Regional,USA
AGNT,"eXp World Holdings, Inc. Common Stock",Real Estate,Real Estate Services,USA
EVGO,EVgo Inc. Class A Common Stock,Consumer Cyclical,Specialty Retail,USA
HTZWW,"Hertz Global Holdings, Inc Warrant",,,USA
KURA,"Kura Oncology, Inc. Common Stock",Healthcare,Biotechnology,USA
PGC,Peapack-Gladstone Financial Corporation Common Stock,Financial,Banks - Regional,USA
JLHL,Julong Holding Limited Class A Ordinary Shares,Industrials,Building Products & Equipment,China
GERN,Geron Corporation Common Stock,Healthcare,Biotechnology,USA
VOR,Vor Biopharma Inc. Common Stock,Healthcare,Biotechnology,USA
SSII,SS Innovations International Inc. Common Stock,Healthcare,Medical Devices,USA
HZO,"MarineMax, Inc.  (FL) Common Stock",Consumer Cyclical,Specialty Retail,USA
URG,Ur Energy Inc Common Shares (Canada),Energy,Uranium,USA
GSM,Ferroglobe PLC Ordinary Shares,Basic Materials,Other Industrial Metals & Mining,United Kingdom
TMQ,Trilogy Metals Inc. Common Stock,Basic Materials,Other Industrial Metals & Mining,Canada
ODTX,"Odyssey Therapeutics, Inc. Common Stock",Healthcare,Biotechnology,USA
IBTA,"Ibotta, Inc. Class A Common Stock",Technology,Software - Application,USA
RDVT,"Red Violet, Inc. Common Stock ",Technology,Software - Application,USA
TXO,"TXO Partners, L.P. Common Units Representing Limited Partner Interests",Energy,Oil & Gas E&P,USA
SMBC,"Southern Missouri Bancorp, Inc. Common Stock",Financial,Banks - Regional,USA
RILYN,"BRC Group Holdings, Inc. 6.50% Senior Notes Due 2026",,,USA
CCBG,Capital City Bank Group Common Stock,Financial,Banks - Regional,USA
HPP,"Hudson Pacific Properties, Inc. Common Stock",Real Estate,REIT - Office,USA
CGBD,"Carlyle Secured Lending, Inc. Common Stock",Financial,Asset Management,USA
BIOA,"BioAge Labs, Inc. Common Stock",Healthcare,Drug Manufacturers - Specialty & Generic,USA
NMFC,New Mountain Finance Corporation Common Stock,Financial,Asset Management,USA
MNTN,"MNTN, Inc. Class A Common Stock",Technology,Software - Application,USA
DC,Dakota Gold Corp. Common Stock,Basic Materials,Gold,USA
AVO,"Mission Produce, Inc. Common Stock",Consumer Defensive,Food Distribution,USA
NIE,Virtus Equity & Convertible Income Fund Common Shares of Beneficial Interest,Financial,Closed-End Fund - Equity,USA
GFR,Greenfire Resources Ltd. Common Shares,Energy,Oil & Gas E&P,Canada
RILYG,"BRC Group Holdings, Inc. 5.00% Senior Notes due 2026",,,USA
MITN,"TPG Mortgage Investment Trust, Inc. 9.500% Senior Notes due 2029",,,USA
SLDP,"Solid Power, Inc. Class A Common Stock",Consumer Cyclical,Auto Parts,USA
EVMN,"Evommune, Inc. Common Stock",Healthcare,Biotechnology,USA
MITP,"TPG Mortgage Investment Trust, Inc. 9.500% Senior Notes due 2029",,,USA
FOXF,Fox Factory Holding Corp. Common Stock,Consumer Cyclical,Auto Parts,USA
VTS,"Vitesse Energy, Inc. Common Stock",Energy,Oil & Gas E&P,USA
OMER,Omeros Corporation Common Stock,Healthcare,Biotechnology,USA
FPH,"Five Point Holdings, LLC Class A Common Shares",Real Estate,Real Estate - Development,USA
KRNT,Kornit Digital Ltd. Ordinary Shares,Industrials,Specialty Industrial Machinery,Israel
GEGGL,"Great Elm Group, Inc.  7.25% Notes due 2027",,,USA
HSTM,"HealthStream, Inc. Common Stock",Healthcare,Health Information Services,USA
CBRL,"Cracker Barrel Old Country Store, Inc Common Stock",Consumer Cyclical,Restaurants,USA
ORRF,"Orrstown Financial Services, Inc. Common Stock",Financial,Banks - Regional,USA
NXRT,"NexPoint Residential Trust, Inc. Common Stock",Real Estate,REIT - Residential,USA
SKYH,Sky Harbour Group Corporation Class A Common Stock,Real Estate,Real Estate - Development,USA
CCNEP,"CNB Financial Corporation Depositary Shares, each representing a 1/40th ownership interest in a share of 7.125% Series A Fixed-Rate Non-Cumulative Perpetual Preferred Stock",,,USA
PD,"PagerDuty, Inc. Common Stock",Technology,Software - Application,USA
WEST,Westrock Coffee Company Common Stock,Consumer Defensive,Packaged Foods,USA
SABR,Sabre Corporation Common Stock,Technology,Software - Infrastructure,USA
DRUG,Bright Minds Biosciences Inc. Common Stock,Healthcare,Biotechnology,USA
IVR,INVESCO MORTGAGE CAPITAL INC Common Stock,Real Estate,REIT - Mortgage,USA
NAVI,Navient Corporation Common Stock,Financial,Credit Services,USA
EFSCP,"Enterprise Financial Services Corporation Depositary Shares Each Representing a 1/40th Interest in a Share of 5% Fixed Rate Non-Cumulative Perpetual Preferred Stock, Series A",,,USA
DJCO,Daily Journal Corp. (S.C.) Common Stock,Technology,Software - Application,USA
BVS,Bioventus Inc. Class A Common Stock,Healthcare,Medical Devices,USA
GDOT,"Green Dot Corporation Class A Common Stock, $0.001 par value",Financial,Credit Services,USA
BRSP,"BrightSpire Capital, Inc. Class A Common Stock",Real Estate,REIT - Mortgage,USA
NABL,"N-able, Inc. Common Stock",Technology,Information Technology Services,USA
CWH,"Camping World Holdings, Inc. Class A Common Stock",Consumer Cyclical,Auto & Truck Dealerships,USA
QNC,Quantum eMotion Corp. Common Shares,Technology,Software - Infrastructure,Canada
OPFI,OppFi Inc. Class A Common Stock,Financial,Credit Services,USA
ALRS,Alerus Financial Corporation Common Stock,Financial,Banks - Regional,USA
FISI,"Financial Institutions, Inc. Common Stock",Financial,Banks - Regional,USA
MAKO,Mako Mining Corp Common Stock,Basic Materials,Gold,Canada
MTA,Metalla Royalty & Streaming Ltd. Common Shares,Basic Materials,Other Precious Metals & Mining,Canada
MITK,"Mitek Systems, Inc. Common Stock",Technology,Software - Application,USA
NFGC,New Found Gold Corp Common Shares,Basic Materials,Gold,Canada
SLRC,SLR Investment Corp. Common Stock,Financial,Asset Management,USA
NEWTP,"NewtekOne, Inc. Depositary Shares, Non-Cumulative Perpetual Preferred Stock, Series B",,,USA
TMCR,The Metals Royalty Company Inc. Common Stock,Basic Materials,Other Industrial Metals & Mining,Canada
AVTX,"Avalo Therapeutics, Inc. Common Stock",Healthcare,Biotechnology,USA
RSKD,Riskified Ltd. Class A Ordinary Shares,Technology,Software - Application,Israel
FDUS,Fidus Investment Corporation Common Stock,Financial,Asset Management,USA
SLDB,Solid Biosciences Inc. Common Stock,Healthcare,Biotechnology,USA
FEIM,"Frequency Electronics, Inc. Common Stock",Technology,Communication Equipment,USA
SMBK,"SmartFinancial, Inc. Common Stock",Financial,Banks - Regional,USA
CBLL,"CeriBell, Inc. Common Stock",Healthcare,Medical Devices,USA
VTEX,VTEX Class A Common Shares,Technology,Software - Application,United Kingdom
DGICB,"Donegal Group, Inc. Class B Common Stock",,,USA
ISOU,IsoEnergy Ltd. Common Shares,Energy,Uranium,Canada
BZH,"Beazer Homes USA, Inc. Common Stock",Consumer Cyclical,Residential Construction,USA
TBLD,Thornburg Income Builder Opportunities Trust Common Stock,Financial,Closed-End Fund - Equity,USA
BHFAN,"Brighthouse Financial, Inc. Depositary shares, each representing a 1/1,000th interest in a share of 5.375% Non-Cumulative Preferred Stock, Series C",,,USA
IBCP,Independent Bank Corporation Common Stock,Financial,Banks - Regional,USA
ALLO,"Allogene Therapeutics, Inc. Common Stock",Healthcare,Biotechnology,USA
GRPN,"Groupon, Inc. Common Stock",Communication Services,Internet Content & Information,USA
AURA,"Aura Biosciences, Inc. Common Stock",Healthcare,Biotechnology,USA
ANRO,"Alto Neuroscience, Inc. Common Stock",Healthcare,Biotechnology,USA
SCZM,Santacruz Silver Mining Ltd. Common Shares,Basic Materials,Other Industrial Metals & Mining,Canada
FBIOP,"Fortress Biotech, Inc. 9.375% Series A Cumulative Redeemable Perpetual Preferred Stock",,,USA
NOAH,Noah Holdings Limited American Depositary Shares,Financial,Asset Management,China
CUBB,"Customers Bancorp, Inc 5.375% Subordinated Notes Due 2034",,,USA
SHBI,Shore Bancshares Inc Common Stock,Financial,Banks - Regional,USA
MRLN,"Merlin, Inc. Common Stock",Industrials,Aerospace & Defense,USA
CTMX,"CytomX Therapeutics, Inc. Common Stock",Healthcare,Biotechnology,USA
NTGR,"NETGEAR, Inc. Common Stock",Technology,Communication Equipment,USA
JBI,"Janus International Group, Inc. Common Stock",Industrials,Building Products & Equipment,USA
PKE,Park Aerospace Corp. Common Stock,Industrials,Aerospace & Defense,USA
OCS,Oculis Holding AG Ordinary shares,Healthcare,Biotechnology,Switzerland
VEL,"Velocity Financial, Inc. Common Stock",Financial,Mortgage Finance,USA
BTQ,BTQ Technologies Corp. Common Stock,Technology,Software - Infrastructure,Canada
FOF,"Cohen & Steers Closed-End Opportunity Fund, Inc. Common Stock",Financial,Closed-End Fund - Equity,USA
YB,Yuanbao Inc. American Depositary Shares,Technology,Software - Application,China
QNST,"QuinStreet, Inc. Common Stock",Communication Services,Advertising Agencies,USA
MGRE,"Affiliated Managers Group, Inc. 6.750% Junior Subordinated Notes due 2064",,,USA
BSTZ,BlackRock Science and Technology Term Trust Common Shares of Beneficial Interest,Financial,Closed-End Fund - Equity,USA
EVER,"EverQuote, Inc. Class A Common Stock",Communication Services,Internet Content & Information,USA
BH,Biglari Holdings Inc. Class B Common Stock,Consumer Cyclical,Restaurants,USA
CADL,"Candel Therapeutics, Inc. Common Stock",Healthcare,Biotechnology,USA
CTO,"CTO Realty Growth, Inc. Common Stock",Real Estate,REIT - Diversified,USA
BWMX,"Betterware de Mexico, S.A.P.I. de C.V. Ordinary Shares",Consumer Cyclical,Specialty Retail,Mexico
OXM,"Oxford Industries, Inc. Common Stock",Consumer Cyclical,Apparel Manufacturing,USA
SWBI,"Smith & Wesson Brands, Inc. Common Stock",Industrials,Aerospace & Defense,USA
CGNT,Cognyte Software Ltd. Ordinary Shares,Technology,Software - Infrastructure,Israel
DSGN,"Design Therapeutics, Inc. Common Stock",Healthcare,Biotechnology,USA
HSHP,Himalaya Shipping Ltd. Common Shares,Industrials,Marine Shipping,Bermuda
RSVR,"Reservoir Media, Inc. Common Stock",Communication Services,Entertainment,USA
NGVC,"Natural Grocers by Vitamin Cottage, Inc. Common Stock",Consumer Defensive,Grocery Stores,USA
CRMD,CorMedix Inc. Common Stock,Healthcare,Biotechnology,USA
MEC,"Mayville Engineering Company, Inc. Common Stock",Industrials,Metal Fabrication,USA
RWT,"Redwood Trust, Inc. Common Stock",Real Estate,REIT - Mortgage,USA
DLY,DoubleLine Yield Opportunities Fund Common Shares of Beneficial Interest,Financial,Closed-End Fund - Debt,USA
MRAM,"Everspin Technologies, Inc. Common Stock",Technology,Semiconductors,USA
NXP,Nuveen Select Tax Free Income Portfolio Common Stock,Financial,Closed-End Fund - Debt,USA
AXG,Solowin Holdings Class A Ordinary Share,Financial,Capital Markets,Hong Kong
NEWTI,"NewtekOne, Inc. 8.00% Fixed Rate Senior Notes due 2028",,,USA
EH,EHang Holdings Limited ADS,Industrials,Aerospace & Defense,China
BALY,Bally's Corporation Common Stock,Consumer Cyclical,Resorts & Casinos,USA
NEWTG,"NewtekOne, Inc. 8.50% Fixed Rate Senior Notes due 2029",,,USA
RLMD,"Relmada Therapeutics, Inc. Common Stock",Healthcare,Biotechnology,USA
WRN,Western Copper and Gold Corporation Common Stock,Basic Materials,Other Industrial Metals & Mining,Canada
CWBC,Community West Bancshares Common Stock,Financial,Banks - Regional,USA
ZVRA,"Zevra Therapeutics, Inc. Common Stock",Healthcare,Biotechnology,USA
SIBN,"SI-BONE, Inc. Common Stock",Healthcare,Medical Devices,USA
SDHC,Smith Douglas Homes Corp. Class A Common Stock,Real Estate,Real Estate - Development,USA
BBOT,"BridgeBio Oncology Therapeutics, Inc. Common Stock  ",Healthcare,Biotechnology,USA
KELYB,"Kelly Services, Inc. Class B Common Stock",,,USA
RMT,"Royce Micro-Cap Trust, Inc. Common Stock",Financial,Closed-End Fund - Equity,USA
GRNT,"Granite Ridge Resources, Inc. Common Stock",Energy,Oil & Gas E&P,USA
FBRT,"Franklin BSP Realty Trust, Inc. Common Stock",Real Estate,REIT - Mortgage,USA
ACRS,"Aclaris Therapeutics, Inc. Common Stock",Healthcare,Biotechnology,USA
TIPT,Tiptree Inc. Common Stock,Financial,Insurance - Specialty,USA
CSTL,"Castle Biosciences, Inc. Common Stock",Healthcare,Diagnostics & Research,USA
HOV,"Hovnanian Enterprises, Inc. Class A Common Stock",Consumer Cyclical,Residential Construction,USA
VRRM,Verra Mobility Corporation Class A Common Stock,Technology,Information Technology Services,USA
SB,"Safe Bulkers, Inc Common Stock ($0.001 par value)",Industrials,Marine Shipping,Monaco
VMO,Invesco Municipal Opportunity Trust Common Stock,Financial,Closed-End Fund - Debt,USA
TRTX,"TPG RE Finance Trust, Inc. Common Stock",Real Estate,REIT - Mortgage,USA
TCBX,"Third Coast Bancshares, Inc. Common Stock",Financial,Banks - Regional,USA
RILYT,"BRC Group Holdings, Inc. 6.00% Senior Notes Due 2028",,,USA
ASC,Ardmore Shipping Corporation Common Stock,Industrials,Marine Shipping,Bermuda
THM,"International Tower Hill Mines, Ltd. Ordinary Shares (Canada)",Basic Materials,Gold,Canada
SERV,Serve Robotics Inc. Common Stock,Industrials,Specialty Industrial Machinery,USA
SGP,"SpyGlass Pharma, Inc. Common Stock",Healthcare,Biotechnology,USA
XFLT,XAI Octagon Floating Rate & Alternative Income Trust Common Shares of Beneficial Interest,Financial,Closed-End Fund - Debt,USA
RILYL,"BRC Group Holdings, Inc. Depositary Shares each representing 1/1000th in a share of 7.375% Series B Cumulative Perpetual Preferred Stock, par value $0.0001",,,USA
OPENW,"Opendoor Technologies Inc  Series K Warrants, each whole warrant exercisable to purchase one share of Common Stock at an exercise price of $9.00 per warrant",,,USA
BTBT,"Bit Digital, Inc. Ordinary Shares",Financial,Capital Markets,USA
HY,"Hyster-Yale, Inc. Class A common stock",Industrials,Farm & Heavy Construction Machinery,USA
VINP,Vinci Compass Investments Ltd. Class A Common Shares,Financial,Asset Management,Brazil
INN,"Summit Hotel Properties, Inc. Common Stock",Real Estate,REIT - Hotel & Motel,USA
ELA,Envela Corporation Common Stock,Consumer Cyclical,Luxury Goods,USA
HRTG,"Heritage Insurance Holdings, Inc. Common Stock",Financial,Insurance - Property & Casualty,USA
RILYP,"BRC Group Holdings, Inc. Depositary Shares, each representing a 1/1000th fractional interest in a share of Series A Cumulative Perpetual Preferred Stock",,,USA
GMTL,Guardian Metal Resources PLC ADS,Basic Materials,Other Precious Metals & Mining,United Kingdom
TOYO,"TOYO Co., Ltd Ordinary Shares",Technology,Solar,Japan
BTGO,"BitGo Holdings, Inc. Class A Common Stock",Financial,Capital Markets,USA
NCDL,Nuveen Churchill Direct Lending Corp. Common Stock,Financial,Asset Management,USA
SWIM,"Latham Group, Inc. Common Stock",Industrials,Building Products & Equipment,USA
IHRT,"iHeartMedia, Inc. Class A Common Stock",Communication Services,Broadcasting,USA
TRAX,"First Tracks Biotherapeutics, Inc. Ordinary Shares ",Healthcare,Biotechnology,USA
HIPO,Hippo Holdings Inc. Common Stock,Financial,Insurance - Property & Casualty,USA
CNNE,"Cannae Holdings, Inc. Common Stock",Consumer Cyclical,Restaurants,USA
KE,"Kimball Electronics, Inc. Common Stock",Industrials,Electrical Equipment & Parts,USA
WASH,"Washington Trust Bancorp, Inc. Common Stock",Financial,Banks - Regional,USA
RMR,The RMR Group Inc. Class A Common Stock,Real Estate,Real Estate Services,USA
CCSI,"Consensus Cloud Solutions, Inc. Common Stock",Technology,Software - Infrastructure,USA
ONT,"Onterris, Inc. Common Stock",Industrials,Waste Management,USA
FWRG,"First Watch Restaurant Group, Inc. Common Stock",Consumer Cyclical,Restaurants,USA
CARE,"Carter Bankshares, Inc. Common Stock",Financial,Banks - Regional,USA
OIO,OIO Group Ordinary Shares,Financial,Asset Management,Singapore
CLB,Core Laboratories Inc. Common Stock,Energy,Oil & Gas Equipment & Services,USA
BHFAM,"Brighthouse Financial, Inc. Depositary shares each representing a 1/1,000th Interest in a Share of 4.625% Non-Cumulative Preferred Stock, Series D",,,USA
GAIN,Gladstone Investment Corporation Business Development Company,Financial,Asset Management,USA
RGR,"Sturm, Ruger & Company, Inc. Common Stock",Industrials,Aerospace & Defense,USA
PRME,"Prime Medicine, Inc. Common Stock",Healthcare,Biotechnology,USA
OFRM,"Once Upon a Farm, PBC Common Stock",Consumer Defensive,Packaged Foods,USA
PSTL,"Postal Realty Trust, Inc. Class A Common Stock",Real Estate,REIT - Office,USA
CLYM,"Climb Bio, Inc. Common Stock",Healthcare,Biotechnology,USA
MAMA,"Mama's Creations, Inc. Common Stock",Consumer Defensive,Packaged Foods,USA
BCAL,California BanCorp Common Stock,Financial,Banks - Regional,USA
HIFS,Hingham Institution for Savings Common Stock,Financial,Banks - Regional,USA
DGICA,"Donegal Group, Inc. Class A Common Stock",Financial,Insurance - Property & Casualty,USA
TDUP,ThredUp Inc. Class A Common Stock,Consumer Cyclical,Internet Retail,USA
BBNX,"Beta Bionics, Inc. Common Stock",Healthcare,Medical Devices,USA
MCS,Marcus Corporation (The) Common Stock,Communication Services,Entertainment,USA
BRBI,BRBI BR Partners S.A. ADSs,Financial,Capital Markets,Brazil
NDMO,Nuveen Dynamic Municipal Opportunities Fund Common Shares of Beneficial Interest,Financial,Asset Management,USA
HQ,Horizon Quantum Holdings Ltd. Class A Ordinary Shares,Technology,Software - Infrastructure,Singapore
CRMLW,Critical Metals Corp. Warrants,,,USA
SMC,Summit Midstream Corporation Common Stock,Energy,Oil & Gas Midstream,USA
BLMN,"Bloomin' Brands, Inc. Common Stock",Consumer Cyclical,Restaurants,USA
VBNK,VersaBank Common Shares,Financial,Banks - Regional,Canada
RR,Richtech Robotics Inc. Class B Common Stock,Industrials,Specialty Industrial Machinery,USA
GOOD,Gladstone Commercial Corporation Real Estate Investment Trust,Real Estate,REIT - Diversified,USA
AROW,Arrow Financial Corporation Common Stock,Financial,Banks - Regional,USA
WTI,"W&T Offshore, Inc. Common Stock",Energy,Oil & Gas E&P,USA
NUAI,"New Era Energy & Digital, Inc. Common Stock",Technology,Software - Infrastructure,USA
RILYZ,"BRC Group Holdings, Inc. 5.25% Senior Notes due 2028",,,USA
FET,"Forum Energy Technologies, Inc. Common Stock",Energy,Oil & Gas Equipment & Services,USA
CASS,"Cass Information Systems, Inc Common Stock",Industrials,Specialty Business Services,USA
TLRY,"Tilray Brands, Inc. Common Stock ",Healthcare,Drug Manufacturers - Specialty & Generic,Canada
CLFD,"Clearfield, Inc. Common Stock",Technology,Communication Equipment,USA
SSSSL,SuRo Capital Corp. 6.00% Notes due 2026,,,USA
MLAB,"Mesa Laboratories, Inc. Common Stock",Technology,Scientific & Technical Instruments,USA
GYRE,"Gyre Therapeutics, Inc. Common Stock",Healthcare,Biotechnology,USA
PHR,"Phreesia, Inc. Common Stock",Healthcare,Health Information Services,USA
PAR,PAR Technology Corporation Common Stock,Technology,Software - Application,USA
NPB,"Northpointe Bancshares, Inc. Common Stock",Financial,Banks - Regional,USA
CSHR,CoinShares PLC Ordinary Shares,Financial,Capital Markets,United Kingdom
TATT,TAT Technologies Ltd. Ordinary Shares,Industrials,Aerospace & Defense,Israel
CSV,"Carriage Services, Inc. Common Stock",Consumer Cyclical,Personal Services,USA
NFBK,"Northfield Bancorp, Inc. Common Stock (Delaware)",Financial,Banks - Regional,USA
PFIS,Peoples Financial Services Corp. Common Stock,Financial,Banks - Regional,USA
ASIX,AdvanSix Inc. Common Stock ,Basic Materials,Chemicals,USA
RRBI,"Red River Bancshares, Inc. Common Stock",Financial,Banks - Regional,USA
BHB,"Bar Harbor Bankshares, Inc. Common Stock",Financial,Banks - Regional,USA
WHFCL,"WhiteHorse Finance, Inc. 7.875% Notes due 2028",,,USA
GMRS,GMR Solutions Inc. Class A Common Stock,Healthcare,Medical Care Facilities,USA
MSBI,"Midland States Bancorp, Inc. Common Stock",Financial,Banks - Regional,USA
DDL,Dingdong (Cayman) Limited American Depositary Shares (each two representing three Ordinary Shares),Consumer Defensive,Grocery Stores,China
ILPT,Industrial Logistics Properties Trust Common Shares of Beneficial Interest,Real Estate,REIT - Industrial,USA
PACK,Ranpak Holdings Corp Class A Common Stock,Consumer Cyclical,Packaging & Containers,USA
MG,Mistras Group Inc Common Stock,Industrials,Security & Protection Services,USA
IIM,Invesco Value Municipal Income Trust Common Stock,Financial,Closed-End Fund - Debt,USA
IMMX,"Immix Biopharma, Inc. Common Stock",Healthcare,Biotechnology,USA
AGMB,AgomAb Therapeutics NV American Depositary Shares,Healthcare,Biotechnology,Belgium
NMCO,Nuveen Municipal Credit Opportunities Fund Common Shares,Financial,Closed-End Fund - Debt,USA
EGY,"VAALCO Energy, Inc.  Common Stock",Energy,Oil & Gas E&P,USA
IDR,"Idaho Strategic Resources, Inc. Common Stock",Basic Materials,Gold,USA
GDYN,"Grid Dynamics Holdings, Inc. Class A Common Stock",Technology,Information Technology Services,USA
GAU,Galiano Gold Inc.,Basic Materials,Gold,Canada
HELE,Helen of Troy Limited Common Stock,Consumer Defensive,Household & Personal Products,Bermuda
CTRN,"Citi Trends, Inc. Common Stock",Consumer Cyclical,Apparel Retail,USA
DDI,"DoubleDown Interactive Co., Ltd. American Depository Shares",Communication Services,Electronic Gaming & Multimedia,South Korea
ELMT,The Elmet Group Co. Common Stock,Industrials,Aerospace & Defense,USA
SD,"SandRidge Energy, Inc. Common Stock",Energy,Oil & Gas E&P,USA
ASTL,Algoma Steel Group Inc. Common Shares,Basic Materials,Steel,Canada
RYAM,Rayonier Advanced Materials Inc. Common Stock,Basic Materials,Chemicals,USA
AMSF,"AMERISAFE, Inc. Common Stock",Financial,Insurance - Specialty,USA
CTGO,Contango Silver & Gold Inc. Common Stock,Basic Materials,Gold,USA
ORN,"Orion Group Holdings, Inc. Common",Industrials,Engineering & Construction,USA
ANGX,"Angel Studios, Inc. Class A Common Stock",Communication Services,Entertainment,USA
PRAA,"PRA Group, Inc. Common Stock",Financial,Credit Services,USA
VLGEA,"Village Super Market, Inc. Class A Common Stock",Consumer Defensive,Grocery Stores,USA
GPRK,Geopark Ltd Common Shares,Energy,Oil & Gas E&P,Colombia
BWMN,Bowman Consulting Group Ltd. Common Stock,Industrials,Engineering & Construction,USA
CABA,"Cabaletta Bio, Inc. Common Stock",Healthcare,Biotechnology,USA
HUYA,"HUYA Inc. American depositary shares, each  representing one Class A ordinary share",Communication Services,Entertainment,China
BWAY,BrainsWay Ltd. American Depositary Shares,Healthcare,Medical Devices,Israel
ODD,ODDITY Tech Ltd. Class A Ordinary Shares,Consumer Defensive,Household & Personal Products,Israel
ALT,"Altimmune, Inc. Common Stock",Healthcare,Biotechnology,USA
TCMD,"Tactile Systems Technology, Inc. Common Stock",Healthcare,Medical Devices,USA
AIOT,"PowerFleet, Inc. Common Stock",Technology,Software - Infrastructure,USA
AGCC,Agencia Comercial Spirits Ltd Class A Ordinary Shares,Consumer Defensive,Beverages - Wineries & Distilleries,Taiwan
MGR,"Affiliated Managers Group, Inc. 5.875% Junior Subordinated Notes due 2059",,,USA
DNUT,"Krispy Kreme, Inc. Common Stock",Consumer Defensive,Grocery Stores,USA
MDXG,"MiMedx Group, Inc Common Stock",Healthcare,Biotechnology,USA
TITN,Titan Machinery Inc. Common Stock,Industrials,Industrial Distribution,USA
DNA,"Ginkgo Bioworks Holdings, Inc. Class A Common Stock",Healthcare,Biotechnology,USA
INV,"Innventure, Inc. Common Stock",Financial,Asset Management,USA
KRT,Karat Packaging Inc. Common Stock,Consumer Cyclical,Packaging & Containers,USA
NEXN,Nexxen International Ltd. Ordinary Shares,Communication Services,Advertising Agencies,Israel
VELO,"Velo3D, Inc. Common stock",Technology,Computer Hardware,USA
UHT,Universal Health Realty Income Trust Common Stock,Real Estate,REIT - Healthcare Facilities,USA
ZSQR,Z Squared Inc. Common Stock,Technology,Software - Infrastructure,USA
RIGL,"Rigel Pharmaceuticals, Inc. Common Stock",Healthcare,Biotechnology,USA
IRWD,"Ironwood Pharmaceuticals, Inc. Class A Common Stock",Healthcare,Drug Manufacturers - Specialty & Generic,USA
IIIN,"Insteel Industries, Inc. Common Stock",Industrials,Metal Fabrication,USA
CTKB,"Cytek Biosciences, Inc. Common Stock",Healthcare,Medical Devices,USA
CERS,Cerus Corporation Common Stock,Healthcare,Medical Devices,USA
PROK,ProKidney Corp. Class A Ordinary Shares,Healthcare,Biotechnology,USA
LEGH,Legacy Housing Corporation Common Stock (TX),Consumer Cyclical,Residential Construction,USA
GOGO,Gogo Inc. Common Stock,Communication Services,Telecom Services,USA
CRNC,Cerence Inc. Common Stock,Technology,Software - Application,USA
NPCE,"Neuropace, Inc. Common Stock",Healthcare,Medical Devices,USA
KRUS,"Kura Sushi USA, Inc. Class A Common Stock",Consumer Cyclical,Restaurants,USA
IIIV,"i3 Verticals, Inc. Class A Common Stock",Technology,Software - Infrastructure,USA
FLGT,"Fulgent Genetics, Inc. Common Stock",Healthcare,Diagnostics & Research,USA
RFI,"Cohen & Steers Total Return Realty Fund, Inc. Common Stock",Financial,Closed-End Fund - Equity,USA
MLR,"Miller Industries, Inc. Common Stock",Consumer Cyclical,Auto Parts,USA
ACNB,ACNB Corporation Common Stock,Financial,Banks - Regional,USA
SFST,"Southern First Bancshares, Inc. Common Stock",Financial,Banks - Regional,USA
NRIM,Northrim BanCorp Inc Common Stock,Financial,Banks - Regional,USA
BWBBP,"Bridgewater Bancshares, Inc. Depositary Shares, Each Representing a 1/100th Interest in a Share of 5.875% Non-Cumulative Perpetual Preferred Stock, Series A",,,USA
PUBM,"PubMatic, Inc. Class A Common Stock",Technology,Software - Application,USA
GEMI,"Gemini Space Station, Inc. Class A Common Stock",Financial,Capital Markets,USA
ELVA,Electrovaya Inc. Common Shares,Industrials,Electrical Equipment & Parts,Canada
TECX,"Tectonic Therapeutic, Inc. Common Stock",Healthcare,Biotechnology,USA
VGM,Invesco Trust for Investment Grade Municipals Common Stock (DE),Financial,Closed-End Fund - Debt,USA
CPS,Cooper-Standard Holdings Inc. Common Stock,Consumer Cyclical,Auto Parts,USA
MSIF,"MSC Income Fund, Inc. Common Stock",Financial,Asset Management,USA
OSPN,OneSpan Inc. Common Stock,Technology,Software - Infrastructure,USA
TASK,"TaskUs, Inc. Class A Common Stock",Technology,Information Technology Services,USA
ACHV,"Achieve Life Sciences, Inc. Common Shares",Healthcare,Biotechnology,USA
CIVB,"Civista Bancshares, Inc. Common Stock",Financial,Banks - Regional,USA
BDN,Brandywine Realty Trust Common Stock,Real Estate,REIT - Office,USA
SRTA,"Strata Critical Medical, Inc. Class A Common Stock",Healthcare,Medical Care Facilities,USA
XMAX,"XMAX, Inc. Common Stock",Consumer Cyclical,"Furnishings, Fixtures & Appliances",USA
RBBN,Ribbon Communications Inc. Common Stock,Technology,Software - Application,USA
VKQ,Invesco Municipal Trust Common Stock,Financial,Closed-End Fund - Debt,USA
UNTY,"Unity Bancorp, Inc. Common Stock",Financial,Banks - Regional,USA
MAX,"MediaAlpha, Inc. Class A Common Stock",Communication Services,Internet Content & Information,USA
ADUR,Aduro Clean Technologies Inc. Common Stock,Industrials,Pollution & Treatment Controls,Canada
INDP,"Indaptus Therapeutics, Inc. Common Stock",Healthcare,Biotechnology,USA
NRDS,"NerdWallet, Inc. Class A Common Stock",Communication Services,Internet Content & Information,USA
ECX,ECARX Holdings Inc. Class A Ordinary shares,Consumer Cyclical,Auto Parts,United Kingdom
KRNY,Kearny Financial Corp Common Stock,Financial,Banks - Regional,USA
CINT,CI&T Inc Class A Common Shares,Technology,Software - Infrastructure,Brazil
BWB,"Bridgewater Bancshares, Inc. Common Stock",Financial,Banks - Regional,USA
XOMA,XOMA Royalty Corporation Common Stock,Healthcare,Biotechnology,USA
BME,Blackrock Health Sciences Trust,Financial,Closed-End Fund - Equity,USA
MBUU,"Malibu Boats, Inc. Class A Common Stock",Consumer Cyclical,Recreational Vehicles,USA
CBNK,"Capital Bancorp, Inc. Common Stock",Financial,Banks - Regional,USA
EIKN,"Eikon Therapeutics, Inc. Common Stock",Healthcare,Biotechnology,USA
OPTX,"Syntec Optics Holdings, Inc. Class A Common Stock",Technology,Electronic Components,USA
SUJA,"Suja Life, Inc. Class A Common Stock",Consumer Defensive,Beverages - Non-Alcoholic,USA
ETD,Ethan Allen Interiors Inc. Common Stock,Consumer Cyclical,"Furnishings, Fixtures & Appliances",USA
NVEC,NVE Corporation Common Stock,Technology,Semiconductors,USA
CLDT,Chatham Lodging Trust (REIT) Common Shares of Beneficial Interest,Real Estate,REIT - Hotel & Motel,USA
MSBIP,"Midland States Bancorp, Inc. Depositary Shares Each Representing a 1/40th Interest in a Share of 7.750% Fixed-Rate Reset Non-Cumulative Perpetual Preferred Stock, Series A",,,USA
GRRR,Gorilla Technology Group Inc. Ordinary shares,Technology,Software - Infrastructure,United Kingdom
TPTA,"Terra Property Trust, Inc. 6.00% Notes due 2026",,,USA
ITRG,Integra Resources Corp. Common Shares,Basic Materials,Other Precious Metals & Mining,Canada
OPTU,"Optimum Communications, Inc. Class A common stock",Communication Services,Telecom Services,USA
FDMT,"4D Molecular Therapeutics, Inc. Common Stock",Healthcare,Biotechnology,USA
OIS,"Oil States International, Inc. Common Stock",Energy,Oil & Gas Equipment & Services,USA
UROY,Uranium Royalty Corp. Common Stock,Energy,Uranium,Canada
IQI,Invesco Quality Municipal Income Trust Common Stock,Financial,Closed-End Fund - Debt,USA
DGXX,Digi Power X Inc. Subordinate Voting Shares,Utilities,Utilities - Independent Power Producers,USA
CARS,Cars.com Inc. Common Stock ,Communication Services,Internet Content & Information,USA
NGS,"Natural Gas Services Group, Inc. Common Stock",Energy,Oil & Gas Equipment & Services,USA
BETR,Better Home & Finance Holding Company Class A Common Stock,Financial,Mortgage Finance,USA
RPD,"Rapid7, Inc. Common Stock",Technology,Software - Infrastructure,USA
AQST,"Aquestive Therapeutics, Inc. Common Stock",Healthcare,Drug Manufacturers - Specialty & Generic,USA
EBF,"Ennis, Inc. Common Stock",Industrials,Business Equipment & Supplies,USA
WDH,Waterdrop Inc. American Depositary Shares (each representing the right to receive 10 Class A Ordinary Shares),Financial,Insurance - Diversified,China
CD,Chaince Digital Holdings Inc. Ordinary Shares,Financial,Capital Markets,USA
OLP,"One Liberty Properties, Inc. Common Stock",Real Estate,REIT - Diversified,USA
ASPN,"Aspen Aerogels, Inc. Common Stock",Industrials,Building Products & Equipment,USA
TRC,Tejon Ranch Co Common Stock,Industrials,Conglomerates,USA
AHRT,"AH Realty Trust, Inc. Common Stock",Real Estate,REIT - Diversified,USA
TYG,Tortoise Energy Infrastructure Corporation Common Stock,Financial,Closed-End Fund - Equity,USA
HBCP,"Home Bancorp, Inc. Common Stock",Financial,Banks - Regional,USA
VCV,Invesco California Value Municipal Income Trust Common Stock,Financial,Closed-End Fund - Debt,USA
FIP,FTAI Infrastructure Inc. Common Stock ,Industrials,Conglomerates,USA
BSRR,Sierra Bancorp Common Stock,Financial,Banks - Regional,USA
CBIO,"Crescent Biopharma, Inc. Common Stock",Healthcare,Biotechnology,USA
ADV,Advantage Solutions Inc. Class A Common Stock,Communication Services,Advertising Agencies,USA
PACB,"Pacific Biosciences of California, Inc. Common Stock",Healthcare,Medical Devices,USA
ABAT,American Battery Technology Company Common Stock,Industrials,Waste Management,USA
TREE,"LendingTree, Inc. Common Stock",Financial,Financial Conglomerates,USA
ETO,Eaton Vance Tax-Advantage Global Dividend Opp Common Stock,Financial,Closed-End Fund - Equity,USA
BLZE,"Backblaze, Inc. Class A Common Stock",Technology,Software - Infrastructure,USA
TWI,"Titan International, Inc. (DE) Common Stock",Industrials,Farm & Heavy Construction Machinery,USA
SFIX,"Stitch Fix, Inc. Class A Common Stock",Consumer Cyclical,Apparel Retail,USA
IPI,"Intrepid Potash, Inc Common Stock",Basic Materials,Agricultural Inputs,USA
ARVN,"Arvinas, Inc. Common Stock",Healthcare,Biotechnology,USA
PRTH,"Priority Technology Holdings, Inc. Common Stock",Technology,Software - Infrastructure,USA
ALMU,"Aeluma, Inc. Common Stock",Technology,Semiconductors,USA
UXIN,Uxin Limited ADS,Consumer Cyclical,Auto & Truck Dealerships,China
ANGO,"AngioDynamics, Inc. Common Stock",Healthcare,Medical Instruments & Supplies,USA
GLRE,"Greenlight Capital Re, Ltd. Class A Ordinary Shares",Financial,Insurance - Reinsurance,Cayman Islands
LAB,Standard BioTools Inc. Common Stock,Healthcare,Medical Devices,USA
SES,SES AI Corporation Class A Common Stock,Consumer Cyclical,Auto Parts,USA
CHCT,Community Healthcare Trust Incorporated Common Stock,Real Estate,REIT - Healthcare Facilities,USA
EVH,"Evolent Health, Inc Class A Common Stock",Healthcare,Health Information Services,USA
VALN,Valneva SE American Depositary Shares,Healthcare,Biotechnology,France
FTHY,First Trust High Yield Opportunities 2027 Term Fund Common Stock,Financial,Closed-End Fund - Debt,USA
ACIC,American Coastal Insurance Corporation Common Stock,Financial,Insurance - Property & Casualty,USA
SSTK,"Shutterstock, Inc. Common Stock",Communication Services,Internet Content & Information,USA
PRTA,Prothena Corporation plc Ordinary Shares,Healthcare,Biotechnology,Ireland
KYTX,"Kyverna Therapeutics, Inc. Common Stock",Healthcare,Biotechnology,USA
FBIZ,"First Business Financial Services, Inc. Common Stock",Financial,Banks - Regional,USA
MGRB,"Affiliated Managers Group, Inc. 4.750% Junior Subordinated Notes due 2060",,,USA
CWCO,Consolidated Water Co. Ltd. Ordinary Shares,Utilities,Utilities - Regulated Water,Cayman Islands
CAL,"Caleres, Inc. Common Stock",Consumer Cyclical,Apparel Retail,USA
JOUT,Johnson Outdoors Inc. Class A Common Stock,Consumer Cyclical,Leisure,USA
YORW,York Water Company (The) Common Stock,Utilities,Utilities - Regulated Water,USA
KLC,"KinderCare Learning Companies, Inc. Common Stock",Consumer Defensive,Education & Training Services,USA
MSC,"Studio City International Holdings Limited American depositary shares, each representing four  Class A ordinary shares",Consumer Cyclical,Resorts & Casinos,Hong Kong
LXFR,Luxfer Holdings PLC Ordinary Shares,Industrials,Specialty Industrial Machinery,USA
PKOH,Park-Ohio Holdings Corp. Common Stock,Industrials,Specialty Industrial Machinery,USA
WILC,"G. Willi-Food International,  Ltd. Ordinary Shares",Consumer Defensive,Food Distribution,Israel
OOMA,"Ooma, Inc. Common Stock",Technology,Software - Application,USA
PANL,Pangaea Logistics Solutions Ltd. Common Shares,Industrials,Marine Shipping,USA
STRO,"Sutro Biopharma, Inc. Common Stock",Healthcare,Biotechnology,USA
SPCE,"Virgin Galactic Holdings, Inc. Common Stock",Industrials,Aerospace & Defense,USA
XRN,Chiron Real Estate Inc. Common Stock,Real Estate,REIT - Healthcare Facilities,USA
TOI,"The Oncology Institute, Inc. Common Stock",Healthcare,Medical Care Facilities,USA
SCVL,"Shoe Carnival, Inc. Common Stock",,,USA
STRZ,Starz Entertainment Corp. Common Shares,Communication Services,Entertainment,USA
CTEV,Claritev Corporation Class A Common Stock,Healthcare,Health Information Services,USA
COFS,"ChoiceOne Financial Services, Inc. Common Stock",Financial,Banks - Regional,USA
OSS,"One Stop Systems, Inc. Common Stock",Technology,Computer Hardware,USA
ESEA,Euroseas Ltd. Common Stock (Marshall Islands),Industrials,Marine Shipping,Greece
KIDS,OrthoPediatrics Corp. Common Stock,Healthcare,Medical Devices,USA
OCGN,"Ocugen, Inc. Common Stock",Healthcare,Biotechnology,USA
OVID,Ovid Therapeutics Inc. Common Stock,Healthcare,Biotechnology,USA
HTT,"High Templar Tech Limited American depositary shares, each representing one Class A ordinary share",Financial,Credit Services,China
GUT,Gabelli Utility Trust (The) Common Stock,Financial,Closed-End Fund - Equity,USA
DBI,Designer Brands Inc. Class A Common Stock,Consumer Cyclical,Footwear & Accessories,USA
MNRO,"Monro, Inc. Common Stock",Consumer Cyclical,Auto Parts,USA
CTNM,"Contineum Therapeutics, Inc. Class A Common Stock",Healthcare,Biotechnology,USA
CCCC,"C4 Therapeutics, Inc. Common Stock",Healthcare,Biotechnology,USA
ALTI,"AlTi Global, Inc. Class A Common Stock",Financial,Asset Management,USA
ZKH,"ZKH Group Limited American Depositary Shares, each representing thirty-five (35) Class A Ordinary Shares",Consumer Cyclical,Internet Retail,China
BBBY,"Bed Bath & Beyond, Inc. Common Stock",Consumer Cyclical,Internet Retail,USA
PSFE,Paysafe Limited Common Shares,Technology,Software - Infrastructure,United Kingdom
WEAV,"Weave Communications, Inc. Common Stock",Healthcare,Health Information Services,USA
GCBC,"Greene County Bancorp, Inc. Common Stock",Financial,Banks - Regional,USA
MOBI,"Mobia Medical, Inc. Common Stock",Healthcare,Medical Devices,USA
ULH,"Universal Logistics Holdings, Inc. Common Stock",Industrials,Trucking,USA
OBT,"Orange County Bancorp, Inc. Common Stock",Financial,Banks - Regional,USA
MVST,"Microvast Holdings, Inc. Common Stock",Consumer Cyclical,Auto Parts,USA
XRX,Xerox Holdings Corporation Common Stock,Industrials,Business Equipment & Supplies,USA
IMXI,"International Money Express, Inc. Common Stock",Technology,Software - Infrastructure,USA
DCBO,Docebo Inc. Common Shares,Technology,Software - Application,Canada
PDLB,"Ponce Financial Group, Inc. Common Stock",Financial,Banks - Regional,USA
ETB,Eaton Vance Tax-Managed Buy-Write Income Fund Eaton Vance Tax-Managed Buy-Write Income Fund Common Shares of Beneficial Interest,Financial,Closed-End Fund - Equity,USA
ACTG,Acacia Research Corporation (Acacia Tech) Common Stock,Industrials,Business Equipment & Supplies,USA
KREF,KKR Real Estate Finance Trust Inc. Common Stock,Real Estate,REIT - Mortgage,USA
SKBL,Skyline Builders Group Holding Limited Class A Ordinary Shares,Industrials,Engineering & Construction,Hong Kong
FRPH,"FRP Holdings, Inc. Common Stock",Real Estate,Real Estate Services,USA
MFI,mF International Limited Class A Ordinary Shares,Technology,Software - Application,Hong Kong
DDD,3D Systems Corporation Common Stock,Technology,Computer Hardware,USA
MEI,"Methode Electronics, Inc. Common Stock",Technology,Electronic Components,USA
BBW,"Build-A-Bear Workshop, Inc. Common Stock",Consumer Cyclical,Specialty Retail,USA
FPI,Farmland Partners Inc. Common Stock,Real Estate,REIT - Specialty,USA
GLOO,"Gloo Holdings, Inc. Class A Common Stock",Technology,Software - Application,USA
SUPX,SuperX AI Technology Limited Ordinary Shares,Technology,Software - Infrastructure,Singapore
MTW,"Manitowoc Company, Inc. (The) Common Stock",Industrials,Farm & Heavy Construction Machinery,USA
CGC,Canopy Growth Corporation Common Shares,Healthcare,Drug Manufacturers - Specialty & Generic,Canada
NRC,NRC Health Common Stock,Healthcare,Health Information Services,USA
ITIC,Investors Title Company Common Stock,Financial,Insurance - Specialty,USA
WAVE,Eco Wave Power Global AB (publ) American Depositary Shares,Utilities,Utilities - Renewable,Israel
SPT,"Sprout Social, Inc Class A Common Stock",Technology,Software - Application,USA
HQL,abrdn Life Sciences Investors Shares of Beneficial Interest,Financial,Closed-End Fund - Equity,USA
MYGN,"Myriad Genetics, Inc. Common Stock",Healthcare,Diagnostics & Research,USA
BLW,Blackrock Limited Duration Income Trust,Financial,Closed-End Fund - Debt,USA
CLNE,Clean Energy Fuels Corp. Common Stock,Energy,Oil & Gas Refining & Marketing,USA
AUTL,Autolus Therapeutics plc American Depositary Share,Healthcare,Biotechnology,United Kingdom
GLAD,Gladstone Capital Corporation Common Stock,Financial,Asset Management,USA
VREX,Varex Imaging Corporation Common Stock,Healthcare,Medical Devices,USA
AIV,Apartment Investment and Management Company Common Stock,Real Estate,REIT - Residential,USA
FSTR,L.B. Foster Company Common Stock,Industrials,Railroads,USA
CDRO,"Codere Online Luxembourg, S.A. Ordinary Shares",Consumer Cyclical,Gambling,Luxembourg
PSNYW,Polestar Automotive Holding UK PLC Class C-1 ADS (ADW),,,USA
SGMT,Sagimet Biosciences Inc. Series A Common Stock,Healthcare,Biotechnology,USA
EBS,Emergent BioSolutions Inc. Common Stock,Healthcare,Drug Manufacturers - Specialty & Generic,USA
EOLS,"Evolus, Inc. Common Stock",Healthcare,Drug Manufacturers - Specialty & Generic,USA
RZLT,"Rezolute, Inc. Common Stock (NV)",Healthcare,Biotechnology,USA
NGNE,Neurogene Inc. Common Stock ,Healthcare,Biotechnology,USA
LSAK,"Lesaka Technologies, Inc. Common Stock",Technology,Software - Infrastructure,South Africa
GCO,Genesco Inc. Common Stock,Consumer Cyclical,Apparel Retail,USA
QUIK,QuickLogic Corporation Common Stock,Technology,Semiconductors,USA
GEVO,"Gevo, Inc. Common Stock",Basic Materials,Specialty Chemicals,USA
MGRD,"Affiliated Managers Group, Inc. 4.200% Junior Subordinated Notes due 2061",,,USA
CLPT,"ClearPoint Neuro, Inc. Common Stock",Healthcare,Medical Devices,USA
EVN,Eaton Vance Municipal Income Trust Common Stock,Financial,Closed-End Fund - Debt,USA
LZM,Lifezone Metals Limited Ordinary Shares,Basic Materials,Other Industrial Metals & Mining,United Kingdom
AMCX,AMC Global Media Inc. Class A Common Stock,Communication Services,Entertainment,USA
ALTO,"Alto Ingredients, Inc. Common Stock",Basic Materials,Specialty Chemicals,USA
SVCO,"Silvaco Group, Inc. Common Stock",Technology,Software - Application,USA
NKLR,Terra Innovatum Global N.V. Ordinary shares,Utilities,Utilities - Regulated Electric,Italy
ERII,"Energy Recovery, Inc. Common Stock",Industrials,Pollution & Treatment Controls,USA
CCRN,"Cross Country Healthcare, Inc. Common Stock $0.0001 Par Value",Healthcare,Medical Care Facilities,USA
KMDA,Kamada Ltd. Ordinary Shares,Healthcare,Drug Manufacturers - Specialty & Generic,Israel
CLMB,"Climb Global Solutions, Inc. Common Stock",Technology,Electronics & Computer Distribution,USA
CBAN,"Colony Bankcorp, Inc. Common Stock",Financial,Banks - Regional,USA
BWFG,"Bankwell Financial Group, Inc. Common Stock",Financial,Banks - Regional,USA
CCAP,"Crescent Capital BDC, Inc. Common stock",Financial,Asset Management,USA
ICCM,IceCure Medical Ltd. Ordinary Shares,Healthcare,Medical Devices,Israel
BSVN,Bank7 Corp. Common stock,Financial,Banks - Regional,USA
MATV,"Mativ Holdings, Inc. Common Stock",Basic Materials,Specialty Chemicals,USA
FJET,"Starfighters Space, Inc. Common Stock",Industrials,Aerospace & Defense,USA
LDI,"loanDepot, Inc. Class A Common Stock",Financial,Mortgage Finance,USA
LOCO,"El Pollo Loco Holdings, Inc. Common Stock",Consumer Cyclical,Restaurants,USA
TROO,"TROOPS, Inc. Ordinary Shares ",Financial,Credit Services,Hong Kong
EPRX,Eupraxia Pharmaceuticals Inc. Common Stock,Healthcare,Biotechnology,Canada
VITL,"Vital Farms, Inc. Common Stock",Consumer Defensive,Farm Products,USA
GBFH,GBank Financial Holdings Inc. Common Stock,Financial,Banks - Regional,USA
GRVY,"GRAVITY Co., Ltd. American Depository Shares",Communication Services,Electronic Gaming & Multimedia,South Korea
SGU,Star Group L.P. Common Stock,Energy,Oil & Gas Refining & Marketing,USA
OFIX,Orthofix Medical Inc. Common Stock (DE),Healthcare,Medical Devices,USA
BMRC,Bank of Marin Bancorp Common Stock,Financial,Banks - Regional,USA
BLND,"Blend Labs, Inc. Class A Common Stock",Technology,Software - Application,USA
NPWR,NET Power Inc. Class A Common Stock,Industrials,Specialty Industrial Machinery,USA
FVR,"FrontView REIT, Inc. Common Stock",Real Estate,REIT - Diversified,USA
BOC,Boston Omaha Corporation Class A Common Stock,Industrials,Conglomerates,USA
NATH,"Nathan's Famous, Inc. Common Stock",Consumer Cyclical,Restaurants,USA
GTN,"Gray Media, Inc. Common Stock",Communication Services,Broadcasting,USA
CMCL,Caledonia Mining Corporation Plc Common Shares,Basic Materials,Gold,United Kingdom
KELYA,"Kelly Services, Inc. Class A Common Stock",Industrials,Staffing & Employment Services,USA
MAGN,Magnera Corporation Common Stock,Consumer Defensive,Household & Personal Products,USA
VHI,"Valhi, Inc. Common Stock",Basic Materials,Chemicals,USA
DDT,Dillard's Capital Trust I,,,USA
ROMA,Roma Green Finance Limited Class A Ordinary Shares,Industrials,Consulting Services,Hong Kong
API,"Agora, Inc. American Depositary Shares",Technology,Software - Application,China
DUOT,"Duos Technologies Group, Inc. Common Stock",Technology,Software - Application,USA
WTBA,West Bancorporation Common Stock,Financial,Banks - Regional,USA
TSSI,"TSS, Inc. Common Stock",Technology,Information Technology Services,USA
RBB,RBB Bancorp Common Stock,Financial,Banks - Regional,USA
CMDB,Costamare Bulkers Holdings Limited Common Stock,Industrials,Marine Shipping,Monaco
ZUMZ,Zumiez Inc. Common Stock,Consumer Cyclical,Apparel Retail,USA
BYND,"Beyond Meat, Inc. Common Stock",Consumer Defensive,Packaged Foods,USA
OEC,Orion S.A. Common Shares,Basic Materials,Specialty Chemicals,Luxembourg
PBFS,"Pioneer Bancorp, Inc. Common Stock",Financial,Banks - Regional,USA
CMCO,Columbus McKinnon Corporation Common Stock,Industrials,Farm & Heavy Construction Machinery,USA
UPB,"Upstream Bio, Inc. Common Stock",Healthcare,Biotechnology,USA
CNXU,Conexeu Sciences Inc. Common Stock,Healthcare,Biotechnology,USA
OPAL,OPAL Fuels Inc. Class A Common Stock,Utilities,Utilities - Regulated Gas,USA
BBCP,"Concrete Pumping Holdings, Inc. Common Stock",Industrials,Engineering & Construction,USA
AIRS,"AirSculpt Technologies, Inc. Common Stock",Healthcare,Medical Care Facilities,USA
LAND,Gladstone Land Corporation Common Stock,Real Estate,REIT - Specialty,USA
BXC,Bluelinx Holdings Inc. Common Stock,Industrials,Industrial Distribution,USA
RLGT,"Radiant Logistics, Inc. Common Stock",Industrials,Integrated Freight & Logistics,USA
MTRX,Matrix Service Company Common Stock,Industrials,Engineering & Construction,USA
GOTU,Gaotu Techedu Inc. American Depositary Shares,Consumer Defensive,Education & Training Services,China
NOA,North American Construction Group Ltd. Common Shares (no par),Energy,Oil & Gas Equipment & Services,Canada
CBK,"Commercial Bancgroup, Inc. Common Stock",Financial,Banks - Regional,USA
MPTI,"M-tron Industries, Inc. Common Stock",Technology,Electronic Components,USA
DVLT,Datavault AI Inc. Common Stock,Technology,Software - Infrastructure,USA
MNPR,Monopar Therapeutics Inc. Common Stock,Healthcare,Biotechnology,USA
REA,"Rare Earths Americas, Inc. Common Stock",Basic Materials,Other Industrial Metals & Mining,USA
IBEX,IBEX Limited Common Shares,Technology,Information Technology Services,USA
ALIT,"Alight, Inc. Class A Common Stock",Technology,Software - Application,USA
ATNI,"ATN International, Inc. Common Stock",Communication Services,Telecom Services,USA
LEO,"BNY Mellon Strategic Municipals, Inc. Common Stock",Financial,Closed-End Fund - Debt,USA
MTC,"MMTec, Inc. Common Shares",Technology,Software - Application,Hong Kong
SAY,Saratoga Investment Corp 8.125% Notes due 2027,,,USA
YEXT,"Yext, Inc. Common Stock",Technology,Software - Infrastructure,USA
IPSC,"Century Therapeutics, Inc. Common Stock",Healthcare,Biotechnology,USA
AIRJ,AirJoule Technologies Corporation Class A Common Stock,Industrials,Building Products & Equipment,USA
SAZ,Saratoga Investment Corp 8.50% Notes due 2028,,,USA
MTLS,Materialise NV American Depositary Shares,Technology,Software - Application,Belgium
SAJ,Saratoga Investment Corp 8.00% Notes due 2027,,,USA
VOXR,Vox Royalty Corp. Common Stock,Basic Materials,Other Precious Metals & Mining,USA
SDHY,PGIM Short Duration High Yield Opportunities Fund Common Shares,Financial,Asset Management,USA
ISTR,Investar Holding Corporation Common Stock,Financial,Banks - Regional,USA
CURR,Currenc Group Inc. Ordinary Shares,Technology,Software - Application,Singapore
CYH,"Community Health Systems, Inc. Common Stock",Healthcare,Medical Care Facilities,USA
FRBA,First Bank Common Stock,Financial,Banks - Regional,USA
NC,"NACCO Industries, Inc. Common Stock",Energy,Thermal Coal,USA
VKI,Invesco Advantage Municipal Income Trust II Common Shares of Beneficial Interest (DE),Financial,Closed-End Fund - Debt,USA
TBRG,"TruBridge, Inc. Common Stock",Healthcare,Health Information Services,USA
BMBL,Bumble Inc. Class A Common Stock,Communication Services,Internet Content & Information,USA
SAT,Saratoga Investment Corp 6.00% Notes due 2027,,,USA
PAYS,"Paysign, Inc. Common Stock",Technology,Software - Infrastructure,USA
SATLW,Satellogic Inc. Warrant,,,USA
CVEO,Civeo Corporation (Canada) Common Shares,Consumer Cyclical,Lodging,USA
LTBR,Lightbridge Corporation Common Stock,Industrials,Electrical Equipment & Parts,USA
QUAD,"Quad Graphics, Inc Class A Common Stock",Industrials,Specialty Business Services,USA
RNGR,"Ranger Energy Services, Inc. Class A Common Stock",Energy,Oil & Gas Equipment & Services,USA
PLAY,"Dave & Buster's Entertainment, Inc. Common Stock",Communication Services,Entertainment,USA
ATLCZ,Atlanticus Holdings Corporation 9.25% Senior Notes due 2029,,,USA
LND,Brasilagro Brazilian Agric Real Estate Co Sponsored ADR (Brazil),Consumer Defensive,Farm Products,Brazil
NEGG,"Newegg Commerce, Inc. Common Shares",Consumer Cyclical,Internet Retail,USA
GBLI,"Global Indemnity Group, LLC Class A Common Stock ",Financial,Insurance - Property & Casualty,USA
OABI,"OmniAb, Inc. Common Stock",Healthcare,Biotechnology,USA
PDYN,Palladyne AI Corp. Common Stock,Technology,Software - Infrastructure,USA
RMNI,"Rimini Street, Inc. (DE) Common Stock",Technology,Software - Application,USA
CMPX,"Compass Therapeutics, Inc. Common Stock",Healthcare,Biotechnology,USA
FMAO,"Farmers & Merchants Bancorp, Inc. Common Stock",Financial,Banks - Regional,USA
CDZI,"CADIZ, Inc. Common Stock",Utilities,Utilities - Regulated Water,USA
ASMB,"Assembly Biosciences, Inc. Common Stock",Healthcare,Biotechnology,USA
NEWT,"NewtekOne, Inc. Common Stock",Financial,Banks - Regional,USA
AVBC,"Avidia Bancorp, Inc. Common Stock",Financial,Banks - Regional,USA
ATLCL,Atlanticus Holdings Corporation 6.125% Senior Notes due 2026,,,USA
TACO,Berto Acquisition Corp. Ordinary Shares,Financial,Shell Companies,USA
SIDU,"Sidus Space, Inc. Class A Common Stock",Industrials,Aerospace & Defense,USA
SOR,"Source Capital, Inc. Cmn Shs of BI",Financial,Closed-End Fund - Equity,USA
RZLVW,Rezolve AI PLC Warrants,,,USA
ALLT,Allot Ltd. Ordinary Shares,Technology,Software - Infrastructure,Israel
BNTC,Benitec Biopharma Inc. Common Stock,Healthcare,Biotechnology,USA
XFOR,"X4 Pharmaceuticals, Inc. Common Stock",Healthcare,Biotechnology,USA
IRD,"Opus Genetics, Inc. Common Stock",Healthcare,Biotechnology,USA
VMD,"Viemed Healthcare, Inc. Common Shares",Healthcare,Medical Devices,USA
ORBS,Eightco Holdings Inc. Common Stock,Consumer Cyclical,Packaging & Containers,USA
CV,"CapsoVision, Inc. Common Stock",Healthcare,Medical Devices,USA
SMWB,Similarweb Ltd. Ordinary Shares,Technology,Software - Application,Israel
VNDA,Vanda Pharmaceuticals Inc. Common Stock,Healthcare,Biotechnology,USA
LXEO,"Lexeo Therapeutics, Inc. Common Stock",Healthcare,Biotechnology,USA
PLBC,Plumas Bancorp,Financial,Banks - Regional,USA
XPER,Xperi Inc. Common Stock ,Technology,Software - Application,USA
CZNC,Citizens & Northern Corp Common Stock,Financial,Banks - Regional,USA
DCTH,"Delcath Systems, Inc. Common Stock",Healthcare,Medical Devices,USA
SNDL,SNDL Inc. Common Shares,Consumer Defensive,Beverages - Wineries & Distilleries,Canada
SSSS,SuRo Capital Corp. Common Stock,Financial,Asset Management,USA
CATX,"Perspective Therapeutics, Inc. Common Stock",Healthcare,Medical Devices,USA
FTW,Presidio Production Company Class A Common Stock,Energy,Oil & Gas E&P,USA
FRST,Primis Financial Corp. Common Stock,Financial,Banks - Regional,USA
FVRR,"Fiverr International Ltd. Ordinary Shares, no par value",Communication Services,Internet Content & Information,Israel
LX,LexinFintech Holdings Ltd. American Depositary Shares,Financial,Credit Services,China
DIN,"Dine Brands Global, Inc. Common Stock",Consumer Cyclical,Restaurants,USA
STTK,"Shattuck Labs, Inc. Common Stock",Healthcare,Biotechnology,USA
HVT,"Haverty Furniture Companies, Inc. Common Stock",Consumer Cyclical,Home Improvement Retail,USA
GNE,Genie Energy Ltd. Class B Common Stock Stock,Utilities,Utilities - Regulated Electric,USA
SAR,Saratoga Investment Corp New,Financial,Asset Management,USA
MCFT,"MasterCraft Boat Holdings, Inc. Common Stock",Consumer Cyclical,Recreational Vehicles,USA
KNOP,KNOT Offshore Partners LP Common Units representing Limited Partner Interests,Energy,Oil & Gas Midstream,United Kingdom
BNED,"Barnes & Noble Education, Inc Common Stock",Consumer Cyclical,Specialty Retail,USA
HNST,"The Honest Company, Inc. Common Stock",Consumer Defensive,Household & Personal Products,USA
PKBK,"Parke Bancorp, Inc. Common Stock",Financial,Banks - Regional,USA
KTF,DWS Municipal Income Trust,Financial,Closed-End Fund - Debt,USA
SHMD,SCHMID Group N.V. Class A Ordinary Shares,Industrials,Specialty Industrial Machinery,Germany
ACCO,Acco Brands Corporation Common Stock,Industrials,Business Equipment & Supplies,USA
PBYI,Puma Biotechnology Inc Common Stock,Healthcare,Biotechnology,USA
PRE,Prenetics Global Limited Class A Ordinary Share,Healthcare,Diagnostics & Research,Hong Kong
ATLCP,"Atlanticus Holdings Corporation 7.625% Series B Cumulative Perpetual Preferred Stock, no par value per share",,,USA
RGNX,REGENXBIO Inc. Common Stock,Healthcare,Biotechnology,USA
LWAY,"Lifeway Foods, Inc. Common Stock",Consumer Defensive,Packaged Foods,USA
SOPH,SOPHiA GENETICS SA Ordinary Shares,Healthcare,Health Information Services,Switzerland
SOHU,Sohu.com Limited American Depositary Shares,Communication Services,Electronic Gaming & Multimedia,China
CMTG,"Claros Mortgage Trust, Inc. Common Stock",Real Estate,REIT - Mortgage,USA
PMO,Putnam Municipal Opportunities Trust Common Stock,Financial,Closed-End Fund - Debt,USA
AVIR,"Atea Pharmaceuticals, Inc. Common Stock",Healthcare,Biotechnology,USA
PCB,PCB Bancorp Common Stock,Financial,Banks - Regional,USA
VUZI,Vuzix Corporation Common Stock,Technology,Consumer Electronics,USA
MCI,Barings Corporate Investors Common Stock,Financial,Closed-End Fund - Debt,USA
ATOM,Atomera Incorporated Common Stock,Technology,Semiconductor Equipment & Materials,USA
IONR,ioneer Ltd American Depositary Shares,Basic Materials,Other Industrial Metals & Mining,Australia
ZURA,Zura Bio Limited Class A Ordinary Shares,Healthcare,Biotechnology,USA
MGPI,"MGP Ingredients, Inc.",Consumer Defensive,Beverages - Wineries & Distilleries,USA
MVBF,MVB Financial Corp. Common Stock,Financial,Banks - Regional,USA
GLSI,"Greenwich LifeSciences, Inc. Common Stock",Healthcare,Biotechnology,USA
CUB,Lionheart Holdings Class A Ordinary Shares,Financial,Shell Companies,USA
NATR,"Nature's Sunshine Products, Inc. Common Stock",Consumer Defensive,Packaged Foods,USA
REAX,"The Real Brokerage, Inc. Common Shares",Real Estate,Real Estate Services,USA
GSIT,GSI Technology Common Stock,Technology,Semiconductors,USA
PPT,Putnam Premier Income Trust Common Stock,Financial,Closed-End Fund - Debt,USA
PHOE,Phoenix Asia Holdings Limited Ordinary Shares,Industrials,Engineering & Construction,Hong Kong
MLP,"Maui Land & Pineapple Company, Inc. Common Stock",Real Estate,Real Estate Services,USA
CION,CION Investment Corporation Common Stock,Financial,Asset Management,USA
MWC,"Micware Co., Ltd. American Depositary Shares",Consumer Cyclical,Auto Parts,Japan
VGZ,Vista Gold Corp Common Stock,Basic Materials,Gold,USA
SVREW,SaverOne 2014 Ltd. Warrant,,,USA
ARQQ,Arqit Quantum Inc. Ordinary Shares,Technology,Software - Infrastructure,United Kingdom
BCML,BayCom Corp Common Stock,Financial,Banks - Regional,USA
TRX,TRX Gold Corporation Common Stock,Basic Materials,Gold,Canada
FBRX,"Forte Biosciences, Inc. Common Stock",Healthcare,Biotechnology,USA
LRMR,"Larimar Therapeutics, Inc. Common Stock",Healthcare,Biotechnology,USA
GASS,"StealthGas, Inc. Common Stock",Industrials,Marine Shipping,Greece
ENTA,"Enanta Pharmaceuticals, Inc. Common Stock",Healthcare,Biotechnology,USA
NNDM,Nano Dimension Ltd. American Depositary Shares,Technology,Computer Hardware,Israel
NAUT,"Nautilus Biotechnology, Inc. Common Stock",Healthcare,Biotechnology,USA
LE,"Lands' End, Inc. Common Stock",Consumer Cyclical,Apparel Retail,USA
VLN,Valens Semiconductor Ltd. Ordinary Shares,Technology,Semiconductors,Israel
RILY,"BRC Group Holdings, Inc. Common Stock",Financial,Financial Conglomerates,USA
USCB,"USCB Financial Holdings, Inc. Class A Common Stock",Financial,Banks - Regional,USA
VSTM,"Verastem, Inc. Common Stock",Healthcare,Biotechnology,USA
NECB,"NorthEast Community Bancorp, Inc. Common Stock",Financial,Banks - Regional,USA
MSB,Mesabi Trust Common Stock,Basic Materials,Steel,USA
WEYS,"Weyco Group, Inc. Common Stock",Consumer Cyclical,Footwear & Accessories,USA
AVBH,"Avidbank Holdings, Inc. Common stock",Financial,Banks - Regional,USA
CHSCP,CHS Inc. 8%  Cumulative Redeemable Preferred Stock,,,USA
FGBIP,"First Guaranty Bancshares, Inc. 6.75% Series A Fixed-Rate Non-Cumulative Perpetual Preferred Stock",,,USA
SLP,"Simulations Plus, Inc. Common Stock",Healthcare,Health Information Services,USA
YMT,Yimutian Inc. American Depositary Shares,Technology,Software - Application,China
CHMG,Chemung Financial Corp Common Stock,Financial,Banks - Regional,USA
WSBF,"Waterstone Financial, Inc. Common Stock (MD)",Financial,Banks - Regional,USA
PALI,"Palisade Bio, Inc. Common Stock",Healthcare,Biotechnology,USA
ARTNA,Artesian Resources Corporation Class A Common Stock,Utilities,Utilities - Regulated Water,USA
USNA,"USANA Health Sciences, Inc. Common Stock",Consumer Defensive,Packaged Foods,USA
SHIP,Seanergy Maritime Holdings Corp. Common Stock,Industrials,Marine Shipping,Greece
TLS,Telos Corporation Common Stock,Technology,Software - Infrastructure,USA
RPAY,Repay Holdings Corporation Class A Common Stock,Technology,Software - Infrastructure,USA
MASS,908 Devices Inc. Common Stock,Healthcare,Medical Devices,USA
STRT,STRATTEC SECURITY CORPORATION Common Stock,Consumer Cyclical,Auto Parts,USA
AUNA,Auna SA Class A Ordinary Shares,Healthcare,Medical Care Facilities,Luxembourg
NCMI,"National CineMedia, Inc. Common Stock",Communication Services,Advertising Agencies,USA
ABEO,Abeona Therapeutics Inc. Common Stock,Healthcare,Biotechnology,USA
LODE,Comstock Inc. Common Stock,Basic Materials,Other Precious Metals & Mining,USA
RM,Regional Management Corp. Common Stock,Financial,Credit Services,USA
HUMA,"Humacyte, Inc. Common Stock",Healthcare,Biotechnology,USA
FNLC,"First Bancorp, Inc  (ME) Common Stock",Financial,Banks - Regional,USA
GETY,"Getty Images Holdings, Inc. Class A Common Stock",Communication Services,Internet Content & Information,USA
NWFL,Norwood Financial Corp. Common Stock,Financial,Banks - Regional,USA
GREEL,Greenidge Generation Holdings Inc. 8.50% Senior Notes due 2026,,,USA
FWRD,Forward Air Corporation Common Stock,Industrials,Integrated Freight & Logistics,USA
IVVD,"Invivyd, Inc. Common Stock",Healthcare,Biotechnology,USA
BRCB,"Black Rock Coffee Bar, Inc. Class A Common Stock",Consumer Cyclical,Restaurants,USA
WNC,Wabash National Corporation Common Stock,Industrials,Farm & Heavy Construction Machinery,USA
RFMZ,"RiverNorth Flexible Municipal Income Fund II, Inc. Common Stock",Financial,Asset Management,USA
PRLD,Prelude Therapeutics Incorporated Common Stock,Healthcare,Biotechnology,USA
TCI,"Transcontinental Realty Investors, Inc. Common Stock",Real Estate,Real Estate Services,USA
ISSC,"Innovative Solutions and Support, Inc. Common Stock",Industrials,Aerospace & Defense,USA
NMRA,"Neumora Therapeutics, Inc. Common Stock",Healthcare,Biotechnology,USA
TSBK,"Timberland Bancorp, Inc. Common Stock",Financial,Banks - Regional,USA
DMRC,Digimarc Corporation Common Stock,Technology,Software - Application,USA
CHSCO,CHS Inc. Class B Cumulative Redeemable Preferred Stock,,,USA
FINS,Angel Oak Financial Strategies Income Term Trust Common Shares of Beneficial Interest,Financial,Asset Management,USA
BGS,"B&G Foods, Inc. Common Stock",Consumer Defensive,Packaged Foods,USA
SLN,Silence Therapeutics Plc American Depository Share,Healthcare,Biotechnology,United Kingdom
AII,"American Integrity Insurance Group, Inc. Common Stock",Financial,Insurance - Property & Casualty,USA
XOMAP,XOMA Royalty Corporation 8.625% Series A Cumulative Perpetual Preferred Stock,,,USA
FUFU,BitFuFu Inc. Class A Ordinary Shares,Financial,Capital Markets,Singapore
PERI,Perion Network Ltd. Ordinary Shares,Communication Services,Internet Content & Information,Israel
TCPC,BlackRock TCP Capital Corp. Common Stock,Financial,Asset Management,USA
BRCC,BRC Inc. Class A Common Stock,Consumer Defensive,Packaged Foods,USA
ORGO,Organogenesis Holdings Inc. Class A Common Stock,Healthcare,Drug Manufacturers - Specialty & Generic,USA
ASYS,"Amtech Systems, Inc. Common Stock",Technology,Semiconductor Equipment & Materials,USA
RCKT,"Rocket Pharmaceuticals, Inc. Common Stock",Healthcare,Biotechnology,USA
HLLY,Holley Inc. Common Stock,Consumer Cyclical,Auto Parts,USA
PINE,"Alpine Income Property Trust, Inc. Common Stock",Real Estate,REIT - Retail,USA
XOMAO,XOMA Royalty Corporation Depositary Shares Rep Series B 8.375% Cumulative Preferred Stock,,,USA
SIGA,SIGA Technologies Inc. Common Stock,Healthcare,Drug Manufacturers - Specialty & Generic,USA
HRZN,Horizon Technology Finance Corporation Common Stock,Financial,Asset Management,USA
CHSCL,"CHS Inc Class B Cumulative Redeemable Preferred Stock, Series 4",,,USA
FENC,Fennec Pharmaceuticals Inc. Common Stock,Healthcare,Biotechnology,USA
GBAB,Guggenheim Taxable Municipal Bond & Investment Grade Debt Trust Common Shares of Beneficial Interest,Financial,Closed-End Fund - Debt,USA
FBYDW,"Falcon's Beyond Global, Inc. Warrants",,,USA
OFSSH,OFS Capital Corporation 4.95% Notes due 2028,,,USA
UIS,Unisys Corporation New Common Stock,Technology,Information Technology Services,USA
SBC,SBC Medical Group Holdings Incorporated Common Stock,Industrials,Consulting Services,USA
DMAC,DiaMedica Therapeutics Inc. Common Stock,Healthcare,Biotechnology,USA
EFT,Eaton Vance Floating Rate Income Trust Common Shares of Beneficial Interest,Financial,Closed-End Fund - Debt,USA
FLXS,"Flexsteel Industries, Inc. Common Stock",Consumer Cyclical,"Furnishings, Fixtures & Appliances",USA
BGIN,Bgin Blockchain Limited Class A Ordinary Shares,Technology,Computer Hardware,Singapore
ONIT,Onity Group Inc. Common Stock,Financial,Mortgage Finance,USA
MX,Magnachip Semiconductor Corporation Common Stock,Technology,Semiconductors,South Korea
SWKHL,SWK Holdings Corporation 9.00% Senior Notes due 2027,,,USA
COSO,"CoastalSouth Bancshares, Inc. Common Stock",Financial,Banks - Regional,USA
BKTI,BK Technologies Corporation Common Stock,Technology,Communication Equipment,USA
FUND,"Sprott Focus Trust, Inc. Common Stock",Financial,Closed-End Fund - Equity,USA
CHSCN,CHS Inc Preferred Class B Series 2 Reset Rate,,,USA
CZFS,"Citizens Financial Services, Inc. Common Stock",Financial,Banks - Regional,USA
ELLO,Ellomay Capital Ltd Ordinary Shares (Israel),Utilities,Utilities - Renewable,Israel
EU,enCore Energy Corp. Common Shares,Energy,Uranium,USA
EVTL,Vertical Aerospace Ltd. Ordinary Shares,Industrials,Aerospace & Defense,United Kingdom
CHSCM,"CHS Inc Class B Reset Rate Cumulative Redeemable Preferred Stock, Series 3",,,USA
SEG,Seaport Entertainment Group Inc. Common Stock,Real Estate,Real Estate Services,USA
TTGT,"TechTarget, Inc. Common Stock",Technology,Information Technology Services,USA
SSP,E.W. Scripps Company (The) Class A Common Stock,Communication Services,Broadcasting,USA
ISBA,Isabella Bank Corporation Common stock,Financial,Banks - Regional,USA
AZ,A2Z Cust2Mate Solutions Corp. Common Shares,Technology,Software - Application,Canada
VALU,"Value Line, Inc. Common Stock",Financial,Financial Data & Stock Exchanges,USA
LYEL,"Lyell Immunopharma, Inc. Common Stock",Healthcare,Biotechnology,USA
ELMD,"Electromed, Inc. Common Stock",Healthcare,Medical Devices,USA
OFLX,"Omega Flex, Inc. Common Stock",Industrials,Specialty Industrial Machinery,USA
PMM,Putnam Managed Municipal Income Trust Common Stock,Financial,Closed-End Fund - Debt,USA
CARL,"Carlsmed, Inc. Common Stock",Healthcare,Health Information Services,USA
AENT,Alliance Entertainment Holding Corporation Class A Common Stock,Communication Services,Entertainment,USA
EGG,Enigmatig Limited Class A Ordinary Shares,Industrials,Consulting Services,Singapore
LCTX,"Lineage Cell Therapeutics, Inc. Common Stock",Healthcare,Biotechnology,USA
LEGO,Legato Merger Corp. IV Ordinary Shares,Financial,Shell Companies,USA
SI,"Shoulder Innovations, Inc. Common Stock",Healthcare,Medical Devices,USA
ASLE,AerSale Corporation Common Stock,Industrials,Airports & Air Services,USA
NUCL,Eagle Nuclear Energy Corp. Common stock,Energy,Uranium,USA
ALCO,"Alico, Inc. Common Stock",Consumer Defensive,Farm Products,USA
CAN,Canaan Inc. American Depositary Shares,Technology,Computer Hardware,Singapore
RDNW,"RideNow Group, Inc. Class B Common Stock",Consumer Cyclical,Auto & Truck Dealerships,USA
NODK,"NI Holdings, Inc. Common Stock",Financial,Insurance - Property & Casualty,USA
JMSB,"John Marshall Bancorp, Inc. Common Stock",Financial,Banks - Regional,USA
PNRG,PrimeEnergy Resources Corporation Common Stock,Energy,Oil & Gas E&P,USA
CIX,CompX International Inc. Common Stock,Industrials,Security & Protection Services,USA
BCYC,Bicycle Therapeutics plc American Depositary Shares,Healthcare,Biotechnology,United Kingdom
LTRX,"Lantronix, Inc. Common Stock",Technology,Communication Equipment,USA
FWDI,"Forward Industries, Inc. Common Stock",Consumer Cyclical,Footwear & Accessories,USA
NL,"NLI Holdings, Inc. Common Stock",Industrials,Security & Protection Services,USA
FNKO,"Funko, Inc. Class A Common Stock",Consumer Cyclical,Leisure,USA
NREF,"NexPoint Real Estate Finance, Inc. Common Stock",Real Estate,REIT - Mortgage,USA
BRBS,"Blue Ridge Bankshares, Inc. Common Stock",Financial,Banks - Regional,USA
AIRO,"AIRO Group Holdings, Inc. Common Stock",Industrials,Aerospace & Defense,USA
OPENL,"Opendoor Technologies Inc  Series A Warrants, each whole warrant exercisable to purchase one share of Common Stock at an exercise price of $13.00 per warrant",,,USA
TENX,"Tenax Therapeutics, Inc. Common Stock",Healthcare,Biotechnology,USA
DSX,Diana Shipping inc. common stock,Industrials,Marine Shipping,Greece
TRVG,trivago N.V. American Depositary Shares,Communication Services,Internet Content & Information,Germany
SENS,"Senseonics Holdings, Inc. Common Stock",Healthcare,Medical Devices,USA
EDIT,"Editas Medicine, Inc. Common Stock",Healthcare,Biotechnology,USA
RMMZ,"RiverNorth Managed Duration Municipal Income Fund II, Inc. Common Stock",Financial,Asset Management,USA
KWY,Kingsway Corporation Common Stock,Financial,Asset Management,USA
AIFU,AIFU Inc. Class A Ordinary Share,Financial,Insurance Brokers,China
MBI,MBIA Inc. Common Stock,Financial,Insurance - Specialty,USA
TKNO,"Alpha Teknova, Inc. Common Stock",Healthcare,Drug Manufacturers - Specialty & Generic,USA
FCNCN,"First Citizens BancShares, Inc. Depositary Shares, each representing a 1/40th interest in a share of 6.625% Non-Cumulative Perpetual Preferred Stock, Series E",,,USA
ACV,Virtus Diversified Income & Convertible Fund Common Shares of Beneficial Interest,Financial,Closed-End Fund - Equity,USA
CRNT,Ceragon Networks Ltd. Ordinary Shares,Technology,Communication Equipment,Israel
GTE,Gran Tierra Energy Inc. Common Stock,Energy,Oil & Gas E&P,Canada
OIA,Invesco Municipal Income Opportunities Trust Common Stock,Financial,Closed-End Fund - Debt,USA
IMRX,Immuneering Corporation Class A Common Stock,Healthcare,Biotechnology,USA
FLWS,"1-800-FLOWERS.COM, Inc. Common Stock",Consumer Cyclical,Specialty Retail,USA
FCCO,First Community Corporation Common Stock,Financial,Banks - Regional,USA
AMRN,Amarin Corporation plc,Healthcare,Drug Manufacturers - General,Ireland
CXDO,"Crexendo, Inc. Common Stock",Communication Services,Telecom Services,USA
PTLO,Portillo's Inc. Class A Common Stock,Consumer Cyclical,Restaurants,USA
FVCB,"FVCBankcorp, Inc. Common Stock",Financial,Banks - Regional,USA
OCCIN,"OFS Credit Company, Inc. 5.25% Series E Term Preferred Stock Due 2026",,,USA
YSG,"Yatsen Holding Limited American Depositary Shares, each representing twenty (20) Class A Ordinary Shares",Consumer Defensive,Household & Personal Products,China
ESOA,Energy Services of America Corporation Common Stock,Industrials,Engineering & Construction,USA
OPENZ,"Opendoor Technologies Inc  Series Z Warrants, each whole warrant exercisable to purchase one share of Common Stock at an exercise price of $17.00 per warrant",,,USA
OSUR,"OraSure Technologies, Inc. Common Stock",Healthcare,Medical Instruments & Supplies,USA
ARDC,"Ares Dynamic Credit Allocation Fund, Inc. Common Shares",Financial,Closed-End Fund - Debt,USA
RMM,"RiverNorth Managed Duration Municipal Income Fund, Inc. Common Stock",Financial,Closed-End Fund - Debt,USA
RC,Ready Capital Corporation Common Stock,Real Estate,REIT - Mortgage,USA
MIN,MFS Intermediate Income Trust Common Stock,Financial,Closed-End Fund - Debt,USA
UP,Wheels Up Experience Inc. Class A Common Stock,Industrials,Airports & Air Services,USA
OVLY,Oak Valley Bancorp (CA) Common Stock,Financial,Banks - Regional,USA
SRZN,"Surrozen, Inc. Common Stock",Healthcare,Biotechnology,USA
REI,"Ring Energy, Inc. Common Stock",Energy,Oil & Gas E&P,USA
ARMP,"Armata Pharmaceuticals, Inc. Common Stock",Healthcare,Biotechnology,USA
VFF,"Village Farms International, Inc. Common Shares",Consumer Defensive,Farm Products,USA
NMG,Nouveau Monde Graphite Inc. Common Shares,Basic Materials,Other Industrial Metals & Mining,Canada
RCKY,"Rocky Brands, Inc. Common Stock",Consumer Cyclical,Footwear & Accessories,USA
MYFW,"First Western Financial, Inc. Common Stock",Financial,Banks - Regional,USA
FNRN,First Northern Community Bancorp Common stock,Financial,Banks - Regional,USA
PAMT,PAMT CORP Common Stock,Industrials,Trucking,USA
ACRE,Ares Commercial Real Estate Corporation Common Stock,Real Estate,REIT - Mortgage,USA
HCKT,Hackett Group Inc (The). Common Stock,Technology,Information Technology Services,USA
NAGE,"Niagen Bioscience, Inc. Common Stock",Healthcare,Biotechnology,USA
QSI,Quantum-Si Incorporated Class A Common Stock,Healthcare,Medical Devices,USA
TG,Tredegar Corporation Common Stock,Industrials,Metal Fabrication,USA
ELDN,"Eledon Pharmaceuticals, Inc. Common Stock",Healthcare,Biotechnology,USA
NIOBW,NioCorp Developments Ltd. Warrant,,,USA
ZNTL,"Zentalis Pharmaceuticals, Inc. Common Stock",Healthcare,Biotechnology,USA
BUUU,BUUU Group Limited Class A Ordinary Share,Industrials,Specialty Business Services,Hong Kong
FDBC,"Fidelity D & D Bancorp, Inc. Common Stock",Financial,Banks - Regional,USA
ZH,"Zhihu Inc. American Depositary Shares, each representing three (3) Class A Ordinary Shares",Communication Services,Internet Content & Information,China
TYGO,"Tigo Energy, Inc. Common Stock",Technology,Solar,USA
TRDA,"Entrada Therapeutics, Inc. Common Stock",Healthcare,Biotechnology,USA
ZIP,"ZipRecruiter, Inc. Class A Common Stock",Communication Services,Internet Content & Information,USA
NXDT,NexPoint Diversified Real Estate Trust Common Stock,Real Estate,REIT - Diversified,USA
RWAY,Runway Growth Finance Corp. Common Stock,Financial,Asset Management,USA
MGNX,"MacroGenics, Inc. Common Stock",Healthcare,Biotechnology,USA
BRT,BRT Apartments Corp. (MD) Common Stock,Real Estate,REIT - Residential,USA
XYF,"X Financial American Depositary Shares, each representing six Class A Ordinary Shares",Financial,Credit Services,China
FC,Franklin Covey Company Common Stock,Consumer Defensive,Education & Training Services,USA
XPOF,"Xponential Fitness, Inc. Class A Common Stock",Consumer Cyclical,Leisure,USA
TWIN,"Twin Disc, Incorporated Common Stock",Industrials,Specialty Industrial Machinery,USA
VPV,Invesco Pennsylvania Value Municipal Income Trust Common Stock (DE),Financial,Closed-End Fund - Debt,USA
SBMT,Silver Bow Mining Corp. Common Shares,Basic Materials,Other Industrial Metals & Mining,USA
AFRI,Forafric Global PLC Ordinary Shares,Consumer Defensive,Farm Products,United Kingdom
OTLY,Oatly Group AB American Depositary Shares,Consumer Defensive,Packaged Foods,Sweden
MMT,MFS Multimarket Income Trust Common Stock,Financial,Closed-End Fund - Debt,USA
LVWR,"LiveWire Group, Inc. Common Stock",Consumer Cyclical,Auto Manufacturers,USA
ELTX,"Elicio Therapeutics, Inc. Common Stock",Healthcare,Biotechnology,USA
WNEB,"Western New England Bancorp, Inc. Common Stock",Financial,Banks - Regional,USA
SABS,"SAB Biotherapeutics, Inc. Common Stock",Healthcare,Biotechnology,USA
PPIH,"Perma-Pipe International Holdings, Inc. Common Stock",Industrials,Building Products & Equipment,USA
HBB,Hamilton Beach Brands Holding Company Class A Common Stock ,Consumer Cyclical,"Furnishings, Fixtures & Appliances",USA
LPRO,Open Lending Corporation Common Stock,Financial,Credit Services,USA
GCTS,"GCT Semiconductor Holding, Inc. Common Stock",Technology,Semiconductors,USA
EOT,Eaton Vance Municipal Income Trust EATON VANCE NATIONAL MUNICIPAL OPPORTUNITIES TRUST,Financial,Closed-End Fund - Debt,USA
CABO,"Cable One, Inc. Common Stock",Communication Services,Telecom Services,USA
EVO,Evotec SE American Depositary Shares,Healthcare,Drug Manufacturers - Specialty & Generic,Germany
AUDC,AudioCodes Ltd. Common Stock,Technology,Communication Equipment,Israel
PNNT,PennantPark Investment Corporation Common Stock,Financial,Asset Management,USA
ANGI,Angi Inc. Class A Common Stock,Communication Services,Internet Content & Information,USA
PPHC,"Public Policy Holding Company, Inc. Common Stock",Industrials,Consulting Services,USA
AVXL,Anavex Life Sciences Corp. Common Stock,Healthcare,Biotechnology,USA
MCR,MFS Charter Income Trust Common Stock,Financial,Closed-End Fund - Debt,USA
ASUR,"Asure Software, Inc Common Stock",Technology,Software - Application,USA
FRAF,Franklin Financial Services Corporation Common Stock,Financial,Banks - Regional,USA
AKBA,"Akebia Therapeutics, Inc. Common Stock",Healthcare,Drug Manufacturers - Specialty & Generic,USA
DPRO,Draganfly Inc. Common Shares,Technology,Computer Hardware,Canada
SITC,SITE Centers Corp. Common Stock,Real Estate,REIT - Retail,USA
MKTW,"MarketWise, Inc. Class A Common Stock",Financial,Financial Data & Stock Exchanges,USA
SCM,Stellus Capital Investment Corporation Common Stock,Financial,Asset Management,USA
CNDT,Conduent Incorporated Common Stock ,Technology,Information Technology Services,USA
CIA,"Citizens, Inc. Class A Common Stock ($1.00 Par)",Financial,Insurance - Life,USA
USAU,U.S. Gold Corp. Common Stock,Basic Materials,Gold,USA
ATLO,Ames National Corporation Common Stock,Financial,Banks - Regional,USA
NUS,"Nu Skin Enterprises, Inc. Common Stock",Consumer Defensive,Household & Personal Products,USA
CNCK,Coincheck Group N.V. Ordinary Shares,Financial,Capital Markets,Netherlands
CLW,Clearwater Paper Corporation Common Stock,Basic Materials,Paper & Paper Products,USA
FATE,"Fate Therapeutics, Inc. Common Stock",Healthcare,Biotechnology,USA
BZAI,"Blaize Holdings, Inc. Common Stock",Technology,Software - Application,USA
NVCT,"Nuvectis Pharma, Inc. Common Stock",Healthcare,Biotechnology,USA
FXNC,First National Corporation Common Stock,Financial,Banks - Regional,USA
FUNC,First United Corporation Common Stock,Financial,Banks - Regional,USA
MNTS,Momentus Inc. Class A Common Stock,Industrials,Aerospace & Defense,USA
OCSAW,Oculis Holding AG Warrants,,,USA
AREC,American Resources Corporation Class A Common Stock,Basic Materials,Coking Coal,USA
CDXS,"Codexis, Inc. Common Stock",Healthcare,Biotechnology,USA
ESCA,"Escalade, Incorporated Common Stock",Consumer Cyclical,Leisure,USA
LAW,"CS Disco, Inc. Common Stock",Technology,Software - Application,USA
RELL,"Richardson Electronics, Ltd. Common Stock",Technology,Electronic Components,USA
APC,ARKO Petroleum Corp. Class A Common Stock,Energy,Oil & Gas Refining & Marketing,USA
CPZ,Calamos Long/Short Equity & Dynamic Income Trust Common Stock,Financial,Closed-End Fund - Equity,USA
AVNW,"Aviat Networks, Inc. Common Stock",Technology,Communication Equipment,USA
EAF,GrafTech International Ltd. Common Stock,Industrials,Electrical Equipment & Parts,USA
SGHT,"Sight Sciences, Inc. Common Stock",Healthcare,Medical Devices,USA
PCYO,Pure Cycle Corporation Common Stock,Utilities,Utilities - Regulated Water,USA
ECC,Eagle Point Credit Company Common Share of Beneficial Interest,Financial,Closed-End Fund - Debt,USA
JAKK,"JAKKS Pacific, Inc. Common Stock",Consumer Cyclical,Leisure,USA
TBCH,Turtle Beach Corporation Common Stock,Technology,Consumer Electronics,USA
TARA,"Protara Therapeutics, Inc.  Common Stock",Healthcare,Biotechnology,USA
PROF,Profound Medical Corp. Common Stock,Healthcare,Medical Devices,Canada
FLYX,"flyExclusive, Inc. Class A Common Stock",Industrials,Airlines,USA
SND,"Smart Sand, Inc. Common Stock",Energy,Oil & Gas Equipment & Services,USA
SILC,Silicom Ltd Ordinary Shares,Technology,Communication Equipment,Israel
SNFCA,Security National Financial Corporation Class A Common Stock,Financial,Insurance - Life,USA
MITT,"TPG Mortgage Investment Trust, Inc. Common Stock",Real Estate,REIT - Mortgage,USA
LEE,"Lee Enterprises, Incorporated Common Stock",Communication Services,Publishing,USA
ACIU,AC Immune SA Common Stock,Healthcare,Biotechnology,Switzerland
HWBK,"Hawthorn Bancshares, Inc. Common Stock",Financial,Banks - Regional,USA
OSG,"Octave Specialty Group, Inc. Common Stock",Financial,Insurance - Specialty,USA
CHRS,"Coherus Oncology, Inc. Common Stock",Healthcare,Biotechnology,USA
MNTK,"Montauk Renewables, Inc. Common Stock",Basic Materials,Specialty Chemicals,USA
LOVE,The Lovesac Company Common Stock,Consumer Cyclical,"Furnishings, Fixtures & Appliances",USA
RDCM,Radcom Ltd. Ordinary Shares,Communication Services,Telecom Services,Israel
FOSL,"Fossil Group, Inc. Common Stock",Consumer Cyclical,Footwear & Accessories,USA
FCNCO,"First Citizens BancShares, Inc. 5.625% Non-Cumulative Perpetual Preferred Stock, Series C",,,USA
REFI,"Chicago Atlantic Real Estate Finance, Inc. Common Stock",Real Estate,REIT - Mortgage,USA
TMCI,"Treace Medical Concepts, Inc. Common Stock",Healthcare,Medical Devices,USA
OBIO,"Orchestra BioMed Holdings, Inc. Ordinary Shares",Healthcare,Biotechnology,USA
CBNA,"Chain Bridge Bancorp, Inc. Class A Common Stock",Financial,Banks - Regional,USA
ATGL,Alpha Technology Group Limited Class A Ordinary Shares,Technology,Software - Infrastructure,Hong Kong
QTTB,Q32 Bio Inc. Common Stock,Healthcare,Biotechnology,USA
NUAIW,"New Era Energy & Digital, Inc. Warrants",,,USA
CFFI,C&F Financial Corporation Common Stock,Financial,Banks - Regional,USA
WHWK,"Whitehawk Therapeutics, Inc. Common Stock",Healthcare,Biotechnology,USA
ADAG,Adagene Inc. American Depositary Shares,Healthcare,Biotechnology,China
BPRN,"Princeton Bancorp, Inc. Common Stock (PA)",Financial,Banks - Regional,USA
POWW,Outdoor Holding Company Common Stock,Industrials,Aerospace & Defense,USA
LFMD,"LifeMD, Inc. Common Stock",Healthcare,Health Information Services,USA
GLDG,GoldMining Inc. Common Shares,Basic Materials,Gold,Canada
LCNB,LCNB Corporation Common Stock,Financial,Banks - Regional,USA
FTF,Franklin Limited Duration Income Trust Common Shares of Beneficial Interest,Financial,Closed-End Fund - Debt,USA
CMRC,"Commerce.com, Inc. Series 1 Common Stock",Technology,Software - Application,USA
VATE,INNOVATE Corp. Common Stock,Industrials,Engineering & Construction,USA
FCNCP,"First Citizens BancShares, Inc. Depositary Shares",,,USA
IMPP,Imperial Petroleum Inc. Common Shares,Energy,Oil & Gas Midstream,Greece
RGCO,RGC Resources Inc. Common Stock,Utilities,Utilities - Regulated Gas,USA
ARL,"American Realty Investors, Inc. Common Stock",Real Estate,Real Estate Services,USA
HDSN,"Hudson Technologies, Inc. Common Stock",Basic Materials,Specialty Chemicals,USA
TC,Token Cat Limited American Depositary Shares,Communication Services,Advertising Agencies,China
QMCO,Quantum Corporation Common Stock,Technology,Computer Hardware,USA
GDEV,GDEV Inc. Ordinary Shares,Communication Services,Electronic Gaming & Multimedia,Cyprus
PEBK,"Peoples Bancorp of North Carolina, Inc. Common Stock",Financial,Banks - Regional,USA
MFIN,Medallion Financial Corp. Common Stock,Financial,Credit Services,USA
EVI,"EVI Industries, Inc.  Common Stock",Industrials,Industrial Distribution,USA
VABK,Virginia National Bankshares Corporation Common Stock,Financial,Banks - Regional,USA
CLLS,Cellectis S.A. American Depositary Shares,Healthcare,Biotechnology,France
ARCT,Arcturus Therapeutics Holdings Inc. Common Stock,Healthcare,Biotechnology,USA
SPOK,"Spok Holdings, Inc. Common Stock",Healthcare,Health Information Services,USA
INSG,Inseego Corp. Common Stock,Technology,Communication Equipment,USA
OVBC,Ohio Valley Banc Corp. Common Stock,Financial,Banks - Regional,USA
ALTG,Alta Equipment Group Inc. Class A Common Stock,Industrials,Rental & Leasing Services,USA
LENZ,"LENZ Therapeutics, Inc. Common Stock",Healthcare,Biotechnology,USA
GRABW,Grab Holdings Limited Warrant,,,USA
FBLA,"FB Bancorp, Inc. Common Stock",Financial,Banks - Regional,USA
LIEN,"Chicago Atlantic BDC, Inc. Common Stock",Financial,Asset Management,USA
OWLS,OBOOK Holdings Inc. Class A Common Shares,Technology,Software - Infrastructure,Taiwan
HKD,AMTD Digital Inc. American Depositary Shares (every five of which represent two Class A Ordinary Shares),Technology,Software - Application,France
FULC,"Fulcrum Therapeutics, Inc. Common Stock",Healthcare,Biotechnology,USA
WALD,Waldencast plc Class A Ordinary Share,Consumer Defensive,Household & Personal Products,USA
AP,Ampco-Pittsburgh Corporation Common Stock,Industrials,Metal Fabrication,USA
TII,Titan Mining Corporation Common Shares,Basic Materials,Other Industrial Metals & Mining,Canada
SMRT,"SmartRent, Inc. Class A Common Stock",Technology,Software - Application,USA
PRHIZ,"Presurance Holdings, Inc. 9.75% Senior Unsecured Notes due 2028",,,USA
CAMP,CAMP4 Therapeutics Corporation Common Stock,Healthcare,Biotechnology,USA
DEFT,"Defi Technologies, Inc. Common Stock",Financial,Capital Markets,Canada
TPVG,TriplePoint Venture Growth BDC Corp. Common Stock,Financial,Asset Management,USA
YDES,YD Bio Limited Ordinary Shares,Healthcare,Biotechnology,Taiwan
NERV,"Minerva Neurosciences, Inc Common Stock",Healthcare,Biotechnology,USA
MFM,MFS Municipal Income Trust Common Stock,Financial,Closed-End Fund - Debt,USA
NKSH,"National Bankshares, Inc. Common Stock",Financial,Banks - Regional,USA
JACK,Jack In The Box Inc. Common Stock,Consumer Cyclical,Restaurants,USA
EICA,Eagle Point Income Company Inc. 5.00% Series A Term Preferred Stock due 2026,,,USA
HELP,Cybin Inc. Common Stock,Healthcare,Biotechnology,Canada
EFSI,Eagle Financial Services Inc Common Stock,Financial,Banks - Regional,USA
OPRT,Oportun Financial Corporation Common Stock,Financial,Credit Services,USA
MRBK,Meridian Corporation Common Stock,Financial,Banks - Regional,USA
INBKZ,First Internet Bancorp 6.0% Fixed-to-Floating Rate Subordinated Notes Due 2029,,,USA
FHTX,Foghorn Therapeutics Inc. Common Stock,Healthcare,Biotechnology,USA
IKT,"Inhibikase Therapeutics, Inc. Common Stock",Healthcare,Biotechnology,USA
KINS,"Kingstone Companies, Inc. Common Stock",Financial,Insurance - Property & Casualty,USA
IMMR,Immersion Corporation Common Stock,Technology,Software - Application,USA
VYGR,"Voyager Therapeutics, Inc. Common Stock",Healthcare,Biotechnology,USA
KLTR,"Kaltura, Inc. Common Stock",Technology,Software - Application,USA
GENC,"Gencor Industries, Inc. Common Stock",Industrials,Farm & Heavy Construction Machinery,USA
LFCR,"Lifecore Biomedical, Inc. Common Stock",Healthcare,Drug Manufacturers - Specialty & Generic,USA
FSBW,"FS Bancorp, Inc. Common Stock",Financial,Banks - Regional,USA
UTMD,"Utah Medical Products, Inc. Common Stock",Healthcare,Medical Instruments & Supplies,USA
INTT,inTest Corporation Common Stock,Technology,Semiconductor Equipment & Materials,USA
ANNA,"AleAnna, Inc. Class A Common Stock",Energy,Oil & Gas E&P,USA
VTN,Invesco Trust for Investment Grade New York Municipals Common Stock,Financial,Closed-End Fund - Debt,USA
CHPT,"ChargePoint Holdings, Inc. Common Stock",Consumer Cyclical,Specialty Retail,USA
LMNR,Limoneira Co Common Stock,Consumer Defensive,Farm Products,USA
LCUT,"Lifetime Brands, Inc. Common Stock",Consumer Cyclical,"Furnishings, Fixtures & Appliances",USA
PDEX,"Pro-Dex, Inc. Common Stock",Healthcare,Medical Instruments & Supplies,USA
KROS,"Keros Therapeutics, Inc. Common Stock",Healthcare,Biotechnology,USA
STRS,Stratus Properties Inc. Common Stock,Real Estate,Real Estate - Diversified,USA
SLNH,"Soluna Holdings, Inc. Common Stock",Financial,Capital Markets,USA
KULR,"KULR Technology Group, Inc. Common Stock",Technology,Electronic Components,USA
HUHU,HUHUTECH International Group Inc. Ordinary Shares,Industrials,Specialty Industrial Machinery,China
IMDX,Insight Molecular Diagnostics Inc. Common Stock,Healthcare,Diagnostics & Research,USA
TONX,TON Strategy Company Common Stock,Technology,Software - Application,USA
INBK,First Internet Bancorp Common Stock,Financial,Banks - Regional,USA
RXST,"RxSight, Inc. Common Stock",Healthcare,Medical Devices,USA
JFIN,Jiayin Group Inc. American Depositary Shares,Financial,Credit Services,China
CMT,Core Molding Technologies Inc Common Stock,Basic Materials,Specialty Chemicals,USA
PLG,Platinum Group Metals Ltd. Ordinary Shares (Canada),Basic Materials,Other Precious Metals & Mining,Canada
RNA,"Atrium Therapeutics, Inc. Common Stock",Healthcare,Biotechnology,USA
GWRS,"Global Water Resources, Inc. Common Stock",Utilities,Utilities - Regulated Water,USA
CGEN,Compugen Ltd. Ordinary Shares,Healthcare,Biotechnology,Israel
ALXO,ALX Oncology Holdings Inc. Common Stock,Healthcare,Biotechnology,USA
FCAP,"First Capital, Inc. Common Stock",Financial,Banks - Regional,USA
SRI,"Stoneridge, Inc. Common Stock",Consumer Cyclical,Auto Parts,USA
HITI,High Tide Inc. Common Shares,Healthcare,Pharmaceutical Retailers,Canada
OPBK,OP Bancorp Common Stock,Financial,Banks - Regional,USA
SLGL,Sol-Gel Technologies Ltd. Ordinary Shares,Healthcare,Biotechnology,Israel
DRTSW,Alpha Tau Medical Ltd. Warrant,,,USA
TBI,"TrueBlue, Inc. Common Stock",Industrials,Staffing & Employment Services,USA
NBP,NovaBridge Biosciences American Depositary Shares,Healthcare,Biotechnology,USA
III,Information Services Group Inc. Common Stock,Technology,Information Technology Services,USA
ACB,Aurora Cannabis Inc. Common Shares,Healthcare,Drug Manufacturers - Specialty & Generic,Canada
CMTV,Community Bancorp. Common Stock,Financial,Banks - Regional,USA
KDKRW,"Kodiak AI, Inc. Warrants",,,USA
ETX,Eaton Vance Municipal Income 2028 Term Trust Common Shares of Beneficial Interest,Financial,Closed-End Fund - Debt,USA
GORO,Gold Resource Corporation Common Stock,Basic Materials,Other Precious Metals & Mining,USA
LUCD,Lucid Diagnostics Inc. Common Stock,Healthcare,Medical Devices,USA
EGAN,eGain Corporation Common Stock,Technology,Software - Application,USA
TGEN,Tecogen Inc. Common Stock,Industrials,Electrical Equipment & Parts,USA
VENU,Venu Holding Corporation Common Stock,Consumer Cyclical,Restaurants,USA
INSE,"Inspired Entertainment, Inc. Common Stock",Consumer Cyclical,Gambling,USA
KPTI,Karyopharm Therapeutics Inc. Common Stock,Healthcare,Biotechnology,USA
MPAA,"Motorcar Parts  of America, Inc. Common Stock",Consumer Cyclical,Auto Parts,USA
CRBU,"Caribou Biosciences, Inc. Common Stock",Healthcare,Biotechnology,USA
SY,So-Young International Inc. American Depository Shares,Healthcare,Health Information Services,China
GPJA,"Georgia Power Company Series 2017A 5.00% Junior Subordinated Notes due October 1, 2077",,,USA
SMHI,SEACOR Marine Holdings Inc. Common Stock ,Industrials,Marine Shipping,USA
PMTS,CPI Card Group Inc. Common Stock,Financial,Credit Services,USA
ACH,"Accendra Health, Inc. Common Stock",Healthcare,Medical Distribution,USA
SGC,"Superior Group of Companies, Inc. Common Stock",Consumer Cyclical,Apparel Manufacturing,USA
SMTI,Sanara MedTech Inc. Common Stock,Healthcare,Medical Instruments & Supplies,USA
TLSI,"TriSalus Life Sciences, Inc. Common Stock",Healthcare,Medical Devices,USA
AOMR,"Angel Oak Mortgage REIT, Inc. Common Stock",Real Estate,REIT - Mortgage,USA
EMBC,Embecta Corp. Common Stock,Healthcare,Medical Instruments & Supplies,USA
KGEI,Kolibri Global Energy Inc. Common stock,Energy,Oil & Gas E&P,USA
ALEC,"Alector, Inc. Common Stock",Healthcare,Biotechnology,USA
EXOD,"Exodus Movement, Inc. Class A Common Stock",Technology,Software - Infrastructure,USA
EQ,"Equillium, Inc. Common Stock",Healthcare,Biotechnology,USA
CPSS,"Consumer Portfolio Services, Inc. Common Stock",Financial,Credit Services,USA
CVGI,"Commercial Vehicle Group, Inc. Common Stock",Consumer Cyclical,Auto Parts,USA
KTWO,K2 Capital Acquisition Corporation Class A Ordinary Share,Financial,Shell Companies,Cayman Islands
FT,Franklin Universal Trust Common Stock,Financial,Closed-End Fund - Debt,USA
RFIL,"RF Industries, Ltd. Common Stock",Industrials,Electrical Equipment & Parts,USA
UNCY,"Unicycive Therapeutics, Inc. Common Stock",Healthcare,Biotechnology,USA
CZWI,"Citizens Community Bancorp, Inc. Common Stock",Financial,Banks - Regional,USA
NKTX,"Nkarta, Inc. Common Stock",Healthcare,Biotechnology,USA
FINW,FinWise Bancorp Common Stock,Financial,Banks - Regional,USA
JILL,"J. Jill, Inc. Common Stock",Consumer Cyclical,Apparel Retail,USA
OMSE,OMS Energy Technologies Inc. Ordinary Shares,Energy,Oil & Gas Equipment & Services,Singapore
ANIK,Anika Therapeutics Inc. Common Stock,Healthcare,Drug Manufacturers - Specialty & Generic,USA
BCBP,"BCB Bancorp, Inc. (NJ) Common Stock",Financial,Banks - Regional,USA
IMUX,"Immunic, Inc. Common Stock",Healthcare,Biotechnology,USA
HNNAZ,"Hennessy Advisors, Inc. 4.875% Notes due 2026",,,USA
RDIB,Reading International Inc Class B Common Stock,,,USA
MINE,Mayfair Gold Corp. Common Shares,Basic Materials,Gold,Canada
BMEZ,BlackRock Health Sciences Term Trust Common Shares of Beneficial Interest,Financial,Closed-End Fund - Equity,USA
RNAC,"Cartesian Therapeutics, Inc. Common Stock",Healthcare,Biotechnology,USA
RICK,"RCI Hospitality Holdings, Inc. Common Stock",Consumer Cyclical,Restaurants,USA
FF,FutureFuel Corp.  Common shares,Basic Materials,Specialty Chemicals,USA
SEVN,Seven Hills Realty Trust Common Stock,Real Estate,REIT - Mortgage,USA
AMPY,Amplify Energy Corp. Common Stock,Energy,Oil & Gas E&P,USA
CURI,CuriosityStream Inc. Class A Common Stock,Communication Services,Broadcasting,USA
ENLV,Enlivex Ltd. Ordinary Shares,Healthcare,Biotechnology,Israel
RMAX,"RE/MAX Holdings, Inc. Class A Common Stock",Real Estate,Real Estate Services,USA
KRMD,"KORU Medical Systems, Inc. Common Stock (DE)",Healthcare,Medical Instruments & Supplies,USA
PESI,"Perma-Fix Environmental Services, Inc. Common Stock",Industrials,Waste Management,USA
ARTV,"Artiva Biotherapeutics, Inc. Common Stock",Healthcare,Biotechnology,USA
TNXP,Tonix Pharmaceuticals Holding Corp. Common Stock,Healthcare,Biotechnology,USA
MDV,"Modiv Industrial, Inc. Class C Common Stock",Real Estate,REIT - Industrial,USA
LANV,Lanvin Group Holdings Limited Ordinary Shares,Consumer Cyclical,Luxury Goods,China
OZ,"Belpointe PREP, LLC Class A Units",Real Estate,Real Estate - Development,USA
VIASP,"Via Renewables, Inc. 8.75% Series A Fixed-to-Floating Rate Cumulative Redeemable Perpetual Preferred Stock",,,USA
NIU,Niu Technologies American Depositary Shares,Consumer Cyclical,Auto Manufacturers,China
CNTX,Context Therapeutics Inc. Common Stock,Healthcare,Biotechnology,USA
MDWD,MediWound Ltd. Ordinary Shares,Healthcare,Biotechnology,Israel
CFBK,CF Bankshares Inc. Common Stock,Financial,Banks - Regional,USA
TUSK,"Mammoth Energy Services, Inc. Common Stock",Industrials,Conglomerates,USA
INFU,"InfuSystems Holdings, Inc. Common Stock",Healthcare,Medical Devices,USA
STXS,"Stereotaxis, Inc. Common Stock",Healthcare,Medical Instruments & Supplies,USA
TRAK,"ReposiTrak, Inc. Common Stock",Technology,Software - Application,USA
PED,Pedevco Corp. Common Stock,Energy,Oil & Gas E&P,USA
JRVR,"James River Group Holdings, Inc. Common Stock",Financial,Insurance - Specialty,USA
RBKB,"Rhinebeck Bancorp, Inc. Common Stock",Financial,Banks - Regional,USA
ELME,Elme Communities Common Stock,Real Estate,REIT - Residential,USA
SJT,San Juan Basin Royalty Trust Common Stock,Energy,Oil & Gas E&P,USA
EBMT,"Eagle Bancorp Montana, Inc. Common Stock",Financial,Banks - Regional,USA
ONEW,OneWater Marine Inc. Class A Common Stock,Consumer Cyclical,Specialty Retail,USA
PAL,"Proficient Auto Logistics, Inc. Common Stock",Industrials,Integrated Freight & Logistics,USA
APYX,Apyx Medical Corporation Common Stock,Healthcare,Medical Devices,USA
FOA,Finance of America Companies Inc. Class A Common Stock,Financial,Credit Services,USA
EPSN,Epsilon Energy Ltd. Common Share,Energy,Oil & Gas E&P,USA
QTRX,Quanterix Corporation Common Stock,Healthcare,Medical Devices,USA
MNSBP,"MainStreet Bancshares, Inc. Depositary Shares",,,USA
EARN,Ellington Credit Company Common Shares of Beneficial Interest,Financial,Asset Management,USA
NLOP,Net Lease Office Properties Common Shares of Beneficial Interest,Real Estate,REIT - Office,USA
MPV,Barings Participation Investors Common Stock,Financial,Closed-End Fund - Debt,USA
STI,"Solidion Technology, Inc. Common Stock",Industrials,Electrical Equipment & Parts,USA
SLQT,"SelectQuote, Inc. Common Stock",Financial,Insurance Brokers,USA
DOMO,"Domo, Inc. Class B Common Stock",Technology,Software - Application,USA
LARK,Landmark Bancorp Inc. Common Stock,Financial,Banks - Regional,USA
ANTA,Antalpha Platform Holding Company Class A Ordinary Shares,Financial,Credit Services,Singapore
JELD,"JELD-WEN Holding, Inc. Common Stock",Industrials,Building Products & Equipment,USA
CBFV,"CB Financial Services, Inc. Common Stock",Financial,Banks - Regional,USA
OKUR,"OnKure Therapeutics, Inc. Class A Common Stock",Healthcare,Biotechnology,USA
BVFL,"BV Financial, Inc. Common Stock",Financial,Banks - Regional,USA
FRD,Friedman Industries Inc. Common Stock,Basic Materials,Steel,USA
FOCL,EDAP TMS S.A. American Depositary Shares,Healthcare,Medical Distribution,France
AMTX,"Aemetis, Inc. (DE) Common Stock",Basic Materials,Specialty Chemicals,USA
GPRO,"GoPro, Inc. Class A Common Stock",Technology,Consumer Electronics,USA
VERI,"Veritone, Inc. Common Stock",Technology,Software - Infrastructure,USA
WW,"WW International, Inc.  Common Stock",Healthcare,Medical Care Facilities,USA
COOK,"Traeger, Inc. Common Stock",Consumer Cyclical,"Furnishings, Fixtures & Appliances",USA
SPRO,"Spero Therapeutics, Inc. Common Stock",Healthcare,Biotechnology,USA
BRR,"ProCap Financial, Inc. Common Stock",Financial,Capital Markets,USA
CSHRW,CoinShares PLC Warrants,,,USA
DERM,Journey Medical Corporation Common Stock,Healthcare,Drug Manufacturers - Specialty & Generic,USA
TTRX,Turn Therapeutics Inc. Common Stock,Healthcare,Biotechnology,USA
PERF,Perfect Corp. Class A Ordinary Share,Technology,Software - Application,Taiwan
CNTN,"Canton Strategic Holdings, Inc. Common Stock",Healthcare,Biotechnology,USA
BDSX,"Biodesix, Inc. Common Stock",Healthcare,Diagnostics & Research,USA
INGN,"Inogen, Inc Common Stock",Healthcare,Medical Devices,USA
STRW,"Strawberry Fields REIT, Inc. Common Stock",Real Estate,REIT - Healthcare Facilities,USA
BHR,Braemar Hotels & Resorts Inc. Common Stock,Real Estate,REIT - Hotel & Motel,USA
HQI,"HireQuest, Inc. Common Stock (DE)",Industrials,Staffing & Employment Services,USA
VHUB,"VenHub Global, Inc. Common Stock",Consumer Defensive,Grocery Stores,USA
RCMT,"RCM Technologies, Inc. Common Stock",Industrials,Conglomerates,USA
TAYD,"Taylor Devices, Inc. Common Stock",Industrials,Specialty Industrial Machinery,USA
HNVR,"Hanover Bancorp, Inc. Common Stock",Financial,Banks - Regional,USA
HTLM,HomesToLife Ltd Ordinary Shares,Consumer Cyclical,Specialty Retail,Singapore
THRY,"Thryv Holdings, Inc. Common Stock",Technology,Software - Application,USA
ACU,Acme United Corporation. Common Stock,Consumer Defensive,Household & Personal Products,USA
YDDL,One and One Green Technologies. Inc Class A Ordinary Shares,Industrials,Waste Management,Philippines
ADCT,ADC Therapeutics SA Common Shares,Healthcare,Biotechnology,Switzerland
IPHA,Innate Pharma S.A. ADS,Healthcare,Biotechnology,France
TNYA,"Tenaya Therapeutics, Inc. Common Stock",Healthcare,Biotechnology,USA
FLX,BingEx Limited American Depositary Shares,Industrials,Integrated Freight & Logistics,China
HQWWW,Horizon Quantum Holdings Ltd. Warrant,,,USA
ESP,Espey Mfg. & Electronics Corp. Common Stock,Industrials,Electrical Equipment & Parts,USA
ONL,Orion Properties Inc. Common Stock,Real Estate,REIT - Office,USA
MNSB,"MainStreet Bancshares, Inc. Common Stock",Financial,Banks - Regional,USA
ABOS,"Acumen Pharmaceuticals, Inc. Common Stock",Healthcare,Biotechnology,USA
DTIL,"Precision BioSciences, Inc. Common Stock",Healthcare,Biotechnology,USA
NGEN,NervGen Pharma Corp. Common stock,Healthcare,Biotechnology,Canada
DOUG,Douglas Elliman Inc. Common Stock,Real Estate,Real Estate Services,USA
NEN,New England Realty Associates Limited Partnership Class A Depositary Receipts Evidencing Units of Limited Partnership,Real Estate,Real Estate Services,USA
KVHI,"KVH Industries, Inc. Common Stock",Communication Services,Telecom Services,USA
SMID,Smith-Midland Corporation Common Stock,Basic Materials,Building Materials,USA
CHCI,"Comstock Holding Companies, Inc. Class A Common Stock",Real Estate,Real Estate Services,USA
EPM,"Evolution Petroleum Corporation, Inc. Common Stock",Energy,Oil & Gas E&P,USA
NNBR,"NN, Inc. Common Stock",Industrials,Conglomerates,USA
PLX,"Protalix BioTherapeutics, Inc. (DE) Common Stock",Healthcare,Biotechnology,USA
TLSA,Tiziana Life Sciences Ltd. Common Shares,Healthcare,Biotechnology,United Kingdom
KORE,"KORE Group Holdings, Inc. Common Stock",Communication Services,Telecom Services,USA
INVZ,Innoviz Technologies Ltd. Ordinary shares,Consumer Cyclical,Auto Parts,Israel
KRRO,"Korro Bio, Inc. Common Stock",Healthcare,Biotechnology,USA
PRQR,ProQR Therapeutics N.V. Ordinary Shares,Healthcare,Biotechnology,Netherlands
VIVO,VivoPower PLC Ordinary Shares,Technology,Software - Infrastructure,United Kingdom
ZJK,"ZJK Industrial Co., Ltd. Class A Ordinary Shares",Industrials,Specialty Industrial Machinery,China
TLYS,"Tilly's, Inc. Common Stock",Consumer Cyclical,Apparel Retail,USA
MIST,Milestone Pharmaceuticals Inc. Common Shares,Healthcare,Biotechnology,Canada
CMTL,Comtech Telecommunications Corp. Common Stock,Technology,Communication Equipment,USA
WHG,Westwood Holdings Group Inc Common Stock,Financial,Asset Management,USA
PIM,Putnam Master Intermediate Income Trust Common Stock,Financial,Closed-End Fund - Debt,USA
MENS,Jyong Biotech Ltd. Ordinary Shares,Healthcare,Biotechnology,Taiwan
SPWR,SunPower Inc. Common Stock,Technology,Solar,USA
GNT,"GAMCO Natural Resources, Gold & Income Trust",Financial,Closed-End Fund - Equity,USA
MOLN,Molecular Partners AG American Depositary Shares,Healthcare,Biotechnology,Switzerland
DHX,"DHI Group, Inc. Common Stock",Technology,Software - Application,USA
WSHP,WeShop Holdings Limited Class A Ordinary Shares,Communication Services,Internet Content & Information,United Kingdom
ECBK,"ECB Bancorp, Inc. Common Stock",Financial,Banks - Regional,USA
NRDY,Nerdy Inc. Class A Common Stock,Technology,Software - Application,USA
SRG,Seritage Growth Properties Class A Common Stock,Real Estate,Real Estate Services,USA
NXG,NXG NextGen Infrastructure Income Fund Common Shares of Beneficial Interest,Financial,Closed-End Fund - Equity,USA
GALT,Galectin Therapeutics Inc. Common Stock,Healthcare,Biotechnology,USA
DAVA,Endava plc American Depositary Shares (each representing one Class A Ordinary Share),Technology,Software - Infrastructure,United Kingdom
CVRX,"CVRx, Inc. Common Stock",Healthcare,Medical Devices,USA
BIPI,BIP Bermuda Holdings I Limited 5.125% Perpetual Subordinated Notes,,,USA
ORMP,Oramed Pharmaceuticals Inc. Common Stock,Healthcare,Biotechnology,USA
FGBI,"First Guaranty Bancshares, Inc. Common Stock",Financial,Banks - Regional,USA
MRT,"Marti Technologies, Inc. Class A Ordinary Shares",Technology,Software - Application,Turkey
NINE,"Nine Energy Service, Inc. Common Stock",Energy,Oil & Gas Equipment & Services,USA
BZUN,Baozun Inc. American Depositary Shares,Consumer Cyclical,Internet Retail,China
MRDN,Meridian Holdings Inc. Common Stock,Communication Services,Electronic Gaming & Multimedia,USA
DOYU,DouYu International Holdings Limited ADS,Communication Services,Internet Content & Information,China
SRBK,"SR Bancorp, Inc. Common stock",Financial,Banks - Regional,USA
GRX,The Gabelli Healthcare & Wellness Trust Common Shares of Beneficial Interest,Financial,Closed-End Fund - Equity,USA
WATT,Energous Corporation Common Stock,Technology,Communication Equipment,USA
NFE,New Fortress Energy Inc. Class A Common Stock,Energy,Oil & Gas Midstream,USA
RGP,"Resources Connection, Inc. Common Stock",Industrials,Consulting Services,USA
PLBY,"Playboy, Inc. Common Stock",Consumer Cyclical,Leisure,USA
RYDE,Ryde Group Ltd. Class A Ordinary Shares,Technology,Software - Application,Singapore
TCX,Tucows Inc. Class A Common Stock,Technology,Software - Infrastructure,Canada
RMBI,"Richmond Mutual Bancorporation, Inc. Common Stock",Financial,Banks - Regional,USA
FGNXP,FG Nexus Inc. 8.00% Cumulative Preferred Stock,,,USA
OGI,Organigram Global Inc. Common Shares,Healthcare,Drug Manufacturers - Specialty & Generic,Canada
ZONE,CleanCore Solutions Inc. Class B Common Stock,Industrials,Pollution & Treatment Controls,USA
ASRT,"Assertio Holdings, Inc. Common Stock",Healthcare,Drug Manufacturers - Specialty & Generic,USA
SKYX,SKYX Platforms Corp. Common Stock,Industrials,Electrical Equipment & Parts,USA
RDZN,"Roadzen, Inc. Ordinary Shares",Technology,Software - Application,USA
ANTX,"AN2 Therapeutics, Inc. Common Stock",Healthcare,Biotechnology,USA
TORO,Toro Corp. Common Stock,Energy,Oil & Gas Midstream,Cyprus
SKLZ,Skillz Inc. Class A Common Stock,Communication Services,Electronic Gaming & Multimedia,USA
WTF,Waton Financial Limited Ordinary Shares,Financial,Capital Markets,Hong Kong
DIBS,"1stdibs.com, Inc. Common Stock",Communication Services,Internet Content & Information,USA
CITR,CitroTech Inc. Common Stock,Basic Materials,Specialty Chemicals,USA
AMPG,"Amplitech Group, Inc. Common Stock",Technology,Communication Equipment,USA
GRO,Brazil Potash Corp. Common Shares,Basic Materials,Other Industrial Metals & Mining,Canada
HYPR,"Hyperfine, Inc. Class A Common Stock",Healthcare,Medical Devices,USA
WHLRL,"Wheeler Real Estate Investment Trust, Inc. 7.00% Senior Subordinated Convertible Notes Due 2031",,,USA
CRBP,"Corbus Pharmaceuticals Holdings, Inc. Common Stock",Healthcare,Biotechnology,USA
OWLT,"Owlet, Inc. Class A Common Stock",Healthcare,Medical Devices,USA
VWAV,"VisionWave Holdings, Inc. Common Stock",Industrials,Aerospace & Defense,USA
TMCWW,TMC the metals company Inc. Warrants,,,USA
NCSM,"NCS Multistage Holdings, Inc. Common Stock",Energy,Oil & Gas Equipment & Services,USA
WHF,"WhiteHorse Finance, Inc. Common Stock",Financial,Asset Management,USA
NRXP,"NRX Pharmaceuticals, Inc. Common Stock",Healthcare,Biotechnology,USA
AMWL,American Well Corporation Class A Common Stock,Healthcare,Health Information Services,USA
SAFX,"XCF Global, Inc. Class A Common Stock",Utilities,Utilities - Renewable,USA
SPRB,"Spruce Biosciences, Inc. Common Stock",Healthcare,Biotechnology,USA
AMBR,Amber International Holding Limited American Depositary Shares,Technology,Software - Infrastructure,Singapore
RAIL,"FreightCar America, Inc. Common Stock",Industrials,Railroads,USA
CNTB,Connect Biopharma Holdings Limited Ordinary Shares,Healthcare,Biotechnology,USA
IFRX,InflaRx N.V. Common Stock,Healthcare,Biotechnology,Germany
NNOX,NANO-X IMAGING LTD Ordinary Shares,Healthcare,Medical Devices,Israel
BYRN,"Byrna Technologies, Inc. Common Stock",Industrials,Aerospace & Defense,USA
HCAT,"Health Catalyst, Inc Common Stock",Healthcare,Health Information Services,USA
PAAC,Proem Acquisition Corp I Ordinary Shares,Financial,Shell Companies,USA
MVIS,"MicroVision, Inc. Common Stock",Technology,Scientific & Technical Instruments,USA
CODA,"Coda Octopus Group, Inc. Common stock",Industrials,Aerospace & Defense,USA
SHIM,Shimmick Corporation Common Stock,Industrials,Engineering & Construction,USA
SDA,SunCar Technology Group Inc. Class A Ordinary Shares,Consumer Cyclical,Auto & Truck Dealerships,China
FNWD,Finward Bancorp Common Stock,Financial,Banks - Regional,USA
LGCY,Legacy Education Inc. Common Stock,Consumer Defensive,Education & Training Services,USA
AGEN,Agenus Inc. Common Stock,Healthcare,Biotechnology,USA
CHGG,"Chegg, Inc. Common Stock",Consumer Defensive,Education & Training Services,USA
NVX,NOVONIX Limited American Depository Shares,Industrials,Electrical Equipment & Parts,Australia
CPSH,CPS Technologies Corp. Common Stock,Technology,Electronic Components,USA
HOVR,New Horizon Aircraft Ltd. Class A Ordinary Share,Industrials,Aerospace & Defense,Canada
COE,"51Talk Online Education Group American depositary shares, each representing 60 Class A ordinary shares",Consumer Defensive,Education & Training Services,Singapore
BANX,ArrowMark Financial Corp. Common Stock,Financial,Closed-End Fund - Debt,USA
GGZ,Gabelli Global Small and Mid Cap Value Trust (The) Common Shares of Beneficial Interest,Financial,Closed-End Fund - Equity,USA
LASE,Laser Photonics Corporation Common Stock,Industrials,Specialty Industrial Machinery,USA
HURA,"TuHURA Biosciences, Inc. Common Stock",Healthcare,Biotechnology,USA
SBFG,"SB Financial Group, Inc. Common Stock",Financial,Banks - Regional,USA
CURV,Torrid Holdings Inc. Common Stock,Consumer Cyclical,Apparel Retail,USA
BOOM,DMC Global Inc. Common Stock,Industrials,Conglomerates,USA
GNLX,Genelux Corporation Common Stock,Healthcare,Biotechnology,USA
CTW,CTW Class A Ordinary Shares,Communication Services,Electronic Gaming & Multimedia,Japan
HOFT,Hooker Furnishings Corporation Common Stock,Consumer Cyclical,"Furnishings, Fixtures & Appliances",USA
FORR,"Forrester Research, Inc. Common Stock",Industrials,Consulting Services,USA
AFBI,"Affinity Bancshares, Inc. Common Stock (MD)",Financial,Banks - Regional,USA
DWSN,Dawson Geophysical Company Common Stock,Energy,Oil & Gas Equipment & Services,USA
AXR,AMREP Corporation Common Stock,Real Estate,Real Estate - Development,USA
MED,MEDIFAST INC Common Stock,Consumer Cyclical,Personal Services,USA
DLNG,Dynagas LNG Partners LP Common Units,Energy,Oil & Gas Midstream,Greece
VTVT,vTv Therapeutics Inc. Class A Common Stock,Healthcare,Biotechnology,USA
BHM,"Bluerock Homes Trust, Inc. Class A Common Stock",Real Estate,REIT - Residential,USA
CAAS,"China Automotive Systems, Inc. Ordinary Share",Consumer Cyclical,Auto Parts,China
RCEL,"Avita Medical, Inc. Common Stock",Healthcare,Medical Devices,USA
ACR,ACRES Commercial Realty Corp. Common Stock,Real Estate,REIT - Mortgage,USA
PSIG,PS International Group Ltd. Ordinary Shares,Industrials,Integrated Freight & Logistics,Hong Kong
CRDL,Cardiol Therapeutics Inc. Class A Common Shares,Healthcare,Drug Manufacturers - Specialty & Generic,Canada
SAMG,Silvercrest Asset Management Group Inc. Class A Common Stock,Financial,Asset Management,USA
SNWV,"SANUWAVE Health, Inc. Common Stock",Healthcare,Medical Devices,USA
KRKR,36Kr Holdings Inc. American Depositary Shares,Communication Services,Advertising Agencies,China
MXCT,"MaxCyte, Inc. Common Stock",Healthcare,Medical Devices,USA
MBOT,Microbot Medical Inc. Common Stock,Healthcare,Medical Instruments & Supplies,USA
YOOV,Concorde International Group Ltd Class A Ordinary Shares,Industrials,Security & Protection Services,Singapore
HYNE,"Hoyne Bancorp, Inc. Common Stock",Financial,Banks - Regional,USA
DLTH,Duluth Holdings Inc. Class B Common Stock,Consumer Cyclical,Apparel Retail,USA
ZENA,"ZenaTech, Inc. Common Stock",Technology,Software - Infrastructure,Canada
SMJF,SMJ International Holdings Inc. Class A Ordinary Shares,Consumer Cyclical,Textile Manufacturing,Singapore
DH,Definitive Healthcare Corp. Class A Common Stock,Healthcare,Health Information Services,USA
EML,Eastern Company (The) Common Stock,Industrials,Tools & Accessories,USA
KZIA,Kazia Therapeutics Limited American Depositary Shares,Healthcare,Biotechnology,Australia
SIF,"SIFCO Industries, Inc. Common Stock",Industrials,Aerospace & Defense,USA
USGO,U.S. GoldMining Inc. Common stock,Basic Materials,Other Industrial Metals & Mining,Canada
JHS,John Hancock Income Securities Trust Common Stock,Financial,Closed-End Fund - Debt,USA
OXSQ,Oxford Square Capital Corp. Common Stock,Financial,Asset Management,USA
HERE,Here Group Limited American Depositary Shares,Consumer Cyclical,Leisure,China
ACOG,Alpha Cognition Inc. Common Stock,Healthcare,Biotechnology,USA
TRT,Trio-Tech International Common Stock,Technology,Semiconductor Equipment & Materials,USA
BEBE,TGE Value Creative Solutions Corp Class A Ordinary Shares,Financial,Shell Companies,France
PUSA,Aureus Greenway Holdings Inc. Common Stock,Consumer Cyclical,Leisure,USA
NTCL,NETCLASS TECHNOLOGY INC Class A Ordinary Shares,Technology,Software - Application,Singapore
NYXH,Nyxoah SA Ordinary Shares,Healthcare,Medical Instruments & Supplies,Belgium
BSET,"Bassett Furniture Industries, Incorporated Common Stock",Consumer Cyclical,"Furnishings, Fixtures & Appliances",USA
AOUT,"American Outdoor Brands, Inc. Common Stock ",Consumer Cyclical,Leisure,USA
MSLE,Satellos Bioscience Inc. Common Stock,Healthcare,Biotechnology,Canada
OCC,Optical Cable Corporation Common Stock,Technology,Communication Equipment,USA
PNBK,Patriot National Bancorp Inc. Common Stock,Financial,Banks - Regional,USA
ATLX,Atlas Lithium Corporation Common Stock,Basic Materials,Other Industrial Metals & Mining,Brazil
GHI,Greystone Housing Impact Investors LP Beneficial Unit Certificates representing assignments of limited partnership interests,Financial,Mortgage Finance,USA
SPAI,Safe Pro Group Inc. Common Stock,Industrials,Aerospace & Defense,USA
GLND,Greenland Energy Company Common Stock,Energy,Oil & Gas E&P,USA
BRLT,"Brilliant Earth Group, Inc. Class A Common Stock",Consumer Cyclical,Luxury Goods,USA
LSBK,"Lake Shore Bancorp, Inc. Common Stock",Financial,Banks - Regional,USA
STEX,Streamex Corp. Common Stock,Financial,Capital Markets,USA
ACNT,Ascent Industries Co. Common Stock,Basic Materials,Chemicals,USA
VTIX,Virtuix Holdings Inc. Class A Common Stock,Technology,Computer Hardware,USA
MB,MasterBeef Group Ordinary Shares,Consumer Cyclical,Restaurants,Hong Kong
CGTX,"Cognition Therapeutics, Inc. Common Stock",Healthcare,Biotechnology,USA
HOVNP,Hovnanian Enterprises Inc Dep Shr Srs A Pfd,,,USA
USBC,"USBC, Inc. Common Stock",Technology,Scientific & Technical Instruments,USA
CUE,"Cue Biopharma, Inc. Common Stock",Healthcare,Biotechnology,USA
PLYX,"Polaryx Therapeutics, Inc. Common Stock",Healthcare,Biotechnology,USA
BDTX,"Black Diamond Therapeutics, Inc. Common Stock",Healthcare,Biotechnology,USA
NXTT,Next Technology Holding Inc. Ordinary Shares,Technology,Software - Application,China
SCOR,"comScore, Inc. Common Stock",Technology,Software - Application,USA
NTHI,"NeOnc Technologies Holdings, Inc. Common Stock",Healthcare,Biotechnology,USA
BZFD,"BuzzFeed, Inc. Class A Common Stock",Communication Services,Internet Content & Information,USA
BAER,"Bridger Aerospace Group Holdings, Inc. Common Stock",Industrials,Security & Protection Services,USA
GGT,"Gabelli Multi-Media Trust, Inc. (The) Common Stock",Financial,Closed-End Fund - Equity,USA
GHG,"GreenTree Hospitality Group Ltd. American depositary shares, each representing one Class A ordinary share",Consumer Cyclical,Lodging,China
AMCI,AMC Robotics Corporation Common Stock,Technology,Computer Hardware,USA
LFVN,Lifevantage Corporation Common Stock (Delaware),Consumer Defensive,Packaged Foods,USA
TSQ,"Townsquare Media, Inc. Class A Common Stock",Communication Services,Advertising Agencies,USA
JYNT,The Joint Corp. Common Stock,Healthcare,Medical Care Facilities,USA
ALOT,"AstroNova, Inc. Common Stock",Technology,Computer Hardware,USA
JHI,John Hancock Investors Trust Common Stock,Financial,Closed-End Fund - Debt,USA
ARBE,Arbe Robotics Ltd. Ordinary Shares,Technology,Scientific & Technical Instruments,Israel
OPTXW,"Syntec Optics Holdings, Inc. Warrant",,,USA
SUNS,"Sunrise Realty Trust, Inc. Common Stock",Real Estate,REIT - Mortgage,USA
CXE,MFS High Income Municipal Trust Common Stock,Financial,Closed-End Fund - Debt,USA
ALPS,ALPS Group Inc Ordinary Share,Healthcare,Biotechnology,Malaysia
SRFM,Surf Air Mobility Inc. Common Stock,Industrials,Airlines,USA
SANG,Sangoma Technologies Corporation Common Shares,Technology,Software - Infrastructure,Canada
GUTS,"Fractyl Health, Inc. Common Stock",Healthcare,Biotechnology,USA
RVSB,Riverview Bancorp Inc Common Stock,Financial,Banks - Regional,USA
PZG,Paramount Gold Nevada Corp. Common Stock,Basic Materials,Gold,USA
XGN,Exagen Inc. Common Stock,Healthcare,Diagnostics & Research,USA
GLU,Gabelli Global Utility Common Shares of Beneficial Ownership,Financial,Closed-End Fund - Equity,USA
ULBI,Ultralife Corporation Common Stock,Industrials,Electrical Equipment & Parts,USA
RENT,"Rent the Runway, Inc. Class A Common Stock",Consumer Cyclical,Apparel Retail,USA
ENGN,enGene Therapeutics Inc. Common Stock,Healthcare,Biotechnology,Canada
LUD,Luda Technology Group Limited Ordinary Shares,Basic Materials,Steel,Hong Kong
BSBK,Bogota Financial Corp. Common Stock,Financial,Banks - Regional,USA
COYA,"Coya Therapeutics, Inc. Common Stock",Healthcare,Biotechnology,USA
ARQ,"Arq, Inc. Common Stock",Industrials,Pollution & Treatment Controls,USA
PODC,"PodcastOne, Inc. Common Stock",Communication Services,Internet Content & Information,USA
GEOS,Geospace Technologies Corporation Common Stock (Texas),Energy,Oil & Gas Equipment & Services,USA
KEQU,Kewaunee Scientific Corporation Common Stock,Consumer Cyclical,"Furnishings, Fixtures & Appliances",USA
REKR,"Rekor Systems, Inc. Common Stock",Technology,Software - Infrastructure,USA
GOAI,Eva Live Inc. Common Stock,Technology,Software - Infrastructure,USA
TTEC,"TTEC Holdings, Inc. Common Stock",Technology,Information Technology Services,USA
TEAD,Teads Holding Co. Common Stock,Communication Services,Internet Content & Information,USA
WYY,WidePoint Corporation Common Stock,Technology,Information Technology Services,USA
MGYR,"Magyar Bancorp, Inc. Common Stock",Financial,Banks - Regional,USA
RANI,"Rani Therapeutics Holdings, Inc. Class A Common Stock",Healthcare,Biotechnology,USA
OTLK,"Outlook Therapeutics, Inc. Common Stock",Healthcare,Biotechnology,USA
RPT,Rithm Property Trust Inc. Common stock,Real Estate,REIT - Mortgage,USA
EXFY,"Expensify, Inc. Class A Common Stock",Technology,Software - Application,USA
KLRS,"Kalaris Therapeutics, Inc. Common Stock",Healthcare,Biotechnology,USA
VANI,"Vivani Medical, Inc. Common Stock (DE)",Healthcare,Biotechnology,USA
HURC,"Hurco Companies, Inc. Common Stock",Industrials,Specialty Industrial Machinery,USA
CLAR,Clarus Corporation Common Stock,Consumer Cyclical,Leisure,USA
EP,Empire Petroleum Corporation Common Stock,Energy,Oil & Gas E&P,USA
NAMM,Namib Minerals Ordinary Shares,Basic Materials,Gold,Cayman Islands
STHO,Star Holdings Shares of Beneficial Interest,Real Estate,Real Estate Services,USA
BLNK,Blink Charging Co. Common Stock,Industrials,Engineering & Construction,USA
NXXT,"NextNRG, Inc. Common Stock",Utilities,Utilities - Renewable,USA
PYXS,"Pyxis Oncology, Inc. Common Stock",Healthcare,Biotechnology,USA
AISP,"Airship AI Holdings, Inc. Class A Common Stock",Technology,Software - Infrastructure,USA
ZVIA,Zevia PBC Class A Common Stock,Consumer Defensive,Beverages - Non-Alcoholic,USA
YRD,"Yiren Digital Ltd. American Depositary Shares, each representing two ordinary shares",Financial,Credit Services,China
SHMDW,SCHMID Group N.V. Warrants,,,USA
SFBC,"Sound Financial Bancorp, Inc. Common Stock",Financial,Banks - Regional,USA
BNC,CEA Industries Inc. Common Stock,Industrials,Farm & Heavy Construction Machinery,USA
CBUS,"Cibus, Inc. Class A Common Stock",Healthcare,Biotechnology,USA
LAKE,"Lakeland Industries, Inc. Common Stock",Consumer Cyclical,Apparel Manufacturing,USA
UNB,"Union Bankshares, Inc. Common Stock",Financial,Banks - Regional,USA
BNAI,Brand Engagement Network Inc. Common Stock,Technology,Software - Infrastructure,USA
ICG,Intchains Group Limited American Depositary Shares,Technology,Semiconductors,China
ALDX,"Aldeyra Therapeutics, Inc. Common Stock",Healthcare,Biotechnology,USA
FGMC,FG Merger II Corp. Common stock,Financial,Shell Companies,USA
CRDF,"Cardiff Oncology, Inc. Common Stock",Healthcare,Biotechnology,USA
PROV,"Provident Financial Holdings, Inc. Common Stock",Financial,Banks - Regional,USA
FATN,"FatPipe, Inc. Common Stock",Technology,Software - Infrastructure,USA
VRCA,Verrica Pharmaceuticals Inc. Common Stock,Healthcare,Biotechnology,USA
BUDA,"Buda Juice, Inc. Common Stock",Consumer Defensive,Beverages - Non-Alcoholic,USA
FURY,Fury Gold Mines Limited Common Shares,Basic Materials,Other Industrial Metals & Mining,Canada
CYPH,Cypherpunk Technologies Inc. Common Stock,Healthcare,Biotechnology,USA
BOTJ,"Bank of the James Financial Group, Inc. Common Stock",Financial,Banks - Regional,USA
ONCY,"Oncolytics Biotech, Inc. Common Stock",Healthcare,Biotechnology,USA
INVE,"Identiv, Inc. Common Stock",Industrials,Building Products & Equipment,USA
AIRJW,AirJoule Technologies Corporation Warrant,,,USA
JXG,JX Luxventure Group Inc. Common Stock,Consumer Cyclical,Apparel Manufacturing,China
PEPG,PepGen Inc. Common Stock,Healthcare,Biotechnology,USA
CCLD,"CareCloud, Inc. Common Stock",Healthcare,Health Information Services,USA
SEER,"Seer, Inc. Class A Common Stock",Healthcare,Biotechnology,USA
STIM,"Neuronetics, Inc. Common Stock",Healthcare,Medical Devices,USA
FFAI,Faraday Future Intelligent Electric Inc. Class A Common Stock,Consumer Cyclical,Auto Manufacturers,USA
OPRX,OptimizeRx Corporation Common Stock,Healthcare,Health Information Services,USA
TZOO,Travelzoo Common Stock,Communication Services,Internet Content & Information,USA
BMHL,Bluemount Holdings Limited Class B Ordinary Shares,Financial,Capital Markets,Hong Kong
AIFC,AI Financial Corporation Common Stock,Technology,Software - Infrastructure,USA
SUIG,Sui Group Holdings Limited Common Stock,Financial,Credit Services,USA
SILO,"Silo Pharma, Inc. Common Stock",Healthcare,Biotechnology,USA
GRWG,GrowGeneration Corp. Common Stock,Consumer Cyclical,Specialty Retail,USA
ATLN,Atlantic International Corp. Common Stock,Industrials,Staffing & Employment Services,USA
DTI,Drilling Tools International Corporation Common Stock,Energy,Oil & Gas Equipment & Services,USA
BMEA,"Biomea Fusion, Inc. Common Stock",Healthcare,Biotechnology,USA
MMLP,Martin Midstream Partners L.P. Limited Partnership,Energy,Oil & Gas Midstream,USA
SSTI,"SoundThinking, Inc. Common Stock",Technology,Software - Application,USA
SEAT,Vivid Seats Inc. Class A Common Stock,Communication Services,Internet Content & Information,USA
WKEY,WISeKey International Holding Ltd American Depositary Shares,Technology,Semiconductors,Switzerland
HFFG,HF Foods Group Inc. Common Stock,Consumer Defensive,Food Distribution,USA
BWEN,"Broadwind, Inc. Common Stock",Industrials,Specialty Industrial Machinery,USA
AMTD,"AMTD IDEA Group American Depositary Shares, each representing six (6) Class A Ordinary Shares",Financial,Asset Management,France
FNWB,First Northwest Bancorp Common Stock,Financial,Banks - Regional,USA
RMI,"RiverNorth Opportunistic Municipal Income Fund, Inc. Common Stock",Financial,Closed-End Fund - Debt,USA
HDRN,"Hadron Energy, Inc. Common Stock  ",Industrials,Specialty Industrial Machinery,USA
BNR,Burning Rock Biotech Limited American Depositary Shares,Healthcare,Diagnostics & Research,China
HMR,Heidmar Maritime Holdings Corp. Common Stock,Industrials,Marine Shipping,Greece
IBIO,"iBio, Inc. Common Stock",Healthcare,Biotechnology,USA
INO,"Inovio Pharmaceuticals, Inc. Common Stock",Healthcare,Biotechnology,USA
CMU,MFS Municipal Income Trust Common Stock,Financial,Closed-End Fund - Debt,USA
ISPR,Ispire Technology Inc. Common Stock,Consumer Defensive,Tobacco,USA
SLSN,"Solesence, Inc. Common Stock",Consumer Defensive,Household & Personal Products,USA
IPWR,Ideal Power Inc. Common Stock,Technology,Semiconductors,USA
ZEPP,"Zepp Health Corporation American depositary shares, each representing sixteen Class A ordinary shares",Technology,Consumer Electronics,Netherlands
SLNG,"Stabilis Solutions, Inc. Common Stock",Energy,Oil & Gas Integrated,USA
EIC,Eagle Point Income Company Inc. Common Stock,Financial,Closed-End Fund - Debt,USA
VRA,"Vera Bradley, Inc. Common Stock",Consumer Cyclical,Footwear & Accessories,USA
MHNC,"Maiden Holdings North America, Ltd. 7.75% Notes due 2043",,,USA
AKA,a.k.a. Brands Holding Corp. Common Stock,Consumer Cyclical,Apparel Retail,USA
CSPI,CSP Inc. Common Stock,Technology,Information Technology Services,USA
MHLA,"Maiden Holdings, Ltd. 6.625% Notes due 2046",,,USA
FTLF,"FitLife Brands, Inc. Common Stock",Consumer Defensive,Packaged Foods,USA
FLL,"Full House Resorts, Inc. Common Stock",Consumer Cyclical,Resorts & Casinos,USA
UBCP,"United Bancorp, Inc. Common Stock",Financial,Banks - Regional,USA
MGF,MFS Government Markets Income Trust Common Stock,Financial,Closed-End Fund - Debt,USA
GPUS,"Hyperscale Data, Inc. Common Stock",Industrials,Aerospace & Defense,USA
ATRA,"Atara Biotherapeutics, Inc. Common Stock",Healthcare,Biotechnology,USA
CLSKW,"CleanSpark, Inc. Warrant",,,USA
ROC,Rank One Computing Corporation Common stock,Technology,Software - Application,USA
PYPD,PolyPid Ltd. Ordinary Shares,Healthcare,Biotechnology,Israel
FBIO,"Fortress Biotech, Inc. Common Stock",Healthcare,Biotechnology,USA
BCIC,BCP Investment Corporation Common Stock,Financial,Asset Management,USA
RPID,"Rapid Micro Biosystems, Inc. Class A Common Stock",Healthcare,Medical Devices,USA
JDZG,JIADE LIMITED Class A Ordinary Shares,Consumer Defensive,Education & Training Services,China
AIRG,"Airgain, Inc. Common Stock",Technology,Communication Equipment,USA
HRTX,"Heron Therapeutics, Inc. Common Stock",Healthcare,Biotechnology,USA
LPA,Logistic Properties of the Americas Ordinary Shares,Real Estate,Real Estate - Development,USA
MAIA,"MAIA Biotechnology, Inc. Common Stock",Healthcare,Biotechnology,USA
LGO,Largo Inc. Common Shares,Basic Materials,Other Industrial Metals & Mining,Canada
LIDR,"AEye, Inc. Class A Common Stock",Technology,Software - Infrastructure,USA
DFDV,DeFi Development Corp. Common Stock,Financial,Asset Management,USA
AEYE,"AudioEye, Inc. Common Stock",Technology,Software - Application,USA
ANPA,Rich Sparkle Holdings Limited Ordinary Shares,Industrials,Specialty Business Services,Hong Kong
RGT,"Royce Global Trust, Inc. Common Stock",Financial,Closed-End Fund - Equity,USA
GNSS,Genasys Inc. Common Stock,Technology,Scientific & Technical Instruments,USA
FUSB,"First US Bancshares, Inc. Common Stock",Financial,Banks - Regional,USA
NRXS,"Neuraxis, Inc. Common Stock",Healthcare,Biotechnology,USA
PTHS,Pelthos Therapeutics Inc. Common Stock,Healthcare,Biotechnology,USA
GCV,"Gabelli Convertible and Income Securities Fund, Inc. (The) Common Stock",Financial,Closed-End Fund - Equity,USA
NIPG,NIP Group Inc. American Depositary Shares,Communication Services,Entertainment,Sweden
JFB,JFB Construction Holdings Class A Common Stock,Real Estate,Real Estate - Development,USA
VIRC,Virco Manufacturing Corporation Common Stock,Consumer Cyclical,"Furnishings, Fixtures & Appliances",USA
RFM,"RiverNorth Flexible Municipal Income Fund, Inc. Common Stock",Financial,Asset Management,USA
ICCC,ImmuCell Corporation Common Stock,Healthcare,Biotechnology,USA
SSBI,Summit State Bank Common Stock,Financial,Banks - Regional,USA
BYFC,Broadway Financial Corporation Class A Common Stock,Financial,Banks - Regional,USA
BTMD,Biote Corp. Class A Common Stock,Healthcare,Medical Care Facilities,USA
OPTT,"Ocean Power Technologies, Inc. Common Stock",Industrials,Specialty Industrial Machinery,USA
GECC,Great Elm Capital Corp. Common Stock,Financial,Asset Management,USA
MOB,Mobilicom Limited Ordinary Shares,Industrials,Aerospace & Defense,Israel
DTCX,"Datacentrex, Inc. Common Stock",Financial,Financial Data & Stock Exchanges,USA
AUBN,"Auburn National Bancorporation, Inc. Common Stock",Financial,Banks - Regional,USA
CHMI,Cherry Hill Mortgage Investment Corporation Common Stock,Real Estate,REIT - Mortgage,USA
SOTK,Sono-Tek Corporation Common Stock,Technology,Scientific & Technical Instruments,USA
KG,"Kestrel Group, Ltd.",Financial,Insurance - Reinsurance,Bermuda
PFX,PhenixFIN Corporation Common Stock,Financial,Asset Management,USA
SERA,"Sera Prognostics, Inc. Class A Common Stock",Healthcare,Medical Devices,USA
IDN,"Intellicheck, Inc. Common Stock",Technology,Software - Application,USA
ANIX,"Anixa Biosciences, Inc. Common Stock",Healthcare,Biotechnology,USA
BEEP,Mobile Infrastructure Corporation Common Stock,Industrials,Infrastructure Operations,USA
OM,"Outset Medical, Inc. Common Stock",Healthcare,Medical Devices,USA
CPIX,Cumberland Pharmaceuticals Inc. Common Stock,Healthcare,Drug Manufacturers - Specialty & Generic,USA
TELO,"Telomir Pharmaceuticals, Inc. Common Stock",Healthcare,Biotechnology,USA
LGCL,Lucas GC Limited Ordinary Shares,Technology,Software - Application,China
GIBO,GIBO Holdings Limited Class A Ordinary Shares,Communication Services,Internet Content & Information,Hong Kong
EVF,Eaton Vance Senior Income Trust Common Stock,Financial,Closed-End Fund - Debt,USA
PMN,ProMIS Neurosciences Inc. Common Shares (ON),Healthcare,Biotechnology,Canada
RNTX,"Rein Therapeutics, Inc. Common Stock",Healthcare,Biotechnology,USA
LVO,"LiveOne, Inc. Common Stock",Communication Services,Internet Content & Information,USA
LIXT,"Lixte Biotechnology Holdings, Inc. Common Stock",Healthcare,Biotechnology,USA
HYFT,MindWalk Holdings Corp. Common Stock,Healthcare,Biotechnology,USA
NEOV,NeoVolta Inc. Common Stock,Industrials,Electrical Equipment & Parts,USA
FTCI,"FTC Solar, Inc. Common Stock",Technology,Solar,USA
AFCG,Advanced Flower Capital Inc. Common Stock,Financial,Asset Management,USA
AARD,"Aardvark Therapeutics, Inc. Common Stock",Healthcare,Biotechnology,USA
AVD,American Vanguard Corporation Common Stock ($0.10 Par Value),Basic Materials,Agricultural Inputs,USA
RLYB,Rallybio Corporation Common Stock,Healthcare,Biotechnology,USA
AURE,Aurelion Inc. Class A Ordinary Shares,Financial,Capital Markets,Hong Kong
AEC,Anfield Energy Inc. Common Shares,Energy,Uranium,Canada
PROP,Prairie Operating Co. Common Stock,Energy,Oil & Gas E&P,USA
AGPU,Axe Compute Inc. Common Stock,Technology,Software - Infrastructure,USA
MAYS,"J. W. Mays, Inc. Common Stock",Real Estate,Real Estate Services,USA
GAMB,Gambling.com Group Limited Ordinary Shares,Consumer Cyclical,Gambling,United Kingdom
PARK,"Park Dental Partners, Inc. Common Stock",Healthcare,Medical Care Facilities,USA
CRGO,Freightos Limited Ordinary shares,Industrials,Integrated Freight & Logistics,Israel
OPXS,"Optex Systems Holdings, Inc. Common Stock",Industrials,Aerospace & Defense,USA
CHRN,ChronoScale Corporation Common Stock,Technology,Information Technology Services,USA
BARK,"BARK, Inc. Class A Common Stock",Consumer Cyclical,Specialty Retail,USA
LINK,"Interlink Electronics, Inc. Common Stock",Technology,Electronic Components,USA
FEAM,"5E Advanced Materials, Inc. Common Stock",Basic Materials,Specialty Chemicals,USA
ECOR,"electroCore, Inc. Common Stock",Healthcare,Medical Devices,USA
OSTX,OS Therapies Incorporated Common Stock,Healthcare,Biotechnology,USA
MCRP,Micropolis AI Robotics Ordinary Shares,Technology,Computer Hardware,United Arab Emirates
GLV,Clough Global Dividend and Income Fund Common Shares of beneficial interest,Financial,Closed-End Fund - Equity,USA
STEM,"Stem, Inc. Class A Common Stock",Utilities,Utilities - Renewable,USA
QTEX,QTREX Quantum Ltd. Ordinary Shares,Technology,Computer Hardware,Israel
TISI,"Team, Inc. Common Stock",Industrials,Specialty Business Services,USA
RRGB,"Red Robin Gourmet Burgers, Inc. Common Stock",Consumer Cyclical,Restaurants,USA
IH,"iHuman Inc. American depositary shares, each representing five Class A ordinary shares",Consumer Defensive,Education & Training Services,China
HSDT,Solana Company Class A Common Stock (DE),Financial,Asset Management,USA
DLHC,DLH Holdings Corp.,Industrials,Specialty Business Services,USA
FSI,Flexible Solutions International Inc. Common Stock (CDA),Basic Materials,Specialty Chemicals,Canada
WSTN,Westin Acquisition Corp Class A Ordinary Share,Financial,Shell Companies,Singapore
DTF,DTF Tax-Free Income 2028 Term Fund Inc. Common Stock,Financial,Closed-End Fund - Debt,USA
LONA,"LeonaBio, Inc. Common Stock",Healthcare,Biotechnology,USA
CPHC,Canterbury Park Holding Corporation 'New' Common Stock,Consumer Cyclical,Resorts & Casinos,USA
SIEB,Siebert Financial Corp. Common Stock,Financial,Capital Markets,USA
NAKA,Nakamoto Inc. Common Stock,Financial,Capital Markets,USA
GDHG,Golden Heaven Group Holdings Ltd. Class A Ordinary Shares,Consumer Cyclical,Leisure,China
BODI,"The Beachbody Company, Inc. Class A Common Stock",Communication Services,Internet Content & Information,USA
CSBR,"Champions Oncology, Inc. Common Stock",Healthcare,Biotechnology,USA
XPL,Solitario Resources Corp. Common Stock,Basic Materials,Other Industrial Metals & Mining,USA
PIII,P3 Health Partners Inc. Class A Common Stock,Healthcare,Medical Care Facilities,USA
PLCE,"Children's Place, Inc. (The) Common Stock",Consumer Cyclical,Apparel Manufacturing,USA
MHH,"Mastech Digital, Inc Common Stock",Industrials,Staffing & Employment Services,USA
FDSB,"Fifth District Bancorp, Inc. Common Stock",Financial,Banks - Regional,USA
PEW,GrabAGun Digital Holdings Inc. Common Stock,Industrials,Aerospace & Defense,USA
GANX,"Gain Therapeutics, Inc. Common Stock",Healthcare,Biotechnology,USA
EXOZ,eXoZymes Inc. Common Stock,Healthcare,Biotechnology,USA
DIT,AMCON Distributing Company Common Stock,Consumer Defensive,Food Distribution,USA
SKIN,SkinHealth Systems Inc. Class A Common Stock,Consumer Defensive,Household & Personal Products,USA
FSEA,"First Seacoast Bancorp, Inc. Common Stock",Financial,Banks - Regional,USA
CPBI,"Central Plains Bancshares, Inc. Common Stock",Financial,Banks - Regional,USA
KNDI,"Kandi Technologies Group, Inc. Ordinary Shares",Consumer Cyclical,Recreational Vehicles,China
UFI,"Unifi, Inc. New Common Stock",Consumer Cyclical,Textile Manufacturing,USA
HNNA,"Hennessy Advisors, Inc. Common Stock",Financial,Asset Management,USA
PCLA,PicoCELA Inc. American Depositary Shares,Communication Services,Telecom Services,Japan
AIB,"BlockchAIn Digital Infrastructure, Inc Common Shares",Technology,Software - Application,USA
NDLS,Noodles & Company Class A Common Stock,Consumer Cyclical,Restaurants,USA
SEV,Aptera Motors Corp. Class B Common Stock,Consumer Cyclical,Auto Manufacturers,USA
SRXH,"SRX Health Solutions, Inc. Common Stock",Consumer Defensive,Packaged Foods,USA
ACET,"Adicet Bio, Inc. Common Stock",Healthcare,Biotechnology,USA
NRT,North European Oil Royality Trust Common Stock,Energy,Oil & Gas E&P,USA
WRAP,"Wrap Technologies, Inc. Common Stock",Technology,Scientific & Technical Instruments,USA
LSE,"Leishen Energy Holding Co., Ltd. Class A Ordinary Shares",Energy,Oil & Gas Equipment & Services,China
VIDA,VIDA Global Inc. Class A Common Stock,Technology,Software - Application,USA
XTIA,"XTI Aerospace, Inc. Common Stock",Industrials,Aerospace & Defense,USA
NTIC,Northern Technologies International Corporation Common Stock,Basic Materials,Specialty Chemicals,USA
AUC,ATIF Holdings Limited Ordinary Shares,Financial,Capital Markets,USA
BLUW,Blue Water Acquisition Corp. III Class A Ordinary Shares,Financial,Shell Companies,USA
CLNN,Clene Inc. Common Stock,Healthcare,Biotechnology,USA
RSSS,"Research Solutions, Inc Common Stock",Technology,Software - Application,USA
CTOR,"Citius Oncology, Inc. Common Stock",Healthcare,Drug Manufacturers - Specialty & Generic,USA
ASTI,"Ascent Solar Technologies, Inc. Common Stock",Technology,Solar,USA
GPMT,Granite Point Mortgage Trust Inc. Common Stock,Real Estate,REIT - Mortgage,USA
DOMH,Dominari Holdings Inc. Common Stock,Financial,Capital Markets,USA
BHST,BioHarvest Sciences Inc. Common Stock,Consumer Defensive,Packaged Foods,Canada
IOR,"Income Opportunity Realty Investors, Inc. Common Stock",Financial,Mortgage Finance,USA
SYPR,"Sypris Solutions, Inc. Common Stock",Consumer Cyclical,Auto Parts,USA
SFWL,Shengfeng Development Limited Class A Ordinary Shares,Industrials,Integrated Freight & Logistics,China
ODYS,Odysight.ai Inc. Common Stock,Technology,Scientific & Technical Instruments,Israel
ELBM,Electra Battery Materials Corporation Common Stock,Basic Materials,Other Industrial Metals & Mining,Canada
PLRX,"Pliant Therapeutics, Inc. Common Stock",Healthcare,Biotechnology,USA
RFL,"Rafael Holdings, Inc. Class B Common Stock",Real Estate,Real Estate Services,USA
FRMM,"Forum Markets, Incorporated Common Stock",Technology,Software - Application,USA
XBIT,XBiotech Inc. Common Stock,Healthcare,Biotechnology,USA
CEV,Eaton Vance California Municipal Income Trust Shares of Beneficial Interest,Financial,Closed-End Fund - Debt,USA
CTM,"Castellum, Inc. Common Stock",Technology,Information Technology Services,USA
INTG,Intergroup Corporation (The) Common Stock,Consumer Cyclical,Lodging,USA
NSTS,"NSTS Bancorp, Inc. Common Stock",Financial,Banks - Regional,USA
UPXI,"Upexi, Inc. Common Stock",Communication Services,Internet Content & Information,USA
HCHL,Happy City Holdings Limited Class A Ordinary shares,Consumer Cyclical,Restaurants,Singapore
FLNT,"Fluent, Inc. Common Stock",Communication Services,Advertising Agencies,USA
ORIQU,Origin Investment Corp I Units,,,USA
NCTY,The9 Limited American Depository Shares,Financial,Capital Markets,China
WLDSW,Wearable Devices Ltd. Warrant,,,USA
BTCS,BTCS Inc. Common Stock,Financial,Capital Markets,USA
ALAR,Alarum Technologies Ltd. American Depositary Share,Technology,Software - Infrastructure,Israel
LNZA,"LanzaTech Global, Inc. Common Stock",Industrials,Waste Management,USA
BYSI,BeyondSpring Inc. Ordinary Shares,Healthcare,Biotechnology,USA
WHLRD,"Wheeler Real Estate Investment Trust, Inc. Series D Cumulative Preferred Stock",,,USA
ASPS,Altisource Portfolio Solutions S.A. Common Stock,Real Estate,Real Estate Services,Luxembourg
CXH,MFS Investment Grade Municipal Trust Common Stock,Financial,Closed-End Fund - Debt,USA
MCHX,"Marchex, Inc. Class B Common Stock",Communication Services,Advertising Agencies,USA
HAIN,"Hain Celestial Group, Inc. (The) Common Stock",Consumer Defensive,Packaged Foods,USA
GEG,"Great Elm Group, Inc. Common Stock",Financial,Asset Management,USA
ANVS,"Annovis Bio, Inc. Common Stock",Healthcare,Biotechnology,USA
PBHC,"Pathfinder Bancorp, Inc. Common Stock (MD)",Financial,Banks - Regional,USA
RGS,Regis Corporation Common Stock,Consumer Cyclical,Personal Services,USA
GENK,"GEN Restaurant Group, Inc. Class A Common Stock",Consumer Cyclical,Restaurants,USA
LITB,"LightInTheBox Holding Co., Ltd. American Depositary Shares, each representing twelve ordinary shares",Consumer Cyclical,Internet Retail,Singapore
LUNG,Pulmonx Corporation Common Stock,Healthcare,Medical Devices,USA
VGAS,"Verde Clean Fuels, Inc. Class A Common Stock",Utilities,Utilities - Renewable,USA
PDSB,PDS Biotechnology Corporation Common Stock,Healthcare,Biotechnology,USA
LNSR,"LENSAR, Inc. Common Stock",Healthcare,Medical Devices,USA
VIOT,"Viomi Technology Co., Ltd American Depositary Shares",Consumer Cyclical,"Furnishings, Fixtures & Appliances",China
VERU,Veru Inc. Common Stock,Healthcare,Biotechnology,USA
ASTC,Astrotech Corporation (DE) Common Stock,Technology,Scientific & Technical Instruments,USA
FLNA,"Filana Therapeutics, Inc. Common Stock",Healthcare,Biotechnology,USA
WXM,WF International Limited Ordinary Shares,Industrials,Industrial Distribution,China
AREN,"The Arena Group Holdings, Inc. Common Stock",Communication Services,Internet Content & Information,USA
TJGC,TJGC Group Limited Ordinary Shares,Communication Services,Advertising Agencies,Hong Kong
CVU,"CPI Aerostructures, Inc. Common Stock",Industrials,Aerospace & Defense,USA
HOUR,"Hour Loop, Inc. Common Stock",Consumer Cyclical,Internet Retail,USA
BRID,Bridgford Foods Corporation Common Stock,Consumer Defensive,Packaged Foods,USA
ROLR,"High Roller Technologies, Inc. Common Stock",Consumer Cyclical,Gambling,USA
OPHC,"OptimumBank Holdings, Inc. Common Stock",Financial,Banks - Regional,USA
MYPS,"PLAYSTUDIOS, Inc.  Class A Common Stock",Communication Services,Electronic Gaming & Multimedia,USA
TCRX,"TScan Therapeutics, Inc. Common Stock",Healthcare,Biotechnology,USA
CBAT,"CBAK Energy Technology, Inc. Common Stock",Industrials,Electrical Equipment & Parts,China
ACRV,"Acrivon Therapeutics, Inc. Common Stock",Healthcare,Biotechnology,USA
MCRB,"Seres Therapeutics, Inc. Common Stock",Healthcare,Biotechnology,USA
WWR,"Westwater Resources, Inc. Common Stock",Basic Materials,Other Industrial Metals & Mining,USA
IZEA,"IZEA Worldwide, Inc. Common Stock",Communication Services,Internet Content & Information,USA
HIT,"Health In Tech, Inc. Class A Common Stock",Technology,Software - Application,USA
ALVOW,Alvotech Warrant,,,USA
CATO,Cato Corporation (The) Class A Common Stock,Consumer Cyclical,Apparel Retail,USA
CRMT,America's Car-Mart Inc Common Stock,Consumer Cyclical,Auto & Truck Dealerships,USA
KLXE,"KLX Energy Services Holdings, Inc. Common Stock",Energy,Oil & Gas Equipment & Services,USA
MNOV,Medicinova Inc Common Stock,Healthcare,Biotechnology,USA
CRT,Cross Timbers Royalty Trust Common Stock,Energy,Oil & Gas E&P,USA
CLST,"Catalyst Bancorp, Inc. Common Stock",Financial,Banks - Regional,USA
MDIA,Mediaco Holding Inc. Class A Common Stock ,Communication Services,Broadcasting,USA
CING,Cingulate Inc. Common Stock,Healthcare,Biotechnology,USA
XTNT,"Xtant Medical Holdings, Inc. Common Stock",Healthcare,Medical Devices,USA
SCLX,Scilex Holding Company Common Stock,Healthcare,Drug Manufacturers - General,USA
MLGO,"MicroAlgo, Inc. Class A Ordinary Shares",Technology,Software - Infrastructure,China
VHC,VirnetX Holding Corp Common Stock,Technology,Software - Infrastructure,USA
IMA,"ImageneBio, Inc. Common Stock",Healthcare,Biotechnology,USA
ASRV,AmeriServ Financial Inc. Common Stock,Financial,Banks - Regional,USA
EDRY,EuroDry Ltd. Common Shares ,Industrials,Marine Shipping,Greece
XOS,"Xos, Inc. Common Stock",Industrials,Farm & Heavy Construction Machinery,USA
MDAI,"Spectral AI, Inc. Class A Common Stock",Healthcare,Medical Devices,USA
SKIL,Skillsoft Corp. Class A Common Stock,Consumer Defensive,Education & Training Services,USA
OMEX,"Odyssey Marine Exploration, Inc. Common Stock",Basic Materials,Other Industrial Metals & Mining,USA
ELTK,Eltek Ltd. Ordinary Shares,Technology,Electronic Components,Israel
INKT,"MiNK Therapeutics, Inc. Common Stock",Healthcare,Biotechnology,USA
PMVP,"PMV Pharmaceuticals, Inc. Common Stock",Healthcare,Biotechnology,USA
AIIO,Robo.ai Inc. Class B Ordinary Shares,Consumer Cyclical,Auto Manufacturers,United Arab Emirates
EDSA,"Edesa Biotech, Inc. Common Shares",Healthcare,Biotechnology,Canada
BZAIW,"Blaize Holdings, Inc. Warrants",,,USA
UAVS,"AgEagle Aerial Systems, Inc. Common Stock",Technology,Computer Hardware,USA
LOOP,"Loop Industries, Inc. Common Stock",Basic Materials,Specialty Chemicals,Canada
SLND,"Southland Holdings, Inc. Common Stock",Industrials,Engineering & Construction,USA
MIND,"MIND Technology, Inc. Common Stock (DE)",Technology,Scientific & Technical Instruments,USA
PVL,Permianville Royalty Trust Units of Beneficial Interest,Energy,Oil & Gas E&P,USA
SORA,AsiaStrategy Ordinary Shares,Consumer Cyclical,Luxury Goods,Hong Kong
BDL,"Flanigan's Enterprises, Inc. Common Stock",Consumer Cyclical,Restaurants,USA
GAIA,"Gaia, Inc. Class A Common Stock",Communication Services,Entertainment,USA
SPCB,"SuperCom, Ltd. Ordinary Shares (Israel)",Industrials,Security & Protection Services,Israel
TOUR,Tuniu Corporation American Depositary Shares,Consumer Cyclical,Travel Services,China
IBO,"Impact BioMedical, Inc. Common Stock",Healthcare,Biotechnology,USA
AIRT,"Air T, Inc. Common Stock",Industrials,Conglomerates,USA
SNT,Senstar Technologies Corporation Common Shares,Industrials,Security & Protection Services,Canada
POCI,"Precision Optics Corporation, Inc. Common stock",Healthcare,Medical Instruments & Supplies,USA
XRXDW,Xerox Holdings Corporation Warrants,,,USA
SQNS,Sequans Communications S.A. American Depositary Shares (each representing one hundred (100) Ordinary Shares),Technology,Semiconductors,France
GCL,GCL Global Holdings Ltd Ordinary Shares,Communication Services,Electronic Gaming & Multimedia,Singapore
ENTX,Entera Bio Ltd. Ordinary Shares,Healthcare,Biotechnology,Israel
TWG,Top Wealth Group Holding Limited Class A Ordinary Shares,Consumer Defensive,Food Distribution,Hong Kong
THCH,TH International Limited Ordinary shares,Consumer Cyclical,Restaurants,China
SXTC,"China SXT Pharmaceuticals, Inc. Class A Ordinary Shares",Healthcare,Drug Manufacturers - Specialty & Generic,China
QXL,Quantum X Labs Inc. Common Stock,Technology,Information Technology Services,Israel
ATHE,Alterity Therapeutics Limited American Depositary Shares,Healthcare,Biotechnology,Australia
CSTE,Caesarstone Ltd. Ordinary Shares,Industrials,Building Products & Equipment,Israel
BGM,BGM Group Ltd. Class A Ordinary Shares,Healthcare,Drug Manufacturers - Specialty & Generic,China
TCRT,"Alaunos Therapeutics, Inc. Common Stock",Healthcare,Biotechnology,USA
HFBL,"Home Federal Bancorp, Inc. of Louisiana Common Stock",Financial,Banks - Regional,USA
RADX,Radiopharm Theranostics Limited American Depositary Shares,Healthcare,Biotechnology,Australia
BGSF,"BGSF, Inc. Common Stock",Industrials,Staffing & Employment Services,USA
SGA,"Saga Communications, Inc. Class A Common Stock (FL)",Communication Services,Broadcasting,USA
MERC,Mercer International Inc. Common Stock,Basic Materials,Paper & Paper Products,Canada
GGR,Gogoro Inc. Ordinary Shares,Consumer Cyclical,Auto Manufacturers,Taiwan
NCEW,New Century Logistics (BVI) Limited Ordinary Shares,Industrials,Integrated Freight & Logistics,Hong Kong
SELF,"Global Self Storage, Inc. Common Stock",Real Estate,REIT - Specialty,USA
BOF,BranchOut Food Inc. Common Stock,Consumer Defensive,Packaged Foods,USA
MNY,MoneyHero Limited Class A Ordinary Shares,Communication Services,Internet Content & Information,Singapore
VNCE,Vince Holding Corp. Common Stock,Consumer Cyclical,Apparel Manufacturing,USA
SACH,Sachem Capital Corp. Common Shares,Real Estate,REIT - Mortgage,USA
YIBO,Planet Image International Limited Class A Ordinary Shares,Technology,Computer Hardware,China
INCR,Intercure Ltd. Ordinary Shares,Healthcare,Drug Manufacturers - Specialty & Generic,Israel
BDMD,Baird Medical Investment Holdings Ltd Ordinary Share,Healthcare,Medical Devices,China
ZTEK,Zentek Ltd. Common Stock,Healthcare,Medical Instruments & Supplies,Canada
STKS,"The ONE Group Hospitality, Inc. Common Stock",Consumer Cyclical,Restaurants,USA
FSP,Franklin Street Properties Corp. Common Stock,Real Estate,REIT - Office,USA
IMMP,Immutep Limited American Depositary Shares,Healthcare,Biotechnology,Australia
DDC,DDC Enterprise Limited Class A Ordinary Shares,Consumer Defensive,Packaged Foods,USA
USEG,U.S. Energy Corp. Common Stock (DE),,,USA
OKYO,OKYO Pharma Limited Ordinary Shares,Healthcare,Biotechnology,United Kingdom
AEI,Alset Inc. Common Stock (TX),Real Estate,Real Estate - Development,USA
YTRA,"Yatra Online, Inc. Ordinary Shares",Consumer Cyclical,Travel Services,India
DWTX,"Dogwood Therapeutics, Inc. Common Stock",Healthcare,Biotechnology,USA
APWC,"Asia Pacific Wire & Cable Corporation, Ltd. Ordinary Shares (Bermuda)",Industrials,Electrical Equipment & Parts,Taiwan
DCGO,DocGo Inc. Common Stock,Healthcare,Medical Care Facilities,USA
KBSX,FST Corp. Ordinary Shares,Consumer Cyclical,Leisure,Taiwan
CNF,"CNFinance Holdings Limited American Depositary Shares, each representing two hundred (200) Ordinary Shares",Financial,Mortgage Finance,China
BCHT,Birchtech Corp. Common Stock,Industrials,Pollution & Treatment Controls,USA
NXB,NextBoat Inc. Common Stcok,Consumer Cyclical,Auto & Truck Dealerships,USA
STAK,STAK Inc. Class A Ordinary Shares,Energy,Oil & Gas Equipment & Services,China
DXR,Daxor Corporation Common Stock,Healthcare,Medical Instruments & Supplies,USA
LFT,"Lument Finance Trust, Inc. Common Stock",Real Estate,REIT - Mortgage,USA
DRIO,DarioHealth Corp. Common Stock,Healthcare,Health Information Services,USA
TIL,"Instil Bio, Inc. Common Stock",Healthcare,Biotechnology,USA
CNVS,Cineverse Corp. Class A Common Stock,Communication Services,Entertainment,USA
WTO,UTime Limited Class A Ordinary Shares,Technology,Consumer Electronics,China
XLO,"Xilio Therapeutics, Inc. Common Stock",Healthcare,Biotechnology,USA
SPWH,"Sportsman's Warehouse Holdings, Inc. Common Stock",Consumer Cyclical,Specialty Retail,USA
WFCF,"Where Food Comes From, Inc. Common Stock",Industrials,Specialty Business Services,USA
PPSI,"Pioneer Power Solutions, Inc. Common Stock",Industrials,Electrical Equipment & Parts,USA
NTWK,NetSol Technologies Inc. Common  Stock,Technology,Software - Application,USA
LFS,"LEIFRAS Co., Ltd. American Depositary Shares  ",Communication Services,Entertainment,Japan
COCH,"Envoy Medical, Inc. Class A Common Stock",Healthcare,Medical Devices,USA
APT,"Alpha Pro Tech, Ltd. Common Stock",Industrials,Building Products & Equipment,Canada
AMSS,AMASS Brands Inc. Common Stock,Consumer Defensive,Beverages - Wineries & Distilleries,USA
ABLV,Able View Global Inc. Class B Ordinary Shares,Consumer Cyclical,Specialty Retail,China
RYM,"RYTHM, Inc. Common Stock",Consumer Defensive,Tobacco,USA
XHG,XChange TEC.INC American Depositary Shares ,Financial,Insurance Brokers,China
HYPD,"Hyperion DeFi, Inc. Common Stock",Healthcare,Biotechnology,USA
QUCY,Quantum Cyber N.V. Ordinary Shares,Healthcare,Diagnostics & Research,USA
GMHS,Gamehaus Holdings Inc. Class A Ordinary Shares,Communication Services,Electronic Gaming & Multimedia,China
VRM,"Vroom, Inc. Common Stock",Financial,Credit Services,USA
SKYA,"SkyAI, Inc. Common Stock",Technology,Software - Infrastructure,USA
CLPR,Clipper Realty Inc. Common Stock,Real Estate,REIT - Residential,USA
DSWL,"Deswell Industries, Inc. Common Shares",Technology,Electronic Components,China
SOGP,Sound Group Inc. American Depositary Shares,Communication Services,Internet Content & Information,Singapore
INLF,INLIF LIMITED Class A Ordinary Shares,Industrials,Specialty Industrial Machinery,China
AIRTP,"Air T, Inc. Air T Funding Alpha Income Trust Preferred Securities",,,USA
SPRU,Spruce Power Holding Corporation Class A Common Stock,Technology,Solar,USA
GNS,Genius Group Limited Ordinary Shares,Consumer Defensive,Education & Training Services,Singapore
GROV,"Grove Collaborative Holdings, Inc. Class A Common Stock",Consumer Defensive,Household & Personal Products,USA
NUCLW,Eagle Nuclear Energy Corp. Warrants,,,USA
GLNDW,Greenland Energy Company Warrant,,,USA
BENF,Beneficient Class A Common Stock,Financial,Asset Management,USA
QTI,"QT Imaging Holdings, Inc. Common Stock",Healthcare,Medical Devices,USA
PRTS,"CarParts.com, Inc. Common Stock",Consumer Cyclical,Auto Parts,USA
UEIC,Universal Electronics Inc. Common Stock,Technology,Consumer Electronics,USA
AIOS,AIOS Tech Inc. Class A Common Shares,Technology,Information Technology Services,China
WBX,Wallbox N.V. Class A Ordinary Shares,Technology,Electronic Components,Spain
VOC,VOC Energy Trust Units of Beneficial Interest,Energy,Oil & Gas E&P,USA
AGIG,Abundia Global Impact Group Inc. Common stock,Utilities,Utilities - Renewable,USA
NOMA,NOMADAR Corp. Class A Common Stock,Consumer Cyclical,Leisure,USA
DCX,Digital Currency X Technology Inc. Class A Ordinary Shares,Consumer Cyclical,Auto Manufacturers,Cayman Islands
ATYR,"aTyr Pharma, Inc. Common Stock",Healthcare,Biotechnology,USA
BEAT,"Heartbeam, Inc. Common Stock",Healthcare,Health Information Services,USA
ZEO,Zeo Energy Corporation Class A Common Stock,Technology,Solar,USA
EHTH,"eHealth, Inc. Common Stock",Financial,Insurance Brokers,USA
MGX,"Metagenomi Therapeutics, Inc. Common Stock",Healthcare,Biotechnology,USA
LESL,"Leslie's, Inc. Common Stock",Consumer Cyclical,Specialty Retail,USA
MYO,Myomo Inc. Common Stock,Healthcare,Medical Devices,USA
XCH,XCHG Limited American Depositary Share,Industrials,Specialty Industrial Machinery,Germany
FNGR,"FingerMotion, Inc. Common Stock",Communication Services,Telecom Services,Singapore
ESLA,"Estrella Immunopharma, Inc. Common Stock",Healthcare,Biotechnology,USA
ENGS,Energys Group Limited Ordinary Shares,Industrials,Waste Management,United Kingdom
MREO,Mereo BioPharma Group plc American Depositary Shares,Healthcare,Biotechnology,United Kingdom
PXS,Pyxis Tankers Inc. Common Stock,Energy,Oil & Gas Midstream,Greece
RSF,RiverNorth Capital and Income Fund Common Stock,Financial,Asset Management,USA
EUDA,EUDA Health Holdings Limited Ordinary Shares,Real Estate,Real Estate Services,Singapore
PBK,PowerBank Corporation Common Stock,Utilities,Utilities - Renewable,Canada
BRIA,BrilliA Inc Class A Ordinary Shares,Consumer Cyclical,Apparel Retail,USA
SCYX,"SCYNEXIS, Inc. Common Stock",Healthcare,Drug Manufacturers - Specialty & Generic,USA
SJ,Scienjoy Holding Corporation Class A Ordinary Shares ,Communication Services,Internet Content & Information,China
MGLD,"The Marygold Companies, Inc. Common Stock",Financial,Asset Management,USA
TCBS,"Texas Community Bancshares, Inc. Common Stock",Financial,Banks - Regional,USA
LOAN,"Manhattan Bridge Capital, Inc",Real Estate,REIT - Mortgage,USA
PFXNZ,PhenixFIN Corporation  5.25% Notes due 2028,,,USA
EXYN,"Exyn Technologies, Inc. Common Stock",Technology,Software - Infrastructure,USA
TACT,TransAct Technologies Incorporated Common Stock,Technology,Computer Hardware,USA
AXIL,"AXIL Brands, Inc. Common Stock",Technology,Consumer Electronics,USA
HCMAW,HCM III Acquisition Corp. Warrants,,,USA
OFS,OFS Capital Corporation Common Stock,Financial,Asset Management,USA
PLUT,Plutus Financial Group Limited Ordinary Shares,Financial,Capital Markets,Hong Kong
AACG,ATA Creativity Global American Depositary Shares,Consumer Defensive,Education & Training Services,China
ELWT,"Elauwit Connection, Inc. Common Stock",Communication Services,Telecom Services,USA
FOFO,"Hang Feng Technology Innovation Co., Ltd. Ordinary Shares",Industrials,Consulting Services,Hong Kong
ARBK,Argo Blockchain plc American Depositary Shares,Financial,Capital Markets,United Kingdom
ZOOZ,ZOOZ Strategy Ltd. Ordinary Shares,Consumer Cyclical,Specialty Retail,Israel
NSYS,Nortech Systems Incorporated Common Stock,Healthcare,Medical Devices,USA
STKE,Sol Strategies Inc. Common Shares,Financial,Capital Markets,Canada
NA,Nano Labs Ltd Class A Ordinary Shares,Technology,Semiconductors,China
SRTS,"Sensus Healthcare, Inc. Common Stock",Healthcare,Medical Devices,USA
ELUT,Elutia Inc. Class A Common Stock,Healthcare,Medical Devices,USA
ACTU,"Actuate Therapeutics, Inc. Common stock",Healthcare,Biotechnology,USA
SLMT,Brera Holdings PLC Class B Ordinary Shares,Technology,Software - Infrastructure,Ireland
GNTA,Genenta Science S.p.A. American Depositary Shares,Healthcare,Biotechnology,Italy
LGL,"LGL Group, Inc. (The) Common Stock",Technology,Scientific & Technical Instruments,USA
GLBS,Globus Maritime Limited Common Stock,Industrials,Marine Shipping,Greece
STG,"Sunlands Technology Group American Depositary Shares, representing Class A ordinary shares",Consumer Defensive,Education & Training Services,China
TGE,The Generation Essentials Group Class A Ordinary Shares,Financial,Asset Management,France
FTEK,"Fuel Tech, Inc. Common Stock",Industrials,Pollution & Treatment Controls,USA
INDO,Indonesia Energy Corporation Limited Ordinary Shares,Energy,Oil & Gas E&P,Indonesia
SCWO,374Water Inc. Common Stock,Industrials,Pollution & Treatment Controls,USA
PRPL,"Purple Innovation, Inc. Common Stock",Consumer Cyclical,"Furnishings, Fixtures & Appliances",USA
MIRA,"MIRA Pharmaceuticals, Inc. Common Stock",Healthcare,Drug Manufacturers - General,USA
WYHG,Wing Yip Food Holdings Group Limited American Depositary Shares,Consumer Defensive,Packaged Foods,China
CCG,Cheche Group Inc. Class A Ordinary Shares,Communication Services,Internet Content & Information,China
JRSH,"Jerash Holdings (US), Inc. Common Stock",Consumer Cyclical,Apparel Manufacturing,USA
RNXT,"RenovoRx, Inc. Common Stock",Healthcare,Biotechnology,USA
BRAG,Bragg Gaming Group Inc. Common Shares,Consumer Cyclical,Gambling,Canada
PFAI,Pinnacle Food Group Limited Class A Common Shares,Consumer Defensive,Farm Products,Canada
LOTWW,Lotus Technology Inc. Warrants,,,USA
NTRB,Nutriband Inc. Common Stock,Healthcare,Biotechnology,USA
FGNX,FG Nexus Inc. Common Stock ,Financial,Asset Management,USA
PN,Skycorp Solar Group Limited Class A Ordinary Shares,Technology,Solar,China
ARAY,Accuray Incorporated Common Stock,Healthcare,Medical Devices,USA
HGBL,Heritage Global Inc. Common Stock,Financial,Capital Markets,USA
NSPR,InspireMD Inc. Common Stock,Healthcare,Medical Devices,USA
CANG,Cango Inc. Class A Ordinary Shares,Financial,Capital Markets,China
NEOVW,NeoVolta Inc. Warrant,,,USA
STRR,"Star Equity Holdings, Inc. Common Stock",Industrials,Conglomerates,USA
JAGU,Jaguar Uranium Corp. Class A Common Shares,Energy,Uranium,Canada
LTRN,Lantern Pharma Inc. Common Stock,Healthcare,Biotechnology,USA
ILLR,Triller Group Inc. Common Stock,Technology,Software - Application,USA
USIO,"Usio, Inc. Common Stock",Technology,Software - Infrastructure,USA
PXLW,"Pixelworks, Inc.  Common Stock",Technology,Semiconductors,USA
KTCC,Key Tronic Corporation Common Stock,Technology,Computer Hardware,USA
TOON,"Kartoon Studios, Inc. Common Stock",Communication Services,Entertainment,USA
HOLO,MicroCloud Hologram Inc. Ordinary Shares,Technology,Electronic Components,China
CREX,"Creative Realities, Inc. Common Stock",Technology,Software - Application,USA
MAMO,Massimo Group Common Stock,Consumer Cyclical,Recreational Vehicles,USA
BGDE,"Big Digital Energy, Inc. Common Stock",Financial,Capital Markets,USA
ZDGE,"Zedge, Inc. Class B Common Stock ",Communication Services,Internet Content & Information,USA
AERT,"Aeries Technology, Inc. Class A Ordinary Share",Industrials,Consulting Services,Singapore
ACFN,"Acorn Energy, Inc. Common Stock",Technology,Scientific & Technical Instruments,USA
AVX,Avax One Technology Ltd. Common Shares,Technology,Software - Infrastructure,USA
FNUC,Frontier Nuclear and Minerals Inc. Common Shares,Basic Materials,Other Industrial Metals & Mining,Canada
MBBC,"Marathon Bancorp, Inc. Common Stock",Financial,Banks - Regional,USA
CVV,CVD Equipment Corporation Common Stock,Industrials,Specialty Industrial Machinery,USA
ATOS,"Atossa Therapeutics, Inc. Common Stock",Healthcare,Biotechnology,USA
PRPO,"Precipio, Inc.  Common Stock",Healthcare,Diagnostics & Research,USA
GOSS,"Gossamer Bio, Inc. Common Stock",Healthcare,Biotechnology,USA
DUO,Fangdd Network Group Ltd. Class A Ordinary Shares,Real Estate,Real Estate Services,China
YI,"111, Inc. American Depositary Shares",Healthcare,Medical Distribution,China
KSCP,"Knightscope, Inc. Class A Common Stock",Industrials,Security & Protection Services,USA
TLPH,"Talphera, Inc. Common Stock",Healthcare,Drug Manufacturers - Specialty & Generic,USA
KALA,"KALA BIO, Inc. Common Stock",Healthcare,Biotechnology,USA
RKTO,Rocket One Inc. Common Stock,Healthcare,Biotechnology,USA
ATHR,"Aether Holdings, Inc. Common Stock",Technology,Software - Application,USA
MOVE,"Corvex, Inc. Common Stock",Technology,Software - Infrastructure,USA
TVGN,Tevogen Bio Holdings Inc. Common Stock,Healthcare,Biotechnology,USA
PHUN,"Phunware, Inc. Common Stock",Technology,Software - Application,USA
YOUL,Youlife Group Inc. American Depositary Shares,Consumer Defensive,Education & Training Services,China
CNTY,"Century Casinos, Inc. Common Stock",Consumer Cyclical,Resorts & Casinos,USA
SLDPW,"Solid Power, Inc. Warrant",,,USA
CULP,"Culp, Inc. Common Stock",Consumer Cyclical,Textile Manufacturing,USA
RAVE,"Rave Restaurant Group, Inc. Common Stock",Consumer Cyclical,Restaurants,USA
GRDX,GridAI Technologies Corp. Common Stock,Healthcare,Biotechnology,USA
DXLG,"Destination XL Group, Inc. Common Stock",Consumer Cyclical,Apparel Retail,USA
TOP,TOP Financial Group Limited Class A Ordinary Shares,Financial,Capital Markets,Singapore
MOBBW,Mobilicom Limited Warrants,,,USA
TPCS,TechPrecision Corporation Common stock,Industrials,Metal Fabrication,USA
ONMD,OneMedNet Corp Class A Common Stock,Healthcare,Health Information Services,USA
GRMLW,Greenland Mines Ltd Warrant,,,USA
RMCO,Royalty Management Holding Corporation Class A Common Stock,Financial,Asset Management,USA
PAVM,PAVmed Inc. Common Stock,Healthcare,Medical Devices,USA
SWAG,"Stran & Company, Inc. Common Stock",Communication Services,Advertising Agencies,USA
ODVWZ,Osisko Development Corp. Warrant expiring 5/27/2027,,,USA
PSTV,"PLUS THERAPEUTICS, Inc. Common Stock ",Healthcare,Biotechnology,USA
TELA,"TELA Bio, Inc. Common Stock",Healthcare,Medical Devices,USA
GAME,"GameSquare Holdings, Inc. Common Stock",Communication Services,Electronic Gaming & Multimedia,USA
ZYBT,Zhengye Biotechnology Holding Limited Class A Ordinary Shares,Healthcare,Drug Manufacturers - Specialty & Generic,China
GSIW,Garden Stage Limited Class A Ordinary Shares,Financial,Capital Markets,Hong Kong
HLP,Hongli Group Inc. Ordinary Shares,Basic Materials,Steel,China
NEPH,"Nephros, Inc. Common Stock",Healthcare,Medical Instruments & Supplies,USA
VTSI,"VirTra, Inc. Common Stock",Technology,Software - Application,USA
PETS,"PetMed Express, Inc. Common Stock",Healthcare,Pharmaceutical Retailers,USA
UCL,uCloudlink Group Inc. American Depositary Shares,Communication Services,Telecom Services,Hong Kong
RYOJ,"rYojbaba Co., Ltd. Common Shares",Industrials,Consulting Services,Japan
KOSS,Koss Corporation Common Stock,Technology,Consumer Electronics,USA
FIEE,"FiEE, Inc Common Stock",Technology,Communication Equipment,Hong Kong
MLSS,"Milestone Scientific, Inc. Common Stock",Healthcare,Medical Instruments & Supplies,USA
OCCI,"OFS Credit Company, Inc. Common Stock",Financial,Closed-End Fund - Debt,USA
TOPP,Toppoint Holdings Inc. Common Stock,Industrials,Trucking,USA
NAAS,NaaS Technology Inc. American Depositary Shares,Consumer Cyclical,Specialty Retail,China
FUSE,Fusemachines Inc. Common stock,Technology,Software - Application,USA
BLNE,"Beeline Holdings, Inc. Common Stock",Financial,Mortgage Finance,USA
BTAI,"BioXcel Therapeutics, Inc. Common Stock",Healthcare,Drug Manufacturers - Specialty & Generic,USA
NSRX,Nasus Pharma Ltd. Ordinary Shares,Healthcare,Drug Manufacturers - General,Israel
AAME,Atlantic American Corporation Common Stock,Financial,Insurance - Life,USA
MATH,Metalpha Technology Holding Limited Ordinary Shares,Financial,Capital Markets,Hong Kong
WKHS,"Workhorse Group, Inc. Common Stock",Consumer Cyclical,Auto Manufacturers,USA
ADSEW,ADS-TEC ENERGY PLC Warrant,,,USA
ABVC,"ABVC BioPharma, Inc. Common Stock",Healthcare,Biotechnology,USA
TLSIW,"TriSalus Life Sciences, Inc. Warrant",,,USA
OESX,"Orion Energy Systems, Inc. Common Stock",Industrials,Electrical Equipment & Parts,USA
LSF,"Laird Superfood, Inc. Common Stock",Consumer Defensive,Packaged Foods,USA
IXHL,Incannex Healthcare Inc. Common Stock,Healthcare,Drug Manufacturers - Specialty & Generic,Australia
FOXX,Foxx Development Holdings Inc. Common Stock,Technology,Consumer Electronics,USA
DAIO,Data I/O Corporation Common Stock,Technology,Electronic Components,USA
HPAI,Helport AI Limited Ordinary Shares,Technology,Software - Infrastructure,Singapore
AISPW,"Airship AI Holdings, Inc. Warrants",,,USA
BIRD,"Allbirds, Inc. Class A Common Stock",Consumer Cyclical,Apparel Retail,USA
RCT,RedCloud Holdings plc Ordinary Shares,Technology,Software - Application,United Kingdom
AMPGZ,"Amplitech Group, Inc. Series B Right",,,USA
SPPL,SIMPPLE LTD. Ordinary Shares,Industrials,Specialty Industrial Machinery,Singapore
BBGI,"Beasley Broadcast Group, Inc. Class A Common Stock",Communication Services,Broadcasting,USA
INMB,INmune Bio Inc. Common stock,Healthcare,Biotechnology,USA
STRRP,"Star Equity Holdings, Inc. 10% Series A Cumulative Perpetual Preferred Stock",,,USA
BRFH,Barfresh Food Group Inc. Common Stock,Consumer Defensive,Beverages - Non-Alcoholic,USA
MKDW,MKDWELL Tech Inc. Ordinary Share,Consumer Cyclical,Auto Parts,Taiwan
KFFB,Kentucky First Federal Bancorp Common Stock,Financial,Banks - Regional,USA
FLD,"Fold Holdings, Inc. Class A Common Stock",Financial,Capital Markets,USA
UCAR,U Power Limited Class A Ordinary Shares,Consumer Cyclical,Auto & Truck Dealerships,China
SNAL,"Snail, Inc. Class A Common Stock",Communication Services,Electronic Gaming & Multimedia,USA
JFU,9F Inc. American Depositary Shares,Technology,Information Technology Services,China
CDROW,"Codere Online Luxembourg, S.A. Warrants",,,USA
CDLX,"Cardlytics, Inc. Common Stock",Communication Services,Advertising Agencies,USA
NTRP,"NextTrip, Inc. Common Stock",Consumer Cyclical,Travel Services,USA
OPAD,Offerpad Solutions Inc. Class A Common Stock,Real Estate,Real Estate Services,USA
PTLE,PTL LTD Class A Ordinary Shares,Consumer Cyclical,Specialty Retail,Singapore
ATNM,"Actinium Pharmaceuticals, Inc. (Delaware) Common Stock",Healthcare,Biotechnology,USA
KMRK,K-Tech Solutions Company Limited Class A Ordinary Shares,Consumer Cyclical,Leisure,Hong Kong
ATCH,"AtlasClear Holdings, Inc. Common Stock",Financial,Capital Markets,USA
LOCL,Local Bounti Corporation Common Stock,Consumer Defensive,Farm Products,USA
BRLS,Borealis Foods Inc. Class A Common Shares,Consumer Defensive,Packaged Foods,Canada
NTIP,"Network-1 Technologies, Inc. Common Stock",Industrials,Specialty Business Services,USA
WPRT,Westport Fuel Systems Inc Common Shares,Consumer Cyclical,Auto Parts,Canada
GROW,"U.S. Global Investors, Inc. Class A Common Stock",Financial,Asset Management,USA
SST,"System1, Inc. Class A Common Stock",Industrials,Specialty Business Services,USA
CPHI,"China Pharma Holdings, Inc. Common Stock",Healthcare,Drug Manufacturers - Specialty & Generic,China
ALGS,"Aligos Therapeutics, Inc. Common Stock",Healthcare,Biotechnology,USA
JG,Aurora Mobile Limited American Depositary Shares,Technology,Software - Application,China
BOLD,"Boundless Bio, Inc. Common Stock",Healthcare,Biotechnology,USA
FKWL,Franklin Wireless Corp. Common Stock,Technology,Communication Equipment,USA
MLCI,Mount Logan Capital Inc. Common Stock,Financial,Asset Management,USA
SDEV,Stablecoin Development Corporation Common Stock,Financial,Asset Management,USA
EONR,EON Resources Inc. Class A Common Stock,Energy,Oil & Gas E&P,USA
DARE,"Dare Bioscience, Inc. Common Stock",Healthcare,Biotechnology,USA
ZTG,Zenta Group Company Limited Class A Ordinary Shares,Industrials,Consulting Services,USA
RYET,Ruanyun Edai Technology Inc. Ordinary shares,Consumer Defensive,Education & Training Services,China
NNVC,"NanoViricides, Inc. Common Stock",Healthcare,Biotechnology,USA
BBLGW,Bone Biologics Corp Warrants,,,USA
AMPGR,"Amplitech Group, Inc. Series A Right",,,USA
EVAX,Evaxion A/S American Depositary Share,Healthcare,Biotechnology,Denmark
UG,"United-Guardian, Inc. Common Stock",Consumer Defensive,Household & Personal Products,USA
ANGH,Anghami Inc. Ordinary Shares,Communication Services,Entertainment,United Arab Emirates
GRCE,"Grace Therapeutics, Inc. Common Stock",Healthcare,Biotechnology,USA
AHMA,Ambitions Enterprise Management Co. L.L.C Class A Ordinary Shares,Consumer Cyclical,Travel Services,United Arab Emirates
AWRE,"Aware, Inc. Common Stock",Technology,Software - Application,USA
SNTI,"Senti Biosciences Holdings, Inc. Common Stock",Healthcare,Biotechnology,USA
NEON,Neonode Inc. Common Stock,Technology,Electronic Components,Sweden
RAND,Rand Capital Corporation Common Stock,Financial,Asset Management,USA
BATL,Battalion Oil Corporation Common Stock,Energy,Oil & Gas E&P,USA
MDXH,MDxHealth SA Ordinary Shares,Healthcare,Diagnostics & Research,Belgium
APLM,Apollomics Inc. Class A Ordinary Shares,Healthcare,Biotechnology,USA
LICN,Lichen International Limited Class A Ordinary Shares,Industrials,Specialty Business Services,China
LSTA,"Lisata Therapeutics, Inc. Common Stock",Healthcare,Biotechnology,USA
CTSO,Cytosorbents Corporation Common Stock,Healthcare,Medical Devices,USA
MRNO,Murano Global Investments PLC Ordinary Shares,Real Estate,Real Estate - Development,United Kingdom
BURU,"Nuburu, Inc. Common Stock",Industrials,Specialty Industrial Machinery,USA
VCIG,VCI Global Limited Ordinary Share,Industrials,Consulting Services,Malaysia
SMXT,Solarmax Technology Inc. Common Stock,Technology,Solar,USA
TAOX,Tao Synergies Inc. Common Stock,Technology,Software - Infrastructure,USA
RITR,Reitar Logtech Holdings Limited Ordinary shares,Industrials,Engineering & Construction,Hong Kong
DGNX,Diginex Limited Ordinary Shares,Industrials,Consulting Services,United Kingdom
UONE,"Urban One, Inc. Class A Common Stock",Communication Services,Broadcasting,USA
CAST,"FreeCast, Inc. Class A Common Stock",Communication Services,Broadcasting,USA
BEEM,Beam Global Common Stock,Technology,Solar,USA
NMTC,NeuroOne Medical Technologies Corporation Common Stock,Healthcare,Medical Devices,USA
QCLS,"Q/C Technologies, Inc. Common Stock",Technology,Computer Hardware,USA
MOBX,"Mobix Labs, Inc. Class A Common Stock",Technology,Semiconductors,USA
GWH,"ESS Tech, Inc. Common Stock",Industrials,Electrical Equipment & Parts,USA
BOSC,B.O.S. Better Online Solutions Common Stock,Technology,Communication Equipment,Israel
GRNQ,Greenpro Capital Corp. Common Stock,Industrials,Consulting Services,Malaysia
PMI,"Picard Medical, Inc. Common Stock",Healthcare,Medical Devices,USA
LITS,"Lite Strategy, Inc. Common Stock",Healthcare,Biotechnology,USA
SOWG,Sow Good Inc. Common Stock,Consumer Defensive,Confectioners,USA
SPHL,Springview Holdings Ltd Class A Ordinary Shares,Consumer Cyclical,Residential Construction,Singapore
LIVE,Live Ventures Incorporated Common Stock,Consumer Cyclical,Home Improvement Retail,USA
HBIO,"Harvard Bioscience, Inc. Common Stock",Healthcare,Medical Instruments & Supplies,USA
BMR,Beamr Imaging Ltd. Ordinary Share,Technology,Software - Application,Israel
PMEC,Primech Holdings Ltd. Ordinary Shares,Industrials,Specialty Business Services,Singapore
VWAVW,"VisionWave Holdings, Inc. Warrant",,,USA
TVRD,"Tvardi Therapeutics, Inc. Common Stock",Healthcare,Biotechnology,USA
CRVO,CervoMed Inc. Common Stock,Healthcare,Biotechnology,USA
QRHC,Quest Resource Holding Corporation Common Stock,Industrials,Waste Management,USA
GIFT,"Giftify, Inc. Common Stock",Communication Services,Internet Content & Information,USA
CELU,Celularity Inc. Class A Common Stock,Healthcare,Biotechnology,USA
BIOX,Bioceres Crop Solutions Corp. Ordinary Shares,Basic Materials,Agricultural Inputs,Argentina
CRWS,Crown Crafts Inc Common Stock,Consumer Cyclical,"Furnishings, Fixtures & Appliances",USA
XBP,"XBP Global Holdings, Inc. Common Stock",Technology,Software - Infrastructure,USA
QNTM,Quantum Biopharma Ltd. Class B Subordinate Voting Shares,Healthcare,Biotechnology,Canada
COHN,Cohen & Company Inc.,Financial,Capital Markets,USA
BRNS,Barinthus Biotherapeutics plc American Depositary Shares,Healthcare,Biotechnology,United Kingdom
CCEL,"Cryo-Cell International, Inc. Common Stock",Healthcare,Medical Care Facilities,USA
KPLT,"Katapult Holdings, Inc. Common Stock",Technology,Software - Infrastructure,USA
PSQH,"PSQ Holdings, Inc. Class A Common Stock",Technology,Software - Application,USA
INLX,"Intellinetics, Inc. Common Stock",Technology,Software - Application,USA
IGC,"IGC Pharma, Inc. Common Stock",Healthcare,Biotechnology,USA
NPT,Texxon Holding Limited Ordinary shares,Consumer Cyclical,Specialty Retail,China
GREE,Greenidge Generation Holdings Inc. Class A Common Stock,Financial,Capital Markets,USA
SER,"Serina Therapeutics, Inc. Common Stock",Healthcare,Biotechnology,USA
FABC,"Fabric.AI, Inc. Common Stock",Consumer Cyclical,Auto Manufacturers,USA
MDCXW,Medicus Pharma Ltd. Warrant,,,USA
NRSN,NeuroSense Therapeutics Ltd. Ordinary Shares,Healthcare,Biotechnology,Israel
KYNB,"Kyntra Bio, Inc. Common Stock",Healthcare,Biotechnology,USA
RMTI,"Rockwell Medical, Inc. Common Stock",Healthcare,Drug Manufacturers - Specialty & Generic,USA
FMST,Foremost Clean Energy Ltd. Common Shares,Basic Materials,Other Industrial Metals & Mining,Canada
LPSN,"LivePerson, Inc. Common Stock",Technology,Software - Application,USA
SKYE,"Skye Bioscience, Inc. Common Stock",Healthcare,Biotechnology,USA
FUFUW,BitFuFu Inc. Warrant,,,USA
ELSE,"Electro-Sensors, Inc. Common Stock",Technology,Scientific & Technical Instruments,USA
MODD,"Modular Medical, Inc. Common Stock",Healthcare,Medical Devices,USA
PAPL,Pineapple Financial Inc. Common Stock,Financial,Mortgage Finance,Canada
CLPS,CLPS Incorporation Common Stock,Technology,Information Technology Services,Hong Kong
UTSI,UTStarcom Holdings Corp. Ordinary Shares,Technology,Communication Equipment,China
DFLI,Dragonfly Energy Holdings Corp. Common Stock (NV),Industrials,Electrical Equipment & Parts,USA
AIFF,"Firefly Neuroscience, Inc. Common Stock",Technology,Software - Application,USA
RDI,Reading International Inc Class A Common Stock,Communication Services,Entertainment,USA
NTZ,"Natuzzi, S.p.A.",Consumer Cyclical,"Furnishings, Fixtures & Appliances",Italy
DYAI,"Dyadic International, Inc. Common Stock",Healthcare,Biotechnology,USA
ALLR,"Allarity Therapeutics, Inc. Common Stock",Healthcare,Biotechnology,USA
NEUP,Neuphoria Therapeutics Inc. Common Stock,Healthcare,Biotechnology,USA
REFR,Research Frontiers Incorporated Common Stock,Technology,Electronic Components,USA
AIXC,"AIxCrypto Holdings, Inc. Common Stock",Technology,Software - Infrastructure,USA
ARAI,Arrive AI Inc. Common Stock,Technology,Scientific & Technical Instruments,USA
VEEA,Veea Inc. Common Stock,Technology,Information Technology Services,USA
TRSG,Tungray Technologies Inc Class A Ordinary Shares,Industrials,Metal Fabrication,Singapore
BCG,"Binah Capital Group, Inc. Common Stock",Financial,Asset Management,USA
HOVRW,New Horizon Aircraft Ltd. Warrant,,,USA
MBNKO,"Medallion Bank Fixed-Rate Reset Non-Cumulative Perpetual Preferred Stock, Series G, par value $1.00 per share",,,USA
EFOI,"Energy Focus, Inc. Common Stock",Consumer Cyclical,"Furnishings, Fixtures & Appliances",USA
JVA,"Coffee Holding Co., Inc. Common Stock",Consumer Defensive,Packaged Foods,USA
PLUR,Pluri Inc. Common Stock,Healthcare,Biotechnology,Israel
JOB,GEE Group Inc. Common Stock,Industrials,Staffing & Employment Services,USA
PTN,"Palatin Technologies, Inc. Common Stock",Healthcare,Biotechnology,USA
YQ,17 Education & Technology Group Inc. American Depositary Shares,Consumer Defensive,Education & Training Services,China
YDESW,YD Bio Limited Warrants,,,USA
PRT,PermRock Royalty Trust Units of Beneficial Interest,Energy,Oil & Gas E&P,USA
BLIV,BeLive Holdings Ordinary Share,Technology,Software - Application,Singapore
LGVN,Longeveron Inc. Class A Common Stock,Healthcare,Biotechnology,USA
TOMZ,"TOMI Environmental Solutions, Inc. Common Stock",Industrials,Pollution & Treatment Controls,USA
NCI,Neo-Concept International Group Holdings Limited Class A Ordinary Shares,Consumer Cyclical,Apparel Manufacturing,Hong Kong
EPOW,E-Power Inc. Class A Ordinary Shares,Industrials,Electrical Equipment & Parts,China
YXT,YXT.COM GROUP HOLDING LIMITED American Depository Shares,Technology,Software - Application,China
EHLD,Euroholdings Ltd. Common Stock ,Industrials,Marine Shipping,Greece
LVLU,"Lulu's Fashion Lounge Holdings, Inc. Common Stock",Consumer Cyclical,Apparel Retail,USA
MRKR,"Marker Therapeutics, Inc. Common Stock",Healthcare,Biotechnology,USA
BRRWW,"ProCap Financial, Inc. Warrant",,,USA
ACCS,ACCESS Newswire Inc. Common Stock,Communication Services,Advertising Agencies,USA
GRAN,Grande Group Limited Class A Ordinary Shares,Financial,Capital Markets,Hong Kong
EVTV,"Envirotech Vehicles, Inc. Common Stock",Consumer Cyclical,Auto Manufacturers,USA
DETX,"Liberty Defense Holdings, Ltd. Common Shares",Industrials,Security & Protection Services,USA
PLRZ,Polyrizon Ltd. Ordinary Shares,Healthcare,Biotechnology,Israel
YSXT,"YSX Tech. Co., Ltd Class A Ordinary Shares",Industrials,Specialty Business Services,China
ZDAI,"DirectBooking Technology Co., Ltd. Class A Ordinary Shares",Industrials,Engineering & Construction,Hong Kong
BCTX,BriaCell Therapeutics Corp. Common Shares,Healthcare,Biotechnology,Canada
PLAG,Planet Green Holdings Corp. Common Stock,Industrials,Conglomerates,USA
JL,J-Long Group Limited Class A Ordinary Shares,Consumer Cyclical,Apparel Manufacturing,Hong Kong
USEA,United Maritime Corporation Common Stock,Industrials,Marine Shipping,Greece
CPOP,"Pop Culture Group Co., Ltd Class A Ordinary Shares",Communication Services,Entertainment,China
CNCKW,Coincheck Group N.V. Warrants,,,USA
CLIR,ClearSign Technologies Corporation Common Stock (DE),Industrials,Pollution & Treatment Controls,USA
FEDU,"Four Seasons Education (Cayman) Inc. American Depositary Shares, each ADS representing 10 ordinary shares",Consumer Defensive,Education & Training Services,China
TXMD,"TherapeuticsMD, Inc. Common Stock",Healthcare,Drug Manufacturers - Specialty & Generic,USA
NYC,American Strategic Investment Co. Class A Common Stock,Real Estate,Real Estate Services,USA
SDST,Stardust Power Inc. Common Stock,Industrials,Electrical Equipment & Parts,USA
NIXX,"Nixxy, Inc. Common Stock",Industrials,Staffing & Employment Services,USA
BGL,Blue Gold Limited Class A Ordinary Shares,Basic Materials,Gold,Cayman Islands
ZBAO,Zhibao Technology Inc. Class A Ordinary Shares,Financial,Insurance Brokers,China
AYTU,"Aytu BioPharma, Inc.  Common Stock",Healthcare,Drug Manufacturers - Specialty & Generic,USA
VTGN,"Vistagen Therapeutics, Inc. Common Stock",Healthcare,Biotechnology,USA
ZKIN,"ZK International Group Co., Ltd Ordinary Share",Basic Materials,Steel,China
UPLD,"Upland Software, Inc. Common Stock",Technology,Software - Application,USA
ARKR,Ark Restaurants Corp. Common Stock,Consumer Cyclical,Restaurants,USA
VNTG,Vantage Corp Class A Ordinary Shares,Industrials,Marine Shipping,Singapore
CKX,"CKX Lands, Inc. Common Stock",Energy,Oil & Gas E&P,USA
TRAW,"Traws Pharma, Inc. Common Stock",Healthcare,Biotechnology,USA
ZJYL,JIN MEDICAL INTERNATIONAL LTD. Class A Ordinary Shares,Healthcare,Medical Instruments & Supplies,China
BAFN,BayFirst Financial Corp. Common Stock,Financial,Banks - Regional,USA
NAMI,Jinxin Technology Holding Company American Depositary Shares,Communication Services,Internet Content & Information,China
SNSE,"Sensei Biotherapeutics, Inc. Common Stock",Healthcare,Biotechnology,USA
UFG,Uni-Fuels Holdings Limited Class A Ordinary Shares,Industrials,Marine Shipping,Singapore
SEGG,Sports Entertainment Gaming Global Corporation Common Stock,Consumer Cyclical,Gambling,USA
FLUX,"Flux Power Holdings, Inc. Common Stock",Industrials,Electrical Equipment & Parts,USA
VYNE,VYNE Therapeutics Inc. Common Stock,Healthcare,Biotechnology,USA
PASW,"Ping An Biomedical Co., Ltd. Ordinary Shares",Consumer Cyclical,Textile Manufacturing,USA
UONEK,"Urban One, Inc. Class D Common Stock",,,USA
DUKR,DUKE Robotics Corp. Common Stock,Industrials,Aerospace & Defense,Israel
EPSM,Epsium Enterprise Limited Class A Ordinary Shares,Consumer Defensive,Beverages - Wineries & Distilleries,China
CLRB,"Cellectar Biosciences, Inc.  Common Stock",Healthcare,Biotechnology,USA
CCM,Concord Medical Services Holdings Limited American Depositary Shares (Each represents thirty (30) Class A ordinary shares),Healthcare,Medical Care Facilities,China
SPWRW,SunPower Inc. Warrants,,,USA
INUV,"Inuvo, Inc.",Technology,Software - Application,USA
ORIO,Orion Digital Corp. Common Shares,Technology,Software - Infrastructure,Canada
MDAIW,"Spectral AI, Inc. Warrants",,,USA
CTRM,Castor Maritime Inc. Common Shares,Industrials,Marine Shipping,Cyprus
BESS,Bimergen Energy Corporation Common Stock,Utilities,Utilities - Renewable,USA
DFNS,T3 Defense Inc. Common Stock,Industrials,Aerospace & Defense,USA
SBCWW,SBC Medical Group Holdings Incorporated Warrants,,,USA
FEMY,Femasys Inc. Common Stock,Healthcare,Medical Instruments & Supplies,USA
UUU,"Universal Safety Products, Inc. Common Stock",Industrials,Building Products & Equipment,USA
YAAS,Youxin Technology Ltd Class A Ordinary shares,Technology,Software - Application,China
GOCO,"GoHealth, Inc. Class A Common Stock",Financial,Insurance Brokers,USA
PSHG,Performance Shipping Inc. Common Shares,Industrials,Marine Shipping,Greece
LSH,Lakeside Holding Limited Common Stock,Industrials,Integrated Freight & Logistics,USA
PRHI,"Presurance Holdings, Inc. Common Stock",Financial,Insurance - Property & Casualty,USA
APUS,"Apimeds Pharmaceuticals US, Inc. Common Stock",Healthcare,Drug Manufacturers - Specialty & Generic,USA
TURB,"Turbo Energy, S.A. American Depositary Shares",Technology,Solar,Spain
MYND,"Mynd.ai, Inc. American Depositary Shares",Consumer Defensive,Education & Training Services,USA
CODX,"Co-Diagnostics, Inc. Common Stock",Healthcare,Medical Devices,USA
SLGB,Smart Logistics Global Limited Ordinary Shares,Industrials,Integrated Freight & Logistics,Hong Kong
NHTC,Natural Health Trends Corp. Common Stock,Consumer Cyclical,Internet Retail,USA
AUID,authID Inc. Common Stock,Technology,Software - Infrastructure,USA
HOWL,"Werewolf Therapeutics, Inc. Common Stock",Healthcare,Biotechnology,USA
NXPL,NextPlat Corp Common Stock,Technology,Software - Application,USA
SCAG,Scage Future American Depositary Shares,Industrials,Farm & Heavy Construction Machinery,China
ANNAW,"AleAnna, Inc. Warrant",,,USA
KTTA,Pasithea Therapeutics Corp. Common Stock,Healthcare,Biotechnology,USA
SMSI,"Smith Micro Software, Inc. Common Stock",Technology,Software - Application,USA
MDCX,Medicus Pharma Ltd. Common Stock  ,Healthcare,Drug Manufacturers - General,Canada
MPU,Mega Matrix Inc. Class A Ordinary Shares,Communication Services,Entertainment,Singapore
RECT,Rectitude Holdings Ltd Ordinary Shares,Consumer Cyclical,Specialty Retail,Singapore
ATCX,Atlas Critical Minerals Corporation Common Stock,Basic Materials,Other Precious Metals & Mining,Brazil
LFWD,Lifeward Ltd. Ordinary Shares,Healthcare,Medical Devices,USA
SAIH,SAIHEAT Limited Class A Ordinary Shares,Technology,Information Technology Services,Singapore
HTCO,High-Trend International Group Class A Ordinary Shares,Industrials,Marine Shipping,Singapore
CYN,Cyngn Inc. Common Stock,Technology,Software - Application,USA
YMAT,"J-Star Holding Co., Ltd. Class A Ordinary Shares",Basic Materials,Specialty Chemicals,Taiwan
IRIX,IRIDEX Corporation Common Stock,Healthcare,Medical Devices,USA
RCON,"Recon Technology, Ltd. Class A Ordinary Shares",Energy,Oil & Gas Equipment & Services,China
MVO,MV Oil Trust Units of Beneficial Interests,Energy,Oil & Gas E&P,USA
SVRN,OceanPal Inc. Common Stock,Industrials,Marine Shipping,Greece
AHT,Ashford Hospitality Trust Inc Common Stock,Real Estate,REIT - Hotel & Motel,USA
MNDO,MIND C.T.I. Ltd. Ordinary Shares,Technology,Software - Application,Israel
RVP,"Retractable Technologies, Inc. Common Stock",Healthcare,Medical Instruments & Supplies,USA
CRIS,"Curis, Inc. Common Stock",Healthcare,Biotechnology,USA
TLF,"Tandy Leather Factory, Inc. Common Stock",Consumer Cyclical,Specialty Retail,USA
AEHL,Antelope Enterprise Holdings Limited Class A Ordinary Shares,Industrials,Building Products & Equipment,China
AEON,"AEON Biopharma, Inc. Class A Common Stock",Healthcare,Biotechnology,USA
FENG,"Phoenix New Media Limited American Depositary Shares, each representing 48 Class A ordinary shares.",Communication Services,Internet Content & Information,China
AUST,Austin Gold Corp. Common Shares,Basic Materials,Gold,Canada
TPST,"Tempest Therapeutics, Inc. Common Stock",Healthcare,Biotechnology,USA
PASG,"Passage Bio, Inc. Common Stock",Healthcare,Biotechnology,USA
EQS,"Equus Total Return, Inc. Common Stock",Financial,Asset Management,USA
SELX,Semilux International Ltd. Ordinary Shares,Technology,Electronic Components,Cayman Islands
AIMD,"Ainos, Inc. Common Stock",Technology,Scientific & Technical Instruments,USA
MSW,Ming Shing Group Holdings Limited Ordinary Shares,Industrials,Engineering & Construction,Hong Kong
XCUR,"Exicure, Inc. Common Stock",Healthcare,Biotechnology,USA
CHAI,"Core AI Holdings, Inc. Common Shares",Communication Services,Internet Content & Information,Canada
ENGNW,enGene Therapeutics Inc. Warrants,,,USA
MDRR,"Medalist Diversified, Inc. Common Stock",Real Estate,Real Estate Services,USA
HHS,"Harte Hanks, Inc. Common Stock",Industrials,Conglomerates,USA
SGRP,"SPAR Group, Inc. Common Stock",Industrials,Specialty Business Services,USA
KNRX,KNOREX LTD. Class A Ordinary Shares,Technology,Software - Application,USA
ANY,Sphere 3D Corp. Common Shares,Financial,Capital Markets,USA
JF,J and Friends Holdings Limited American Depositary Shares,Financial,Credit Services,China
LPCN,Lipocine Inc. Common Stock,Healthcare,Biotechnology,USA
ACCL,Acco Group Holdings Limited Class A Ordinary Shares,Industrials,Consulting Services,Hong Kong
OPTH,Optimi Health Corp. Common Shares,Healthcare,Drug Manufacturers - Specialty & Generic,Canada
AKTX,Akari Therapeutics plc ADS,Healthcare,Biotechnology,USA
MXC,Mexco Energy Corporation Common Stock,Energy,Oil & Gas E&P,USA
TULP,"Bloomia Holdings, Inc. Common Stock",Communication Services,Advertising Agencies,USA
IPM,Intelligent Protection Management Corp. Common Stock ,Technology,Software - Application,USA
RAIN,"Rain Enhancement Technologies Holdco, Inc. Class A Common Stock",Industrials,Pollution & Treatment Controls,USA
QNCX,"Quince Therapeutics, Inc. Common Stock",Healthcare,Biotechnology,USA
CXAI,CXApp Inc. Class A Common Stock,Technology,Software - Application,USA
MWYN,"Marwynn Holdings, Inc. Common stock",Consumer Cyclical,"Furnishings, Fixtures & Appliances",USA
FAMI,"Farmmi, Inc. Class A Ordinary Shares",Consumer Defensive,Packaged Foods,China
THH,TryHard Holdings Limited Ordinary Shares,Industrials,Specialty Business Services,Japan
MOGU,MOGU Inc. American Depositary Shares (each  representing 25 Class A Ordinary Shares),Consumer Cyclical,Internet Retail,China
LRE,"Lead Real Estate Co., Ltd American Depositary Shares",Real Estate,Real Estate - Development,Japan
GFAI,"Guardforce AI Co., Limited Ordinary Shares",Industrials,Security & Protection Services,Singapore
ICMB,"Investcorp Credit Management BDC, Inc. Common Stock",Financial,Asset Management,USA
DBGI,"Digital Brands Group, Inc. Common Stock",Consumer Cyclical,Apparel Retail,USA
COOT,Australian Oilseeds Holdings Limited Ordinary Shares,Consumer Defensive,Packaged Foods,Australia
YHC,LQR House Inc. Common Stock,Consumer Defensive,Beverages - Wineries & Distilleries,USA
BAERW,"Bridger Aerospace Group Holdings, Inc. Warrant",,,USA
VNRX,VolitionRX Limited Common Stock,Healthcare,Medical Devices,USA
GGRP,"The Glimpse Group, Inc. Common Stock",Technology,Software - Infrastructure,USA
TMDE,TMD Energy Limited Ordinary Shares,Energy,Oil & Gas Midstream,Malaysia
GTBP,"GT Biopharma, Inc. Common Stock",Healthcare,Biotechnology,USA
PRZO,ParaZero Technologies Ltd. Ordinary Shares,Industrials,Aerospace & Defense,Israel
FTHM,Fathom Holdings Inc. Common Stock,Real Estate,Real Estate Services,USA
KWM,"K Wave Media, Ltd. Ordinary Shares",Communication Services,Entertainment,Cayman Islands
NCEL,NewcelX Ltd. Ordinary Shares,Healthcare,Biotechnology,Switzerland
MSGM,Motorsport Games Inc. Class A Common Stock,Communication Services,Electronic Gaming & Multimedia,USA
OMH,Ohmyhome Limited Class A Ordinary Shares,Real Estate,Real Estate Services,Singapore
ADGM,"Adagio Medical Holdings, Inc Common Stock",Healthcare,Medical Devices,USA
TBH,"Brag House Holdings, Inc. Common Stock",Communication Services,Electronic Gaming & Multimedia,USA
MDBH,"MDB Capital Holdings, LLC Class A common",Financial,Capital Markets,USA
WETH,Wetouch Technology Inc. Common Stock,Technology,Electronic Components,China
COSM,Cosmos Health Inc. Common Stock,Healthcare,Medical Distribution,Greece
CTXR,"Citius Pharmaceuticals, Inc. Common Stock",Healthcare,Biotechnology,USA
INTZ,Intrusion Inc. Common Stock,Technology,Software - Infrastructure,USA
RMCF,"Rocky Mountain Chocolate Factory, Inc. Common Stock",Consumer Defensive,Confectioners,USA
HIND,"Vyome Holdings, Inc. Common Stock",Healthcare,Biotechnology,USA
LEDS,SemiLEDS Corporation Common Stock,Technology,Semiconductors,Taiwan
MGIH,Millennium Group International Holdings Limited Ordinary Shares,Consumer Cyclical,Packaging & Containers,Hong Kong
NAII,"Natural Alternatives International, Inc. Common Stock",Consumer Defensive,Packaged Foods,USA
BTOC,Armlogi Holding Corp. Common Stock,Industrials,Integrated Freight & Logistics,USA
PRSO,Peraso Inc. Common Stock,Technology,Semiconductors,USA
GIGM,GigaMedia Limited Ordinary Shares,Communication Services,Electronic Gaming & Multimedia,Taiwan
LEXX,Lexaria Bioscience Corp. Common Stock,Healthcare,Biotechnology,Canada
BRN,"Barnwell Industries, Inc. Common Stock",Energy,Oil & Gas E&P,USA
EDTK,Skillful Craftsman Education Technology Limited Ordinary Share,Consumer Defensive,Education & Training Services,China
SWVL,Swvl Holdings Corp Class A Common Shares,Industrials,Railroads,United Arab Emirates
TGHL,The GrowHub Limited Class A Ordinary Shares,Technology,Software - Infrastructure,Singapore
SCNX,"Scienture Holdings, Inc. Common Stock",Healthcare,Pharmaceutical Retailers,USA
DOGZ,Dogness (International) Corporation Class A Common Stock,Consumer Cyclical,Leisure,China
WIMI,WiMi Hologram Cloud Inc. Class B Ordinary Shares,Communication Services,Advertising Agencies,China
AIFA,"All In FutureTech Alliance, Inc. Common Stock",Technology,Software - Infrastructure,USA
CCHH,CCH Holdings Ltd Class A Ordinary Shares,Consumer Cyclical,Restaurants,Malaysia
ECXWW,ECARX Holdings Inc. Warrants,,,USA
CISO,"CISO Global, Inc. Common Stock",Technology,Software - Infrastructure,USA
INAB,"IN8bio, Inc. Common Stock",Healthcare,Biotechnology,USA
RDZNW,"Roadzen, Inc. Warrants",,,USA
TPET,Trio Petroleum Corp. Common Stock,Energy,Oil & Gas E&P,USA
LGPS,LogProstyle Inc. Common Shares,Industrials,Conglomerates,Japan
DLPN,"Dolphin Entertainment, Inc. Common Stock",Communication Services,Advertising Agencies,USA
PDC,Perpetuals.com Ltd American Depositary Shares,Technology,Software - Application,Japan
WHLRP,"Wheeler Real Estate Investment Trust, Inc. Class B Preferred Stock",,,USA
JZ,Jianzhi Education Technology Group Company Limited American Depositary Shs,Technology,Information Technology Services,China
REBN,"Reborn Coffee, Inc. Common Stock",Consumer Cyclical,Restaurants,USA
TDTH,Trident Digital Tech Holdings Ltd American Depository Shares,Technology,Information Technology Services,Singapore
CDTG,CDT Environmental Technology Investment Holdings Limited ordinary shares,Industrials,Waste Management,China
AIRI,Air Industries Group Common Stock,Industrials,Aerospace & Defense,USA
BLRX,BioLineRx Ltd. American Depositary Shares,Healthcare,Biotechnology,Israel
OSRH,"OSR Holdings, Inc. Common Stock",Healthcare,Biotechnology,USA
HUIZ,Huize Holding Limited American Depositary Shares,Financial,Insurance Brokers,China
SDAWW,SunCar Technology Group Inc. Warrant,,,USA
OABIW,"OmniAb, Inc. Warrant",,,USA
COCP,"Cocrystal Pharma, Inc. Common Stock",Healthcare,Biotechnology,USA
BNGO,"Bionano Genomics, Inc. Common Stock",Healthcare,Medical Instruments & Supplies,USA
ONEG,OneConstruction Group Limited Ordinary Shares,Industrials,Engineering & Construction,Hong Kong
EVLVW,"Evolv Technologies Holdings, Inc. Warrant",,,USA
IHT,InnSuites Hospitality Trust Shares of Beneficial Interest,Real Estate,REIT - Hotel & Motel,USA
BFRG,"Bullfrog AI Holdings, Inc. Common Stock",Healthcare,Health Information Services,USA
BLIN,"Bridgeline Digital, Inc. Common Stock",Technology,Software - Infrastructure,USA
BNKK,"Bonk, Inc. Common Stock",Financial,Asset Management,USA
LCFYW,Locafy Limited Warrant,,,USA
GDTC,CytoMed Therapeutics Limited Ordinary Shares,Healthcare,Biotechnology,Singapore
TRIB,Trinity Biotech plc American Depositary Shares,Healthcare,Medical Devices,Ireland
GYRO,"Gyrodyne, LLC Common Stock",Real Estate,Real Estate Services,USA
GTIM,Good Times Restaurants Inc. Common Stock,Consumer Cyclical,Restaurants,USA
OBAI,"Our Bond, Inc. Common Stock",Technology,Software - Infrastructure,USA
MMA,Mixed Martial Arts Group Limited Ordinary Shares,Consumer Cyclical,Leisure,Australia
EBON,Ebang International Holdings Inc. Class A Ordinary Shares,Technology,Computer Hardware,China
SURG,"SurgePays, Inc. Common Stock",Communication Services,Telecom Services,USA
ARTW,"Art's-Way Manufacturing Co., Inc. Common Stock",Industrials,Farm & Heavy Construction Machinery,USA
GTEC,Greenland Technologies Holding Corporation Class A Ordinary Shares,Consumer Cyclical,Auto Parts,USA
LHAI,Linkhome Holdings Inc. Common stock,Real Estate,Real Estate Services,USA
JSPR,"Jasper Therapeutics, Inc. Common Stock",Healthcare,Biotechnology,USA
POM,POMDOCTOR LIMITED American Depositary Shares,Healthcare,Pharmaceutical Retailers,China
HUDI,"Huadi International Group Co., Ltd. Ordinary Shares",Basic Materials,Steel,China
CALC,"CalciMedica, Inc. Common Stock",Healthcare,Biotechnology,USA
MBRX,"Moleculin Biotech, Inc. Common Stock",Healthcare,Biotechnology,USA
WVVI,"Willamette Valley Vineyards, Inc. Common Stock",Consumer Defensive,Beverages - Wineries & Distilleries,USA
NAMMW,Namib Minerals Warrants,,,USA
REE,REE Automotive Ltd. Class A Ordinary Shares,Consumer Cyclical,Auto Parts,Israel
MTEK,Maris-Tech Ltd. Ordinary Shares,Technology,Electronic Components,Israel
CVKD,"Cadrenal Therapeutics, Inc. Common Stock",Healthcare,Biotechnology,USA
CYCN,"Cyclerion Therapeutics, Inc. Common Stock",Healthcare,Biotechnology,USA
PHIO,Phio Pharmaceuticals Corp. Common Stock,Healthcare,Biotechnology,USA
LNAI,Lunai Bioworks Inc. Common Stock,Healthcare,Biotechnology,USA
IDAI,T Stamp Inc. Class A Common Stock,Technology,Software - Application,USA
CHOW,ChowChow Cloud International Holdings Limited Ordinary Shares,Technology,Software - Infrastructure,Hong Kong
AQMS,"Aqua Metals, Inc. Common Stock",Industrials,Waste Management,USA
HUMAW,"Humacyte, Inc. Warrant",,,USA
OIOWW,OIO Group Warrants,,,USA
CVM,Cel-Sci Corporation Common Stock,Healthcare,Biotechnology,USA
BIVI,BioVie Inc. Class A Common Stock,Healthcare,Biotechnology,USA
TOVX,"Theriva Biologics, Inc. Common Stock",Healthcare,Biotechnology,USA
CMMB,Chemomab Therapeutics Ltd. American Depositary Share,Healthcare,Biotechnology,Israel
NVNI,Nvni Group Limited Ordinary Shares,Technology,Software - Application,Brazil
STFS,Star Fashion Culture Holdings Limited Class A Ordinary Shares,Communication Services,Advertising Agencies,China
BFRI,Biofrontera Inc. Common Stock,Healthcare,Drug Manufacturers - Specialty & Generic,USA
MTVA,MetaVia Inc. Common Stock,Healthcare,Biotechnology,USA
XELB,"Xcel Brands, Inc. Common Stock",Consumer Cyclical,Apparel Manufacturing,USA
SEED,Origin Agritech Limited Common Stock,Basic Materials,Agricultural Inputs,China
ICU,SeaStar Medical Holding Corporation Common Stock,Healthcare,Biotechnology,USA
NWGL,CL Workshop Group Limited American Depositary Shares,Basic Materials,Lumber & Wood Production,China
GAUZ,Gauzy Ltd. Ordinary Shares,Technology,Electronic Components,Israel
ZSTK,ZeroStack Corp. Common Stock,Financial,Asset Management,Canada
AIRE,reAlpha Tech Corp. Common Stock,Real Estate,Real Estate Services,USA
WVVIP,"Willamette Valley Vineyards, Inc. Series A Redeemable Preferred Stock",,,USA
DKI,DarkIris Inc. Class A Ordinary Shares,Communication Services,Electronic Gaming & Multimedia,Hong Kong
PETZ,"TDH Holdings, Inc. Common Shares",Consumer Cyclical,Restaurants,China
BGI,Birks Group Inc. Common Stock,Consumer Cyclical,Luxury Goods,Canada
TAOP,Taoping Inc. Ordinary Shares ,Technology,Software - Infrastructure,China
EDUC,Educational Development Corporation Common Stock,Communication Services,Publishing,USA
AMOD,"Alpha Modus Holdings, Inc. Class A Common Stock",Technology,Software - Application,USA
LIQT,"LiqTech International, Inc. Common Stock",Industrials,Pollution & Treatment Controls,Denmark
JTAI,Jet.AI Inc. Common Stock,Technology,Software - Application,USA
SAGT,SAGTEC GLOBAL LIMITED Class A Ordinary shares,Technology,Software - Application,Malaysia
HKPD,"Cellyan Biotechnology Co., Ltd Class A Ordinary Shares",Healthcare,Medical Distribution,USA
XWEL,"XWELL, Inc. Common Stock",Healthcare,Diagnostics & Research,USA
ATER,"Aterian, Inc. Common Stock",Consumer Cyclical,"Furnishings, Fixtures & Appliances",USA
KPRX,"Kiora Pharmaceuticals, Inc.  Common Stock",Healthcare,Biotechnology,USA
CABR,"Caring Brands, Inc. Common Stock",Healthcare,Drug Manufacturers - Specialty & Generic,USA
FGI,FGI Industries Ltd. Ordinary Shares,Consumer Cyclical,"Furnishings, Fixtures & Appliances",USA
NXTC,"NextCure, Inc. Common Stock",Healthcare,Biotechnology,USA
QTEXW,QTREX Quantum Ltd. Warrant,,,USA
POAS,Phaos Technology Holdings (Cayman) Limited Class A Ordinary Shares,Healthcare,Medical Devices,Singapore
FMSTW,Foremost Clean Energy Ltd. Warrant,,,USA
GRRRW,Gorilla Technology Group Inc. Warrant,,,USA
RIME,"Algorhythm Holdings, Inc. Common Stock",Technology,Consumer Electronics,USA
SLAI,SOLAI Limited American Depositary Shares (each representing one hundred (100) Class A Ordinary Shares),Technology,Information Technology Services,USA
LOBO,LOBO TECHNOLOGIES LTD. Class A Ordinary Shares,Consumer Cyclical,Auto Manufacturers,China
TLIH,Ten-League International Holdings Limited Ordinary Shares,Industrials,Industrial Distribution,Singapore
NXL,"Nexalin Technology, Inc. Common Stock",Healthcare,Medical Devices,USA
OFAL,OFA Group Class A Ordinary Shares,Industrials,Engineering & Construction,USA
HCWB,HCW Biologics Inc. Common Stock,Healthcare,Biotechnology,USA
NTRBW,Nutriband Inc. Warrant,,,USA
MSAI,"MultiSensor AI Holdings, Inc. Common Stock",Technology,Electronic Components,USA
MTEX,"Mannatech, Incorporated Common Stock",Consumer Defensive,Food Distribution,USA
ADXN,Addex Therapeutics Ltd American Depositary Shares,Healthcare,Biotechnology,Switzerland
FTRK,FAST TRACK GROUP Ordinary shares,Communication Services,Entertainment,Singapore
INTS,"Intensity Therapeutics, Inc. Common stock",Healthcare,Biotechnology,USA
WGRX,"Wellgistics Health, Inc. Common Stock",Healthcare,Pharmaceutical Retailers,USA
BANL,CBL International Limited Class B Ordinary Shares,Energy,Oil & Gas Midstream,Malaysia
DFDVW,DeFi Development Corp. Warrant,,,USA
PMNT,Perfect Moment Ltd. Common Stock,Consumer Cyclical,Apparel Manufacturing,USA
BRTX,"BioRestorative Therapies, Inc. Common Stock (NV)",Healthcare,Biotechnology,USA
MBAI,Check-Cap Ltd. Ordinary Share,Healthcare,Diagnostics & Research,Israel
ELOG,Eastern International Ltd. Ordinary Shares,Industrials,Integrated Freight & Logistics,China
IOTR,iOThree Limited Ordinary Shares,Communication Services,Telecom Services,Singapore
RVSN,Rail Vision Ltd. Ordinary Share,Industrials,Railroads,Israel
BTCT,BTC Digital Ltd. Ordinary Shares,Technology,Computer Hardware,Singapore
BCDA,"BioCardia, Inc. Common Stock",Healthcare,Biotechnology,USA
HTOO,Fusion Fuel Green PLC Class A Ordinary Shares,Utilities,Utilities - Renewable,Ireland
KXIN,Kaixin Holdings Ordinary Shares,Consumer Cyclical,Auto & Truck Dealerships,China
BON,Bon Natural Life Limited Class A Ordinary Shares,Basic Materials,Specialty Chemicals,China
GVH,Globavend Holdings Limited Ordinary Shares,Industrials,Integrated Freight & Logistics,Australia
WFF,WF Holding Limited Ordinary Shares,Industrials,Specialty Industrial Machinery,Malaysia
TDIC,Dreamland Limited Class A Ordinary Shares,Communication Services,Advertising Agencies,Hong Kong
HDRNW,"Hadron Energy, Inc. Warrant",,,USA
CVR,Chicago Rivet & Machine Co. Common Stock,Industrials,Tools & Accessories,USA
INTJ,Intelligent Group Limited Class A Ordinary Shares ,Industrials,Consulting Services,Hong Kong
KAPA,"Kairos Pharma, Ltd. Common Stock",Healthcare,Biotechnology,USA
AWX,Avalon Holdings Corporation Common Stock,Industrials,Waste Management,USA
LHSW,Lianhe Sowell International Group Ltd Class A Ordinary Shares,Technology,Software - Infrastructure,China
SOAR,"Volato Group, Inc. Class A Common Stock",Industrials,Airports & Air Services,USA
LZMH,LZ Technology Holdings Limited Class B Ordinary Shares,Technology,Information Technology Services,China
FEBO,Fenbo Holdings Limited Class A Ordinary Shares,Technology,Consumer Electronics,Hong Kong
GXAI,Gaxos.ai Inc. Common Stock,Communication Services,Electronic Gaming & Multimedia,USA
SMX,SMX (Security Matters) Public Limited Company Ordinary Shares,Industrials,Specialty Business Services,Ireland
AIM,AIM ImmunoTech Inc. Common Stock,Healthcare,Biotechnology,USA
RMSG,Real Messenger Corporation Ordinary Shares,Technology,Software - Application,USA
CSAI,"Cloudastructure, Inc. Class A Common Stock",Technology,Software - Infrastructure,USA
SKK,SKK Holdings Limited Class A Ordinary Shares,Industrials,Engineering & Construction,Singapore
SINT,"SiNtx Technologies, Inc. Common Stock",Healthcare,Medical Devices,USA
VVOS,"Vivos Therapeutics, Inc. Common Stock",Healthcare,Medical Devices,USA
MARPS,Marine Petroleum Trust Units of Beneficial Interest,Energy,Oil & Gas Midstream,USA
INEO,INNEOVA Holdings Limited Class A Ordinary Shares,Consumer Cyclical,Auto Parts,Singapore
DAVEW,Dave Inc. Warrants,,,USA
APRE,"Aprea Therapeutics, Inc. Common stock",Healthcare,Biotechnology,USA
SFHG,Samfine Creation Holdings Group Limited Class A Ordinary Share,Industrials,Specialty Business Services,Hong Kong
ERNA,Ernexa Therapeutics Inc. Common Stock,Healthcare,Biotechnology,USA
ARBB,ARB IOT Group Limited Ordinary Shares,Technology,Information Technology Services,Singapore
CURX,Curanex Pharmaceuticals Inc Common Stock,Healthcare,Biotechnology,USA
MRM,MEDIROM Healthcare Technologies Inc. American Depositary Share,Consumer Cyclical,Personal Services,Japan
DTSS,Datasea Intelligent Technology Ltd. Class A Ordinary Shares,Technology,Software - Infrastructure,China
YHGJ,Yunhong Green CTI Ltd. Common Stock,Consumer Cyclical,Packaging & Containers,USA
GOVX,"GeoVax Labs, Inc. Common Stock",Healthcare,Biotechnology,USA
JUNS,"Jupiter Neurosciences, Inc. Common Stock",Healthcare,Biotechnology,USA
CGTL,Creative Global Technology Holdings Limited Class A Ordinary Shares,Consumer Cyclical,Specialty Retail,Hong Kong
AIDX,"20/20 Biolabs, Inc. Common Stock",Healthcare,Medical Devices,USA
RETO,"ReTo Eco-Solutions, Inc. Class A Shares",Basic Materials,Building Materials,China
BOLT,"Bolt Biotherapeutics, Inc. Common Stock",Healthcare,Biotechnology,USA
AMS,American Shared Hospital Services Common Stock,Healthcare,Medical Care Facilities,USA
BMGL,Basel Medical Group Ltd Ordinary Shares,Healthcare,Medical Care Facilities,Singapore
SKYQ,Sky Quarry Inc. Common Stock,Energy,Oil & Gas Integrated,USA
RAY,Raytech Holding Limited Ordinary Shares,Consumer Defensive,Household & Personal Products,Hong Kong
JBDI,JBDI Holdings Limited Ordinary Shares,Consumer Cyclical,Specialty Retail,USA
CLRO,"ClearOne, Inc. Common Stock",Technology,Communication Equipment,USA
VRME,"VerifyMe, Inc. Common Stock",Industrials,Security & Protection Services,USA
RGNT,Regentis Biomaterials Ltd. Ordinary Shares,Healthcare,Medical Instruments & Supplies,Israel
APM,Aptorum Group Limited Class A Ordinary Shares,Healthcare,Biotechnology,United Kingdom
GCDT,Green Circle Decarbonize Technology Limited Ordinary Shares,Industrials,Specialty Industrial Machinery,USA
ETS,Elite Express Holding Inc. Class A Common Stock,Industrials,Trucking,USA
CETY,"Clean Energy Technologies, Inc. Common Stock",Industrials,Specialty Industrial Machinery,USA
IMNN,"Imunon, Inc. Common Stock",Healthcare,Biotechnology,USA
YYAI,AiRWA Inc. Common Stock,Technology,Software - Infrastructure,USA
NCL,Northann Corp. Common Stock,Consumer Cyclical,"Furnishings, Fixtures & Appliances",USA
AKAN,Akanda Corp. Common Shares,Healthcare,Drug Manufacturers - Specialty & Generic,United Kingdom
SNES,"SenesTech, Inc. Common Stock",Basic Materials,Specialty Chemicals,USA
DSY,Big Tree Cloud Holdings Limited Class A Ordinary Shares,Consumer Defensive,Household & Personal Products,China
AMZE,"Amaze Holdings, Inc. Common Stock",Technology,Software - Application,USA
CYAB,"Cyabra, Inc. Common Stock",Technology,Software - Infrastructure,Israel
ACON,"Aclarion, Inc. Common Stock",Healthcare,Health Information Services,USA
CMCT,Creative Media & Community Trust Corporation Common stock,Real Estate,REIT - Office,USA
QNRX,"Quoin Pharmaceuticals, Ltd. American Depositary Shares",Healthcare,Biotechnology,USA
CLWT,Euro Tech Holdings Company Limited Common Stock,Industrials,Pollution & Treatment Controls,Hong Kong
WKSP,"Worksport, Ltd. Common Stock",Consumer Cyclical,Auto Parts,USA
MSN,Emerson Radio Corporation Common Stock,Technology,Consumer Electronics,USA
IMRN,Immuron Limited American Depositary Shares,Healthcare,Biotechnology,Australia
DFSC,DEFSEC Technologies Inc. Common Stock,Industrials,Aerospace & Defense,Canada
PHGE,BiomX Inc. COmmon Stock,Industrials,Aerospace & Defense,USA
BIAF,"bioAffinity Technologies, Inc. Common Stock",Healthcare,Diagnostics & Research,USA
KITT,"Nauticus Robotics, Inc. Common stock",Industrials,Aerospace & Defense,USA
SDOT,Sadot Group Inc. Common Stock,Consumer Defensive,Farm Products,USA
NCNA,NuCana plc American Depositary Share,Healthcare,Biotechnology,United Kingdom
WETO,Wetour Robotics Limited Ordinary Shares,Technology,Software - Infrastructure,China
SNGX,"Soligenix, Inc. Common Stock",Healthcare,Biotechnology,USA
TKLF,"Tokyo Lifestyle Co., Ltd. American Depositary Shares",Consumer Cyclical,Specialty Retail,Japan
GLE,Global Engine Group Holding Limited Class A Ordinary Shares,Technology,Information Technology Services,Hong Kong
MYSE,"Myseum.AI, Inc. Common Stock",Technology,Software - Application,USA
CNEY,CN Energy Group Inc. Class A Ordinary Shares,Basic Materials,Specialty Chemicals,China
AMST,Amesite Inc. Common Stock,Technology,Software - Application,USA
SNBR,Sleep Number Corporation Common Stock,Consumer Cyclical,"Furnishings, Fixtures & Appliances",USA
VSEE,"VSee Health, Inc. Common Stock",Healthcare,Health Information Services,USA
NCPL,Netcapital Inc. Common Stock,Financial,Capital Markets,USA
PBM,Psyence Biomedical Ltd. Common Shares,Healthcare,Biotechnology,USA
HWH,HWH International Inc. Common Stock,Consumer Cyclical,Leisure,USA
CWD,CaliberCos Inc. Class A Common Stock,Financial,Asset Management,USA
HCWC,Healthy Choice Wellness Corp. Class A Common Stock,Consumer Defensive,Packaged Foods,USA
AUUD,Auddia Inc. Common Stock,Technology,Software - Application,USA
SQFTP,"Presidio Property Trust, Inc. 9.375% Series D Cumulative Redeemable Perpetual Preferred Stock, $0.01 par value per share",,,USA
RSVRW,"Reservoir Media, Inc. Warrant",,,USA
YCBD,"cbdMD, Inc. Common Stock",Healthcare,Drug Manufacturers - Specialty & Generic,USA
POLA,"Polar Power, Inc. Common Stock",Industrials,Electrical Equipment & Parts,USA
XBIO,"Xenetic Biosciences, Inc. Common Stock",Healthcare,Biotechnology,USA
AIXI,XIAO-I Corporation American Depositary Shares,Technology,Software - Application,China
CELZ,"Creative Medical Technology Holdings, Inc. Common Stock",Healthcare,Biotechnology,USA
ASBP,"Aspire Biopharma Holdings, Inc. Common Stock",Healthcare,Biotechnology,USA
HCAI,"Huachen AI Parking Management Technology Holding Co., Ltd. Class A Ordinary Shares",Industrials,Farm & Heavy Construction Machinery,China
PMCB,"PharmaCyte  Biotech, Inc. Common Stock",Healthcare,Biotechnology,USA
MIMI,Mint Incorporation Limited Class A Ordinary Shares,Industrials,Engineering & Construction,Hong Kong
VS,Versus Systems Inc. Common Stock,Technology,Software - Application,USA
ILLRW,Triller Group Inc. Warrant,,,USA
CYCU,"Cycurion, Inc. Common Stock",Technology,Information Technology Services,USA
CNSP,"CNS Pharmaceuticals, Inc. Common Stock",Healthcare,Biotechnology,USA
ORGN,"Origin Materials, Inc. Common Stock",Basic Materials,Chemicals,USA
GLXG,Galaxy Payroll Group Limited Class A Ordinary Shares,Industrials,Staffing & Employment Services,Hong Kong
ELAB,PMGC Holdings Inc. Common Stock,Healthcare,Biotechnology,USA
WALDW,Waldencast plc Warrant ,,,USA
DTST,Data Storage Corporation Common Stock,Technology,Information Technology Services,USA
SYNX,Silynxcom Ltd. Ordinary Shares,Technology,Communication Equipment,Israel
ACXP,"Acurx Pharmaceuticals, Inc. Common Stock",Healthcare,Biotechnology,USA
OLOX,Olenox Industries Inc. Common Stock,Industrials,Metal Fabrication,USA
PCSA,"Processa Pharmaceuticals, Inc. Common Stock",Healthcare,Biotechnology,USA
OXBR,Oxbridge Re Holdings Limited Ordinary Shares,Financial,Insurance - Reinsurance,Cayman Islands
IFBD,"Infobird Co., Ltd Ordinary Shares",Technology,Software - Application,Hong Kong
YJ,Yunji Inc. American Depository Shares,Consumer Cyclical,Internet Retail,China
SCKT,"Socket Mobile, Inc. Common Stock",Technology,Computer Hardware,USA
JCSE,JE Cleantech Holdings Limited Ordinary Shares,Industrials,Specialty Industrial Machinery,Singapore
GNPX,"Genprex, Inc. Common Stock",Healthcare,Biotechnology,USA
GITS,"Global Interactive Technologies, Inc. Common Stock",Communication Services,Internet Content & Information,South Korea
CREG,Smart Powerr Corp. Common Stock,Utilities,Utilities - Renewable,China
TGL,Treasure Global Inc. Common Stock,Technology,Software - Application,USA
JCTC,Jewett-Cameron Trading Company Common Shares,Basic Materials,Lumber & Wood Production,USA
WAFU,Wah Fu Education Group Limited Ordinary Shares,Consumer Defensive,Education & Training Services,China
CUPR,Cuprina Holdings (Cayman) Limited Class A Ordinary Shares,Healthcare,Medical Instruments & Supplies,Singapore
ORKT,Orangekloud Technology Inc. Class A Ordinary Shares,Technology,Software - Application,Singapore
BTBD,"BT Brands, Inc. Common Stock",Consumer Cyclical,Restaurants,USA
GDC,GD Culture Group Limited Common Stock,Communication Services,Electronic Gaming & Multimedia,USA
FMFC,Kandal M Venture Limited Class A Ordinary Shares,Consumer Cyclical,Footwear & Accessories,USA
SOS,SOS Limited Class A Ordinary Shares,Financial,Capital Markets,China
DLXY,Delixy Holdings Limited Class A Ordinary Shares,Energy,Oil & Gas Refining & Marketing,Singapore
AMBO,Ambow Education Holding Ltd. American Depository Shares (each representing twenty (20) Class A Ordinary Shares),Consumer Defensive,Education & Training Services,USA
ENVB,"Enveric Biosciences, Inc. Common Stock",Healthcare,Biotechnology,USA
ILAG,Intelligent Living Application Group Inc. Ordinary Shares,Industrials,Building Products & Equipment,Hong Kong
NVNO,enVVeno Medical Corporation Common Stock,Healthcare,Medical Devices,USA
TNON,"Tenon Medical, Inc. Common Stock",Healthcare,Medical Devices,USA
MTR,Mesa Royalty Trust Common Stock,Energy,Oil & Gas E&P,USA
EDHL,Everbright Digital Holding Limited Ordinary Shares,Communication Services,Advertising Agencies,USA
GURE,"Gulf Resources, Inc. (NV) Common Stock",Basic Materials,Chemicals,China
IQST,iQSTEL Inc. Common Stock,Communication Services,Telecom Services,USA
SMTK,"SmartKem, Inc. Common Stock",Technology,Semiconductor Equipment & Materials,United Kingdom
LCFY,Locafy Limited Ordinary Share,Communication Services,Internet Content & Information,Australia
FBGL,FBS Global Limited Ordinary Shares,Industrials,Engineering & Construction,USA
UZX,Linkage Global Inc. Class A Ordinary Shares,Consumer Cyclical,Internet Retail,Japan
LIMN,"Liminatus Pharma, Inc. Class A Common Stock",Healthcare,Biotechnology,USA
CANF,"Can-Fite Biopharma Ltd American Depositary Shares, each representing two (2) Ordinary Shares",Healthcare,Biotechnology,Israel
IPDN,"Professional Diversity Network, Inc. Common Stock",Industrials,Staffing & Employment Services,USA
OLB,"The OLB Group, Inc. Common Stock",Technology,Software - Infrastructure,USA
MSGY,Masonglory Limited Ordinary Shares,Industrials,Engineering & Construction,Hong Kong
NRSNW,NeuroSense Therapeutics Ltd. Warrant,,,USA
MSS,Maison Solutions Inc. Class A Common Stock,Consumer Defensive,Grocery Stores,USA
MGRX,"Mangoceuticals, Inc. Common Stock",Healthcare,Health Information Services,USA
SONM,"DNA X, Inc. Common Stock",Technology,Software - Infrastructure,USA
CENN,Cenntro Inc. Common Stock,Consumer Cyclical,Auto Manufacturers,USA
DUKRW,DUKE Robotics Corp. Warrant,,,USA
BGLWW,Blue Gold Limited Warrant,,,USA
BMRA,"Biomerica, Inc. Common Stock",Healthcare,Medical Devices,USA
SPRC,SciSparc Ltd. Ordinary Shares,Healthcare,Biotechnology,Israel
JYD,Jayud Global Logistics Limited Class A Ordinary Shares,Industrials,Integrated Freight & Logistics,China
CRE,Cre8 Enterprise Limited Class A Ordinary Shares,Industrials,Specialty Business Services,Hong Kong
FTFT,Future FinTech Group Inc. Common Stock,Technology,Software - Application,USA
ABTS,Abits Group Inc Ordinary Shares,Financial,Capital Markets,Hong Kong
WCT,Wellchange Holdings Company Limited Class A Ordinary shares,Technology,Software - Application,Hong Kong
ALP,Alpha Compute Corp Common Stock,Financial,Asset Management,United Kingdom
HSCS,HeartSciences Inc. Common Stock,Healthcare,Medical Devices,USA
EVGN,Evogene Ltd Ordinary Shares,Healthcare,Biotechnology,Israel
APVO,Aptevo Therapeutics Inc. Common Stock,Healthcare,Biotechnology,USA
BYAH,"Park Ha Biological Technology Co., Ltd. Class A Ordinary Shares",Consumer Defensive,Household & Personal Products,China
CLIK,Click Holdings Limited Class A Ordinary Share,Consumer Cyclical,Personal Services,Hong Kong
CDIO,Cardio Diagnostics Holdings Inc. Common stock,Healthcare,Biotechnology,USA
WAI,Top KingWin Ltd Class A Ordinary Shares,Financial,Capital Markets,China
SNTG,Sentage Holdings Inc. Class A Ordinary Shares,Financial,Credit Services,China
MWG,Multi Ways Holdings Limited Class A Ordinary Shares,Industrials,Rental & Leasing Services,Singapore
MEGL,Magic Empire Global Limited Class A Ordinary Shares,Financial,Capital Markets,Hong Kong
DXST,Decent Holding Inc Class A Ordinary Shares,Industrials,Waste Management,China
AGRZ,Agroz Inc. Ordinary Shares,Consumer Defensive,Farm Products,Malaysia
TANH,Tantech Holdings Ltd. Class A Common Shares,Consumer Defensive,Household & Personal Products,China
CETX,Cemtrex Inc. Common Stock,Technology,Software - Infrastructure,USA
LUCY,"Innovative Eyewear, Inc. Common Stock",Healthcare,Medical Instruments & Supplies,USA
XPON,Expion360 Inc. Common Stock,Industrials,Electrical Equipment & Parts,USA
MITQ,"Moving iMage Technologies, Inc. Common Stock",Technology,Communication Equipment,USA
WLDS,Wearable Devices Ltd. Ordinary Share,Technology,Consumer Electronics,Israel
NDRA,ENDRA Life Sciences Inc. Common Stock,Healthcare,Diagnostics & Research,USA
HXHX,Haoxin Holdings Limited Class A Ordinary Shares,Industrials,Integrated Freight & Logistics,China
ADVB,Advanced Biomed Inc. Common Stock,Healthcare,Diagnostics & Research,Taiwan
INBS,Intelligent Bio Solutions Inc. Common Stock,Healthcare,Medical Devices,USA
MLEC,Moolec Science SA Ordinary Shares,Healthcare,Biotechnology,Cayman Islands
XHLD,"TEN Holdings, Inc. Common Stock",Communication Services,Broadcasting,USA
SSM,Sono Group N.V. Ordinary Shares,Consumer Cyclical,Auto Manufacturers,Germany
INHD,Inno Holdings Inc. Common Stock,Basic Materials,Steel,Hong Kong
BCAB,"BioAtla, Inc. Common Stock",Healthcare,Biotechnology,USA
FBLG,"FibroBiologics, Inc. Common Stock",Healthcare,Biotechnology,USA
CHNR,"China Natural Resources, Inc. Common Stock",Basic Materials,Other Industrial Metals & Mining,Hong Kong
EXYNW,"Exyn Technologies, Inc. Warrant",,,USA
XAIR,"Beyond Air, Inc. Common Stock",Healthcare,Medical Devices,USA
TOPS,"TOP Ships, Inc. Common Stock",Energy,Oil & Gas Midstream,Greece
CLGN,CollPlant Biotechnologies Ltd Ordinary Shares,Healthcare,Biotechnology,Israel
ARBEW,Arbe Robotics Ltd. Warrant,,,USA
GP,GreenPower Motor Company Inc. Common Shares,Industrials,Farm & Heavy Construction Machinery,Canada
MTEN,Mingteng International Corporation Inc. Class A Ordinary Shares,Industrials,Metal Fabrication,China
TWAV,"TaoWeave, Inc. Common Stock",Financial,Asset Management,USA
RNAZ,"TransCode Therapeutics, Inc. Common Stock",Healthcare,Biotechnology,USA
BGLC,BioNexus Gene Lab Corp Common stock,Basic Materials,Specialty Chemicals,Malaysia
FLDDW,"Fold Holdings, Inc. Warrant",,,USA
ASTLW,Algoma Steel Group Inc. Warrant,,,USA
DFNSW,T3 Defense Inc. Warrants,,,USA
GELS,Gelteq Limited Ordinary Shares,Healthcare,Drug Manufacturers - Specialty & Generic,Australia
BJDX,"Bluejay Diagnostics, Inc. Common Stock",Healthcare,Medical Devices,USA
HTCR,"Heartcore Enterprises, Inc. Common Stock",Technology,Software - Application,Japan
SBFM,Sunshine Biopharma Inc. Common Stock,Healthcare,Drug Manufacturers - Specialty & Generic,USA
AIHS,Senmiao Technology Limited Common Stock,Industrials,Rental & Leasing Services,China
EEIQ,EpicQuest Education Group International Limited Common Stock,Consumer Defensive,Education & Training Services,USA
WBUY,WEBUY GLOBAL LTD. Class A Ordinary Shares,Consumer Cyclical,Internet Retail,Singapore
JWEL,Jowell Global Ltd. Ordinary Shares,Consumer Cyclical,Internet Retail,China
NXGL,"NexGel, Inc Common Stock",Healthcare,Medical Instruments & Supplies,USA
CTNT,Cheetah Net Supply Chain Service Inc Class A Common Stock,Industrials,Integrated Freight & Logistics,USA
BCTXL,BriaCell Therapeutics Corp. Warrant expiring 2031,,,USA
XTLB,XTL Biopharmaceuticals Ltd. American Depositary Shares,Healthcare,Biotechnology,Israel
RDHL,Redhill Biopharma Ltd. American Depositary Shares,Healthcare,Drug Manufacturers - Specialty & Generic,Israel
ADIL,"Adial Pharmaceuticals, Inc Common Stock",Healthcare,Biotechnology,USA
FEED,"ENvue Medical, Inc. Common Stock",Healthcare,Medical Devices,USA
CXAIW,CXApp Inc. Warrant,,,USA
ESLAW,"Estrella Immunopharma, Inc. Warrant",,,USA
GMM,Global Mofy AI Limited Class A Ordinary Shares,Technology,Information Technology Services,China
MTNB,"Matinas Biopharma Holdings, Inc. Common Stock",Healthcare,Biotechnology,USA
ITOC,iTonic Holdings Ltd Class A Ordinary Shares,Healthcare,Medical Devices,China
SLE,"Super League Enterprise, Inc. Common Stock",Communication Services,Internet Content & Information,USA
PGYWW,Pagaya Technologies Ltd. Warrants,,,USA
CHR,"Cheer Holding, Inc. Class A Ordinary Share",Communication Services,Advertising Agencies,China
AQB,"AquaBounty Technologies, Inc. Common Stock",Consumer Defensive,Farm Products,USA
IZM,ICZOOM Group Inc. Class A Ordinary Shares,Technology,Electronics & Computer Distribution,China
AZI,Autozi Internet Technology (Global) Ltd. Class A Ordinary Shares,Consumer Cyclical,Auto & Truck Dealerships,China
SUNE,"SUNation Energy, Inc. Common Stock",Technology,Solar,USA
DRMA,"Dermata Therapeutics, Inc. Common Stock",Healthcare,Biotechnology,USA
TOIIW,"The Oncology Institute, Inc. Warrant",,,USA
ARTL,"Artelo Biosciences, Inc. Common Stock",Healthcare,Biotechnology,USA
YDKG,Yueda Digital Holding Class A Ordinary Share,Communication Services,Advertising Agencies,China
EJH,E-Home Household Service Holdings Limited Ordinary Shares,Consumer Cyclical,Personal Services,China
HCTI,"Healthcare Triangle, Inc. Common Stock",Healthcare,Health Information Services,USA
FRSX,Foresight Autonomous Holdings Ltd. American Depositary Shares,Consumer Cyclical,Auto Parts,Israel
NCT,Intercont (Cayman) Limited Class A Ordinary shares,Industrials,Marine Shipping,Hong Kong
PULM,"Pulmatrix, Inc. Common Stock",Healthcare,Biotechnology,USA
GLMD,Galmed Pharmaceuticals Ltd. Ordinary Shares,Healthcare,Biotechnology,Israel
COCHW,"Envoy Medical, Inc Warrant",,,USA
NWTG,"Newton Golf Company, Inc. Common Stock",Consumer Cyclical,Leisure,USA
LABT,Lakewood-Amedex Biotherapeutics Inc. Common Stock,Healthcare,Biotechnology,USA
CJMB,Callan JMB Inc. Common Stock,Industrials,Integrated Freight & Logistics,USA
DSS,"DSS, Inc. Common Stock",Consumer Cyclical,Packaging & Containers,USA
RTB,"RTB Digital, Inc. Common Stock",Technology,Software - Application,USA
MBIO,"Mustang Bio, Inc. Common Stock",Healthcare,Biotechnology,USA
AMIX,"Autonomix Medical, Inc. Common Stock",Healthcare,Medical Devices,USA
CHSN,Chanson International Holding Class A Ordinary Shares,Consumer Cyclical,Restaurants,China
HYFM,"Hydrofarm Holdings Group, Inc. Common Stock",Industrials,Farm & Heavy Construction Machinery,USA
RENX,RenX Enterprises Corp. Common Stock,Real Estate,Real Estate - Development,USA
ISPC,iSpecimen Inc. Common Stock,Healthcare,Diagnostics & Research,USA
MKZR,"MacKenzie Realty Capital, Inc. Common Stock",Real Estate,REIT - Diversified,USA
BNZI,"Banzai International, Inc. Class A Common Stock",Technology,Software - Application,USA
ASPSW,Altisource Portfolio Solutions S.A. Net Settle Stakeholder Warrants,,,USA
EVGOW,EVgo Inc. Warrants,,,USA
ENSC,"Ensysce Biosciences, Inc. Common Stock",Healthcare,Biotechnology,USA
INM,InMed Pharmaceuticals Inc. Common Shares,Healthcare,Drug Manufacturers - Specialty & Generic,Canada
ALZN,"Alzamend Neuro, Inc. Common Stock",Healthcare,Biotechnology,USA
GSUN,Golden Sun Technology Group Limited Class A Ordinary Shares,Consumer Defensive,Education & Training Services,China
BEATW,"Heartbeam, Inc. Warrant",,,USA
ALBT,Avalon GloboCare Corp. Common Stock,Real Estate,Real Estate Services,USA
UGRO,"urban-gro, Inc. Common Stock",Industrials,Farm & Heavy Construction Machinery,USA
CAPS,Capstone Holding Corp. Common Stock,Basic Materials,Building Materials,USA
WNW,Meiwu Technology Company Limited Ordinary Shares,Consumer Cyclical,Internet Retail,China
VSTD,Vestand Inc. Class A Common Stock,Consumer Cyclical,Restaurants,USA
GCTK,"GlucoTrack, Inc. Common Stock",Healthcare,Medical Instruments & Supplies,USA
MASK,3 E Network Technology Group Ltd Class A Ordinary Shares,Technology,Software - Application,China
CDT,CDT Equity Inc. Common Stock,Healthcare,Biotechnology,USA
REVB,"Revelation Biosciences, Inc. Common Stock",Healthcare,Biotechnology,USA
CIIT,"Tianci International, Inc. Common Stock",Industrials,Integrated Freight & Logistics,Hong Kong
AGMH,AGM Group Holdings Inc. Class A Ordinary Shares,Technology,Computer Hardware,Hong Kong
LMFA,"LM Funding America, Inc. Common Stock",Financial,Capital Markets,USA
SXTP,"60 Degrees Pharmaceuticals, Inc. Common Stock",Healthcare,Biotechnology,USA
MVSTW,"Microvast Holdings, Inc. Warrants",,,USA
VSA,VisionSys AI Inc. American Depositary Shares,Consumer Defensive,Education & Training Services,China
GBR,"New Concept Energy, Inc Common Stock",Real Estate,Real Estate Services,USA
MNDR,Mobile-health Network Solutions Class A Ordinary Shares,Healthcare,Health Information Services,Singapore
LGHL,Lion Group Holding Ltd. American Depositary Share,Financial,Capital Markets,Singapore
GCLWW,GCL Global Holdings Ltd Warrants,,,USA
KTWOR,K2 Capital Acquisition Corporation Rights,,,USA
ATXG,Addentax Group Corp. Common Stock,Industrials,Integrated Freight & Logistics,China
PPCB,"Propanc Biopharma, Inc. Common Stock",Healthcare,Biotechnology,Australia
BAOS,Baosheng Media Group Holdings Limited Ordinary shares,Communication Services,Advertising Agencies,China
GRI,"GRI Bio, Inc. Common Stock",Healthcare,Biotechnology,USA
UBXG,U-BX Technology Ltd. Class A Ordinary Shares,Communication Services,Advertising Agencies,China
SVRE,SaverOne 2014 Ltd. American Depositary Shares,Technology,Scientific & Technical Instruments,Israel
MEHA,"Functional Brands, Inc. Common Stock",Consumer Defensive,Packaged Foods,USA
IVDA,"Iveda Solutions, Inc. Common Stock",Industrials,Security & Protection Services,USA
BNBX,BNB Plus Corp. Common Stock,Financial,Asset Management,USA
NXTS,Nexentis Technologies Inc. Common Stock,Basic Materials,Agricultural Inputs,Israel
DAIC,"CID HoldCo, Inc. Common Stock",Technology,Information Technology Services,USA
SBEV,"Splash Beverage Group, Inc. (NV) Common Stock",Consumer Defensive,Beverages - Wineries & Distilleries,USA
ICON,Icon Energy Corp. Common stock,Industrials,Marine Shipping,USA
VIVK,"Vivakor, Inc. Common Stock",Energy,Oil & Gas Integrated,USA
ATPC,Agape ATP Corporation Common Stock,Consumer Defensive,Packaged Foods,Malaysia
DCOY,Decoy Therapeutics Inc. Common Stock,Healthcare,Biotechnology,USA
NVVE,Nuvve Holding Corp. Common Stock,Consumer Cyclical,Specialty Retail,USA
AZTR,Azitra Inc Common Stock,Healthcare,Biotechnology,USA
OCG,Oriental Culture Holding LTD Ordinary Shares,Consumer Cyclical,Internet Retail,Hong Kong
VIVS,"VivoSim Labs, Inc. Common Stock",Healthcare,Biotechnology,USA
PMAX,Powell Max Limited Class A Ordinary Shares,Financial,Capital Markets,Hong Kong
BQ,Boqii Holding Limited Class A Ordinary Shares,Consumer Cyclical,Specialty Retail,China
EZGO,EZGO Technologies Ltd. Ordinary Shares,Consumer Cyclical,Recreational Vehicles,China
PW,Power REIT (MD) Common Stock,Real Estate,REIT - Specialty,USA
XRTX,XORTX Therapeutics Inc. Common Shares,Healthcare,Biotechnology,Canada
SNYR,Synergy CHC Corp. Common Stock,Healthcare,Medical Distribution,USA
BETRW,Better Home & Finance Holding Company Warrant,,,USA
BNCWZ,CEA Industries Inc. Warrant,,,USA
CRGOW,Freightos Limited Warrants,,,USA
RAYA,Erayak Power Solution Group Inc. Class A Ordinary Shares,Industrials,Electrical Equipment & Parts,China
CLDI,"Calidi Biotherapeutics, Inc. Common Stock",Healthcare,Biotechnology,USA
HIHO,Highway Holdings Limited Common Stock,Industrials,Metal Fabrication,Hong Kong
MI,NFT Limited Class A Ordinary Share,Consumer Cyclical,Internet Retail,Hong Kong
SQFT,"Presidio Property Trust, Inc. Class A Common Stock",Real Estate,REIT - Diversified,USA
EHGO,Eshallgo Inc. Class A Ordinary Shares,Industrials,Business Equipment & Supplies,China
SCAGW,Scage Future Warrants,,,USA
ONFO,Onfolio Holdings Inc. Common Stock,Communication Services,Internet Content & Information,USA
BLUWW,Blue Water Acquisition Corp. III Warrant.,,,USA
VEEE,Twin Vee PowerCats Co. Common Stock,Consumer Cyclical,Recreational Vehicles,USA
RPGL,Republic Power Group Limited Class A Ordinary Shares,Technology,Software - Application,Singapore
ITP,"IT Tech Packaging, Inc. Common Stock",Basic Materials,Paper & Paper Products,China
SOBR,"SOBR Safe, Inc. Common Stock",Technology,Scientific & Technical Instruments,USA
BOXL,Boxlight Corporation Class A Common Stock,Technology,Consumer Electronics,USA
FLYE,"Fly-E Group, Inc. Common Stock",Consumer Cyclical,Auto Manufacturers,USA
FFAIW,Faraday Future Intelligent Electric Inc. Warrant,,,USA
NOTV,"Inotiv, Inc. Common Stock",Healthcare,Diagnostics & Research,USA
CMND,Clearmind Medicine Inc. Common Shares,Healthcare,Biotechnology,Canada
IVF,"INVO Fertility, Inc. Common Stock",Healthcare,Medical Devices,USA
HKIT,Hitek Global Inc. Class A Ordinary Share,Technology,Information Technology Services,China
BNRG,Brenmiller Energy Ltd Ordinary Shares,Utilities,Utilities - Renewable,Israel
JEM,707 Cayman Holdings Limited Ordinary Shares,Consumer Cyclical,Apparel Retail,USA
SGLY,Singularity Future Technology Ltd. Common Stock,Industrials,Integrated Freight & Logistics,USA
GWAV,"Greenwave Technology Solutions, Inc. Common Stock",Industrials,Waste Management,USA
RBNE,Robin Energy Ltd. Common Stock,Energy,Oil & Gas Midstream,Cyprus
SHPH,"Shuttle Pharmaceuticals Holdings, Inc. Common Stock",Healthcare,Drug Manufacturers - Specialty & Generic,USA
PPBT,Purple Biotech Ltd. American Depositary Shares,Healthcare,Biotechnology,Israel
AEMD,"Aethlon Medical, Inc. Common Stock",Healthcare,Medical Devices,USA
BFRGW,"Bullfrog AI Holdings, Inc. Warrants",,,USA
NEXR,Nexera Technologies Ltd Ordinary Shares,Consumer Cyclical,Internet Retail,Israel
MRNOW,Murano Global Investments PLC Warrants,,,USA
VTAK,"Catheter Precision, Inc. Common Stock",Healthcare,Medical Devices,USA
IPST,"IP Strategy Holdings, Inc. Common Stock",Financial,Capital Markets,USA
OGEN,Oragenics Inc. Common Stock,Healthcare,Biotechnology,USA
DXF,"Eason Technology Limited American Depositary Shares (each representing sixty-thousand (60,000) Ordinary Shares)",Financial,Credit Services,China
BTOG,Bit Origin Limited Class A Ordinary Shares,Financial,Financial Data & Stock Exchanges,Singapore
ORIS,Oriental Rise Holdings Limited Ordinary Shares,Consumer Defensive,Packaged Foods,China
NCRA,"Nocera, Inc. Common Stock",Consumer Defensive,Packaged Foods,Taiwan
CNET,ZW Data Action Technologies Inc. Common Stock,Communication Services,Advertising Agencies,China
MYSZ,"My Size, Inc. Common Stock",Technology,Software - Application,Israel
QSIAW,Quantum-Si Incorporated Warrant,,,USA
ZEOWW,Zeo Energy Corporation Warrants,,,USA
LXEH,"Lixiang Education Holding Co., Ltd. American Depositary Shares",Consumer Defensive,Education & Training Services,China
BCGWW,"Binah Capital Group, Inc. Warrants",,,USA
BIVIW,BioVie Inc. Warrant,,,USA
FRGT,"Freight Technologies, Inc. Ordinary Shares",Technology,Software - Application,USA
LNKS,Linkers Industries Limited Class A Ordinary Shares,Industrials,Electrical Equipment & Parts,Malaysia
MTEKW,Maris-Tech Ltd. Warrants,,,USA
DRCT,"Direct Digital Holdings, Inc. Class A Common Stock",Communication Services,Advertising Agencies,USA
FUSEW,Fusemachines Inc. Warrants,,,USA
VBIO,"Valion Bio, Inc. Common Stock",Healthcare,Biotechnology,USA
MGN,Megan Holdings Limited Class A Ordinary Shares,Industrials,Engineering & Construction,Malaysia
ZNB,Zeta Network Group Class A Ordinary Shares,Communication Services,Entertainment,USA
XXII,"22nd Century Group, Inc. Common Stock",Consumer Defensive,Tobacco,USA
BBLG,Bone Biologics Corp Common Stock,Healthcare,Biotechnology,USA
BDRX,Biodexa Pharmaceuticals plc American Depositary Shs,Healthcare,Biotechnology,United Kingdom
HAO,Haoxi Health Technology Limited Class A Ordinary Shares,Communication Services,Advertising Agencies,China
SNOA,"Sonoma Pharmaceuticals, Inc. Common Stock",Healthcare,Drug Manufacturers - Specialty & Generic,USA
VSME,VS Media Holdings Limited Class A Ordinary Shares,Communication Services,Advertising Agencies,Hong Kong
FGL,Founder Group Limited Class A Ordinary Shares,Industrials,Engineering & Construction,Malaysia
AMODW,"Alpha Modus Holdings, Inc. Warrant",,,USA
SHFS,"SHF Holdings, Inc. Class A Common Stock",Financial,Banks - Regional,USA
UPC,Universe Pharmaceuticals Inc. Class A Ordinary Shares,Healthcare,Drug Manufacturers - Specialty & Generic,China
KIDZ,KIDZ AI Inc. Class B Common Stock,Consumer Defensive,Education & Training Services,USA
IPW,iPower Inc. Common Stock,Consumer Cyclical,Internet Retail,USA
PDYNW,Palladyne AI Corp Warrants,,,USA
UK,Ucommune International Ltd Class A Ordinary Shares,Real Estate,Real Estate Services,China
RKDA,"Arcadia Biosciences, Inc. Common Stock",Consumer Defensive,Packaged Foods,USA
MNYWW,MoneyHero Limited Warrants,,,USA
EZRA,"Reliance Global Group, Inc. Common Stock",Financial,Insurance Brokers,USA
SLXN,Silexion Therapeutics Corp Ordinary Shares,Healthcare,Biotechnology,Israel
BDMDW,Baird Medical Investment Holdings Ltd Warrant,,,USA
HOLOW,MicroCloud Hologram Inc. Warrant,,,USA
BZFDW,"BuzzFeed, Inc. Warrant",,,USA
OSRHW,"OSR Holdings, Inc. Warrant",,,USA
BIYA,Baiya International Group Inc. Ordinary Shares,Technology,Software - Application,China
RMCOW,Royalty Management Holding Corporation Warrant,,,USA
ASPSZ,Altisource Portfolio Solutions S.A. Cash Exercise Stakeholder Warrants,,,USA
IBG,Innovation Beverage Group Limited Ordinary Shares,Consumer Defensive,Beverages - Wineries & Distilleries,Australia
STKH,Steakholder Foods Ltd. American Depositary Shares,Consumer Defensive,Packaged Foods,Israel
VSEEW,"VSee Health, Inc. Warrant",,,USA
GNLN,"Greenlane Holdings, Inc. Class A Common Stock",Consumer Defensive,Tobacco,USA
CCTG,CCSC Technology International Holdings Limited Class A Ordinary Shares,Industrials,Electrical Equipment & Parts,Hong Kong
TRUG,"TruGolf Holdings, Inc. Class A Common Stock",Consumer Cyclical,Leisure,USA
RNWWW,ReNew Energy Global plc Warrant,,,USA
ONMDW,OneMedNet Corp Warrant,,,USA
GIBOW,GIBO Holdings Limited Warrants,,,USA
TRNR,Interactive Strength Inc. Common Stock,Consumer Cyclical,Personal Services,USA
JAGX,"Jaguar Health, Inc. Common Stock",Healthcare,Biotechnology,USA
KWMWW,"K Wave Media, Ltd. Warrant",,,USA
IMCC,IM Cannabis Corp. Common Shares,Healthcare,Drug Manufacturers - Specialty & Generic,Israel
CCGWW,Cheche Group Inc. Warrant,,,USA
TNMG,TNL Mediagene Ordinary Shares,Communication Services,Publishing,Taiwan
IMTE,Integrated Media Technology Limited Ordinary Shares,Technology,Electronic Components,Australia
RUBI,Rubico Inc. Common Stock,Industrials,Marine Shipping,USA
DEVS,DevvStream Corp. Common Stock,Industrials,Pollution & Treatment Controls,USA
SCNI,Scinai Immunotherapeutics Ltd. American Depositary Shares,Healthcare,Biotechnology,Israel
MOBXW,"Mobix Labs, Inc Warrants",,,USA
JZXN,"Jiuzi Holdings, Inc. Ordinary Shares",Consumer Cyclical,Auto & Truck Dealerships,China
TBLAW,Taboola.com Ltd. Warrant,,,USA
RAINW,"Rain Enhancement Technologies Holdco, Inc. Warrants",,,USA
FCUV,Focus Universal Inc. Common Stock,Technology,Scientific & Technical Instruments,USA
ARQQW,Arqit Quantum Inc. Warrants,,,USA
PRFX,PRF Technologies Ltd. Ordinary Shares,Healthcare,Drug Manufacturers - Specialty & Generic,Israel
WHLR,"Wheeler Real Estate Investment Trust, Inc. Common Stock",Real Estate,REIT - Retail,USA
HPAIW,Helport AI Limited Warrants,,,USA
GFAIW,"Guardforce AI Co., Limited Warrant",,,USA
RDGT,"Ridgetech, Inc. Ordinary Shares",Healthcare,Pharmaceutical Retailers,China
VRAX,Virax Biolabs Group Limited Ordinary Shares,Healthcare,Biotechnology,United Kingdom
WSTNR,Westin Acquisition Corp Right,,,USA
SKYAW,"SkyAI, Inc. Warrant",,,USA
GIPR,Generation Income Properties Inc. Common Stock,Real Estate,REIT - Diversified,USA
PFSA,"Profusa, Inc. Common Stock",Healthcare,Medical Devices,USA
GV,Visionary Holdings Inc. Common Shares,Consumer Defensive,Education & Training Services,Canada
SDSTW,Stardust Power Inc. Warrant,,,USA
LBGJ,Li Bang International Corporation Inc. Class A Ordinary Shares,Industrials,Specialty Industrial Machinery,China
BTTC,Black Titan Corporation Ordinary Shares,Technology,Software - Application,Malaysia
LIDRW,"AEye, Inc. Warrant",,,USA
ELPW,Elong Power Holding Limited Class A Ordinary Shares,Industrials,Electrical Equipment & Parts,China
ONCO,"Onconetix, Inc. Common Stock",Healthcare,Biotechnology,USA
SCLXW,Scilex Holding Company Warrant,,,USA
KUST,"Kustom Entertainment, Inc. Common Stock",Communication Services,Entertainment,USA
CISS,C3is Inc. Common Stock,Industrials,Marine Shipping,Greece
EDBL,Edible Garden AG Incorporated Common Stock,Consumer Defensive,Farm Products,USA
VMAR,Vision Marine Technologies Inc. Common Shares,Consumer Cyclical,Recreational Vehicles,Canada
NUWE,"Nuwellis, Inc. Common Stock",Healthcare,Medical Devices,USA
FOXXW,Foxx Development Holdings Inc. Warrant,,,USA
SABSW,"SAB Biotherapeutics, Inc. Warrant",,,USA
VGASW,"Verde Clean Fuels, Inc. Warrant",,,USA
BRLSW,Borealis Foods Inc. Warrant,,,USA
AIIOW,Robo.ai Inc. Warrant,,,USA
SUGP,SU Group Holdings Limited Class A Ordinary Shares,Industrials,Security & Protection Services,Hong Kong
AIMDW,"Ainos, Inc. Warrants",,,USA
YYGH,YY Group Holding Limited Class A Ordinary Shares,Consumer Cyclical,Personal Services,Singapore
AERTW,"Aeries Technology, Inc. Warrant",,,USA
GMEX,GMEX ROBOTICS CORPORATION Class A Ordinary Shares,Technology,Consumer Electronics,Australia
ABLVW,Able View Global Inc. Warrant,,,USA
BIAFW,"bioAffinity Technologies, Inc. Warrant",,,USA
BNAIW,Brand Engagement Network Inc. Warrant,,,USA
RCKTW,"Rocket Pharmaceuticals, Inc. Warrant",,,USA
XBPEW,"XBP Europe Holdings, Inc. Warrant",,,USA
OXBRW,Oxbridge Re Holdings Limited Warrant expiring 3/26/2029,,,USA
MNTSW,Momentus Inc. Warrant,,,USA
SWAGW,"Stran & Company, Inc. Warrant",,,USA
BCTXZ,BriaCell Therapeutics Corp. Warrant expiring 2030,,,USA
PAVS,Paranovus Entertainment Technology Ltd. Class A Ordinary Shares,Consumer Defensive,Packaged Foods,USA
COOTW,Australian Oilseeds Holdings Limited Warrant,,,USA
TALKW,"Talkspace, Inc. Warrant",,,USA
DFLIW,Dragonfly Energy Holdings Corp. Warrant,,,USA
BTBDW,"BT Brands, Inc. Warrant",,,USA
WGSWW,GeneDx Holdings Corp. Warrant,,,USA
JSPRW,"Japer Therapeutics, Inc. Warrants",,,USA
ONFOW,Onfolio Holdings Inc. Warrant,,,USA
NIVF,NewGenIvf Group Limited Class A Ordinary Shares,Healthcare,Medical Care Facilities,Thailand
BFRIW,Biofrontera Inc. Warrants,,,USA
RMSGW,Real Messenger Corporation Warrants,,,USA
EDBLW,Edible Garden AG Incorporated Warrant,,,USA
NXGLW,"NexGel, Inc Warrant",,,USA
LUCYW,"Innovative Eyewear, Inc. Series A Warrants 8/16/27",,,USA
NVNIW,Nvni Group Limited Warrants,,,USA
CINGW,Cingulate Inc. Warrants,,,USA
IVDAW,"Iveda Solutions, Inc. Warrant",,,USA
NCPLW,Netcapital Inc. Warrants,,,USA
PRENW,Prenetics Global Limited Warrant,,,USA
HUBC,Hub Cyber Security Ltd. Ordinary Shares,Technology,Software - Infrastructure,Israel
ZOOZW,ZOOZ Strategy Ltd. Warrant,,,USA
LNZAW,"LanzaTech Global, Inc. Warrant",,,USA
HSCSW,HeartSciences Inc. Warrant,,,USA
MYSEW,"Myseum.AI, Inc. Series A Warrant",,,USA
SRZNW,"Surrozen, Inc. Warrant",,,USA
CYCUW,"Cycurion, Inc. Warrant",,,USA
MYPSW,"PLAYSTUDIOS, Inc. Warrant",,,USA
WOK,WORK Medical Technology Group LTD Class A Ordinary Shares,Healthcare,Medical Devices,China
TVGNW,Tevogen Bio Holdings Inc. Warrant,,,USA
CELUW,Celularity Inc. Warrant,,,USA
GIPRW,Generation Income Properties Inc Warrant,,,USA
NIXXW,"Nixxy, Inc. Warrant",,,USA
LTRYW,Sports Entertainment Gaming Global Corporation Warrants,,,USA
SHFSW,"SHF Holdings, Inc. Warrants",,,USA
KTTAW,Pasithea Therapeutics Corp. Warrant,,,USA
ERNAW,Ernexa Therapeutics Inc. Warrants,,,USA
KITTW,"Nauticus Robotics, Inc. Warrant",,,USA
ZCMD,Zhongchao Inc. Class A Ordinary Shares,Healthcare,Health Information Services,China
BENFW,Beneficient Warrant,,,USA
GDEVW,GDEV Inc. Warrant,,,USA
PIIIW,P3 Health Partners Inc. Warrant,,,USA
KIDZW,KIDZ AI Inc. Warrants,,,USA
XOSWW,"Xos, Inc. Warrants",,,USA
SXTPW,"60 Degrees Pharmaceuticals, Inc. Warrant",,,USA
ANGHW,Anghami Inc. Warrants,,,USA
SBFMW,Sunshine Biopharma Inc. Warrant,,,USA
DSYWW,Big Tree Cloud Holdings Limited Warrants,,,USA
ICUCW,SeaStar Medical Holding Corporation Warrant,,,USA
PBMWW,Psyence Biomedical Ltd. Warrant,,,USA
SWVLW,Swvl Holdings Corp Warrant,,,USA
EUDAW,EUDA Health Holdings Limited Warrant,,,USA
CDIOW,Cardio Diagnostics Holdings Inc. Warrant,,,USA
TNONW,"Tenon Medical, Inc. Warrant",,,USA
ACONW,"Aclarion, Inc. Warrant",,,USA
ADTX,"Aditxt, Inc. Common Stock",Healthcare,Biotechnology,USA
LRHC,La Rosa Holdings Corp. Common Stock,Real Estate,Real Estate Services,USA
REVBW,"Revelation Biosciences, Inc. Warrant",,,USA
MSAIW,"MultiSensor AI Holdings, Inc. Warrant",,,USA
NEXRW,Nexera Technologies Ltd Warrant,,,USA
RVSNW,Rail Vision Ltd. Warrant,,,USA
FCHL,Fitness Champs Holdings Limited Common Stock,Consumer Defensive,Education & Training Services,Singapore
DFSCW,DEFSEC Technologies Inc. Warrant,,,USA
CDTTW,CDT Equity Inc. Warrant,,,USA
MKDWW,MKDWELL Tech Inc. Warrants,,,USA
DRMAW,"Dermata Therapeutics, Inc. Warrant",,,USA
APLMW,Apollomics Inc. Warrant,,,USA
SQFTW,"Presidio Property Trust, Inc. Series A Common Stock Purchase Warrants",,,USA
HUBCW,Hub Cyber Security Ltd. Warrant 2/27/28,,,USA
ASBPW,"Aspire Biopharma Holdings, Inc. Warrant",,,USA
SMXWW,SMX (Security Matters) Public Limited Company Warrant,,,USA
DAICW,"CID HoldCo, Inc. Warrants",,,USA
MLECW,Moolec Science SA Warrant,,,USA
SLXNW,Silexion Therapeutics Corp Warrant,,,USA
BNZIW,"Banzai International, Inc. Warrant",,,USA
HUBCZ,Hub Cyber Security Ltd. Warrant ,,,USA
NIVFW,NewGenIvf Group Limited Warrants,,,USA
KPLTW,"Katapult Holdings, Inc. Warrant",,,USA
ORGNW,"Origin Materials, Inc. Warrants",,,USA
AACB,Artius II Acquisition Inc. Class A Ordinary Shares,Financial,Shell Companies,USA
AACBR,Artius II Acquisition Inc. Rights,,,USA
AACBU,Artius II Acquisition Inc. Units,,,USA
AACI,Armada Acquisition Corp. III Class A Ordinary Share,Financial,Shell Companies,USA
AACIU,Armada Acquisition Corp. III Units,,,USA
AACIW,Armada Acquisition Corp. III Warrant,,,USA
AACO,Abony Acquisition Corp. I Class A Ordinary Share,Financial,Shell Companies,USA
AACOU,Abony Acquisition Corp. I Units,,,USA
AACP,Apogee Acquisition Corp Class A Ordinary Shares,Financial,Shell Companies,USA
AACPR,Apogee Acquisition Corp Rights,,,USA
AACPU,Apogee Acquisition Corp Units,,,USA
AACPW,Apogee Acquisition Corp Warrant,,,USA
ABXL,"Abacus Global Management, Inc. 9.875% Fixed Rate Senior Notes due 2028",,,USA
ACAA,Averin Capital Acquisition Corp. Class A Ordinary Shares,Financial,Shell Companies,USA
ACAAW,Averin Capital Acquisition Corp. Warrants,,,USA
ACGC,ACP Holdings Acquisition Corp. Class A Ordinary Shares,Financial,Shell Companies,USA
ACGCU,ACP Holdings Acquisition Corp. Units,,,USA
ACGCW,ACP Holdings Acquisition Corp. Warrants,,,USA
ACP,abrdn Income Credit Strategies Fund Common Shares,Financial,Closed-End Fund - Debt,USA
ADAC,American Drive Acquisition Company Class A Ordinary Shares,Financial,Shell Companies,USA
ADAMG,"Adamas Trust, Inc. 9.125% Senior Notes Due 2030",,,USA
ADAMH,"Adamas Trust, Inc. 9.875% Senior Notes Due 2030",,,USA
ADAMO,"Adamas Trust, Inc. 9.250% Senior Notes Due 2031",,,USA
ADX,Adams Diversified Equity Fund Inc.,Financial,Closed-End Fund - Equity,USA
AEAQ,Activate Energy Acquisition Corp. Class A Ordinary Share,Financial,Shell Companies,Cayman Islands
AEFC,Aegon Funding Company LLC 5.10% Subordinated Notes due 2049,,,USA
AESPU,Aeon Acquisition I Corp. Units,Financial,Shell Companies,USA
AEXA,American Exceptionalism Acquisition Corp. A Class A Ordinary Shares,Financial,Shell Companies,USA
AFB,AllianceBernstein National Municipal Income Fund Inc,Financial,Closed-End Fund - Debt,USA
AFJK,"Aimei Health Technology Co., Ltd Ordinary Share",Financial,Shell Companies,USA
AFJKR,"Aimei Health Technology Co., Ltd Right",,,USA
AFJKU,"Aimei Health Technology Co., Ltd Unit",,,USA
AGD,abrdn Global Dynamic Dividend Fund Common Shares of Beneficial Interest,Financial,Closed-End Fund - Foreign,USA
AIIA,AI Infrastructure Acquisition Corp. Class A Ordinary Shares,Financial,Shell Companies,USA
AIIR,Air Global PLC Ordinary Shares,Consumer Defensive,Tobacco,United Arab Emirates
ALDF,Aldel Financial II Inc. Class A Ordinary Shares,Financial,Shell Companies,USA
ALDFU,Aldel Financial II Inc. Units,,,USA
ALDFW,Aldel Financial II Inc. Warrants,,,USA
ALF,Centurion Acquisition Corp. Class A Ordinary Shares,Financial,Shell Companies,USA
ALFUU,Centurion Acquisition Corp. Unit,,,USA
ALFUW,Centurion Acquisition Corp. Warrant,,,USA
ALIS,Calisa Acquisition Corp Ordinary shares,Financial,Shell Companies,USA
ALISR,Calisa Acquisition Corp Right,,,USA
ALISU,Calisa Acquisition Corp Units,,,USA
ALOVU,"Aldabra 4 Liquidity Opportunity Vehicle, Inc. Units",,,USA
ALOVW,"Aldabra 4 Liquidity Opportunity Vehicle, Inc. Warrants",,,USA
ALUB,Alussa Energy Acquisition Corp. II Class A Ordinary Shares,Financial,Shell Companies,USA
AMAN,Amanat Acquisition Corp Class A Ordinary Shares,Financial,Shell Companies,USA
ANSC,Agriculture & Natural Solutions Acquisition Corporation Class A Ordinary Shares,Financial,Shell Companies,USA
ANSCU,Agriculture & Natural Solutions Acquisition Corporation Unit,,,USA
ANSCW,Agriculture & Natural Solutions Acquisition Corporation Warrant,,,USA
AOD,abrdn Total Dynamic Dividend Fund Common Shares of Beneficial Interest,Financial,Closed-End Fund - Foreign,USA
AOMD,"Angel Oak Mortgage REIT, Inc. 9.750% Senior Notes due 2030",,,USA
AOMN,"Angel Oak Mortgage REIT, Inc. 9.500% Senior Notes due 2029",,,USA
APAC,StoneBridge Acquisition II Corporation Class A Ordinary Shares,Financial,Shell Companies,USA
APACU,StoneBridge Acquisition II Corporation Units,,,USA
APMCU,AmperCap Acquisition Company Unit,Financial,Shell Companies,USA
APURU,Aperture AC Unit,Financial,Shell Companies,USA
APXT,Apex Treasury Corporation Class A Ordinary Share,Financial,Shell Companies,USA
APXTU,Apex Treasury Corporation Units,,,USA
APXTW,Apex Treasury Corporation Warrants,,,USA
ARCI,Archimedes Tech SPAC Partners III Co. Ordinary Share,Financial,Shell Companies,USA
ARCIU,Archimedes Tech SPAC Partners III Co. Units,,,USA
ARCIW,Archimedes Tech SPAC Partners III Co. Warrant,,,USA
ARCL,ARC Group Acquisition I Corp Class A Ordinary Shares,Financial,Shell Companies,USA
ARCLR,ARC Group Acquisition I Corp Right,,,USA
ARCLU,ARC Group Acquisition I Corp Unit,,,USA
ARCLW,ARC Group Acquisition I Corp Warrants,,,USA
ARTC,Art Technology Acquisition Corp. Class A Ordinary Shares,Financial,Shell Companies,USA
ARTCU,Art Technology Acquisition Corp. Units,,,USA
ARTCW,Art Technology Acquisition Corp. Warrants,,,USA
ASG,"Liberty All-Star Growth Fund, Inc.",Financial,Closed-End Fund - Equity,USA
ASGI,abrdn Global Infrastructure Income Fund Common Shares of Beneficial Interest,Financial,Closed-End Fund - Equity,USA
ASPC,A SPAC III Acquisition Corp. Class A Ordinary Shares,Financial,Shell Companies,Hong Kong
ASPCR,A SPAC III Acquisition Corp. Right,,,USA
ASPCU,A SPAC III Acquisition Corp. Unit,,,USA
ATII,Archimedes Tech SPAC Partners II Co. Ordinary Shares,Financial,Shell Companies,USA
ATIIU,Archimedes Tech SPAC Partners II Co. Unit,,,USA
ATIIW,Archimedes Tech SPAC Partners II Co. Warrant,,,USA
AVK,Advent Convertible and Income Fund,Financial,Closed-End Fund - Debt,USA
AWF,Alliancebernstein Global High Income Fund,Financial,Closed-End Fund - Debt,USA
AWP,abrdn Global Premier Properties Fund Common Shares of Beneficial Interest,Financial,Closed-End Fund - Foreign,USA
AXIN,Axiom Intelligence Acquisition Corp 1 Class A Ordinary Shares,Financial,Shell Companies,United Kingdom
AXINR,Axiom Intelligence Acquisition Corp 1 Right,,,USA
AXINU,Axiom Intelligence Acquisition Corp 1 Units,,,USA
BACC,Blue Acquisition Corp. Class A Ordinary Shares,Financial,Shell Companies,USA
BACCR,Blue Acquisition Corp. Right ,,,USA
BAYA,Bayview Acquisition Corp Ordinary Shares,Financial,Shell Companies,USA
BAYAR,Bayview Acquisition Corp Right,,,USA
BAYAU,Bayview Acquisition Corp Unit,,,USA
BBCQ,Bleichroeder Acquisition Corp. II Class A Ordinary Shares,Financial,Shell Companies,USA
BBCQU,Bleichroeder Acquisition Corp. II Units,,,USA
BBCQW,Bleichroeder Acquisition Corp. II Warrants,,,USA
BBN,BlackRock Taxable Municipal Bond Trust Common Shares of Beneficial Interest,Financial,Closed-End Fund - Debt,USA
BCAR,D. Boral ARC Acquisition I Corp. Class A Ordinary Shares,Financial,Shell Companies,USA
BCARU,D. Boral ARC Acquisition I Corp. Units,,,USA
BCARW,D. Boral ARC Acquisition I Corp. Warrant,,,USA
BCSS,Bain Capital GSS Investment Corp. Class A Ordinary Shares,Financial,Shell Companies,USA
BCV,"Bancroft Fund, Ltd.",Financial,Closed-End Fund - Debt,USA
BDCI,BTC Development Corp. Class A Ordinary Shares,Financial,Shell Companies,USA
BDCIU,BTC Development Corp. Unit,,,USA
BEAG,Bold Eagle Acquisition Corp. Class A Ordinary Shares,Financial,Shell Companies,USA
BEAGR,Bold Eagle Acquisition Corp. Right,,,USA
BEAGU,Bold Eagle Acquisition Corp. Units,,,USA
BGB,Blackstone Strategic Credit 2027 Term Fund Common Shares of Beneficial Interest,Financial,Closed-End Fund - Debt,USA
BGH,Barings Global Short Duration High Yield Fund Common Shares of Beneficial Interests,Financial,Closed-End Fund - Debt,USA
BGMS,"Bio Green Med Solution, Inc. Common Stock",Healthcare,Biotechnology,Malaysia
BGT,BlackRock Floating Rate Income Trust,Financial,Closed-End Fund - Debt,USA
BGX,Blackstone Long Short Credit Income Fund Common Shares,Financial,Closed-End Fund - Debt,USA
BGY,Blackrock Enhanced International Dividend Trust,Financial,Closed-End Fund - Foreign,USA
BHAV,BHAV Acquisition Corp Class A Ordinary Shares,Financial,Shell Companies,USA
BHAVR,BHAV Acquisition Corp Rights,,,USA
BHAVU,BHAV Acquisition Corp Units,,,USA
BHK,Blackrock Core Bond Trust,Financial,Closed-End Fund - Debt,USA
BHV,BlackRock Virginia Municipal Bond Trust,Financial,Closed-End Fund - Debt,USA
BIDWU,Tribeca Strategic Acquisition Corp. Unit,Financial,Shell Companies,USA
BIII,Black Spade Acquisition III Co Class A Ordinary Shares,Financial,Shell Companies,Hong Kong
BIT,BlackRock Multi-Sector Income Trust Common Shares of Beneficial Interest,Financial,Closed-End Fund - Debt,USA
BIXI,Bitcoin Infrastructure Acquisition Corp Ltd. Class A Ordinary Shares,Financial,Shell Companies,USA
BIXIU,Bitcoin Infrastructure Acquisition Corp Ltd. Unit ,,,USA
BIXIW,Bitcoin Infrastructure Acquisition Corp Ltd. Warrant,,,USA
BKHA,Black Hawk Acquisition Corporation Class A Ordinary Shares,Financial,Shell Companies,USA
BKHAR,Black Hawk Acquisition Corporation Rights,,,USA
BKHAU,Black Hawk Acquisition Corporation Units,,,USA
BLRK,Bluerock Acquisition Corp. Class A Ordinary Shares,Financial,Shell Companies,USA
BLRKU,Bluerock Acquisition Corp. Unit,,,USA
BLZR,Trailblazer Acquisition Corp. Class A Ordinary Shares,Financial,Shell Companies,USA
BLZRW,Trailblazer Acquisition Corp. Warrant,,,USA
BMN,BlackRock 2037 Municipal Target Term Trust Common Shares of Beneficial Interest,Financial,Closed-End Fund - Debt,USA
BNCWW,CEA Industries Inc. Warrant,,,USA
BOE,Blackrock Enhanced Global Dividend Trust Common Shares of Beneficial Interest,Financial,Closed-End Fund - Foreign,USA
BOT,"RoboStrategy, Inc. Common Stock",Financial,Closed-End Fund - Equity,USA
BPAC,Blueport Acquisition Ltd Class A Ordinary Shares,Financial,Shell Companies,USA
BPACR,Blueport Acquisition Ltd Rights,,,USA
BPACU,Blueport Acquisition Ltd Units,,,USA
BPRE,Bluerock Private Real Estate Fund Common Shares of Beneficial Interest,Financial,Asset Management,USA
BREZU,Breeze Acquisition Corp. II Units,Financial,Shell Companies,USA
BRKHU,Burtech Acquisition Corp II Unit,Financial,Shell Companies,USA
BRUNW,Boost Run Inc. Warrant,,,USA
BRW,Saba Capital Income & Opportunities Fund SBI,Financial,Closed-End Fund - Equity,USA
BSAA,BEST SPAC I Acquisition Corp. Class A Ordinary Shares,Financial,Shell Companies,Hong Kong
BSAAR,BEST SPAC I Acquisition Corp. Rights,,,USA
BSAAU,BEST SPAC I Acquisition Corp. Unit ,,,USA
BSL,Blackstone Senior Floating Rate 2027 Term Fund Common Shares of Beneficial Interest,Financial,Closed-End Fund - Debt,USA
BTO,John Hancock Financial Opportunities Fund Common Stock,Financial,Closed-End Fund - Equity,USA
BTT,BlackRock Municipal 2030 Target Term Trust,Financial,Closed-End Fund - Debt,USA
BUI,"BlackRock Utility, Infrastructure & Power Opportunities Trust",Financial,Closed-End Fund - Equity,USA
BWG,BrandywineGLOBAL Global Income Opportunities Fund Inc.,Financial,Closed-End Fund - Debt,USA
BWIV,Blue Water Acquisition Corp. IV Class A Ordinary Shares,Financial,Shell Companies,USA
BXSL,Blackstone Secured Lending Fund Common Shares of Beneficial Interest,Financial,Asset Management,USA
CAF,Morgan Stanley China A Share Fund Inc. Common Stock,Financial,Closed-End Fund - Foreign,USA
CAIIU,Collective Acquisition Corp. II Units,Financial,Shell Companies,USA
CAPN,Cayson Acquisition Corp Ordinary shares,Financial,Shell Companies,USA
CAPNR,Cayson Acquisition Corp Right,,,USA
CAPNU,Cayson Acquisition Corp Unit,,,USA
CAQ,Cambridge Acquisition Corp. Class A Ordinary Shares,Financial,Shell Companies,USA
CAQUU,Cambridge Acquisition Corp. Unit,,,USA
CCAQ,Collective Acquisition Corp. Class A Ordinary Shares,Financial,Shell Companies,USA
CCAQU,Collective Acquisition Corp. Units,,,USA
CCAQW,Collective Acquisition Corp. Warrants,,,USA
CCD,Calamos Dynamic Convertible & Income Fund Common Stock,Financial,Closed-End Fund - Equity,USA
CCID,Carlyle Credit Income Fund 7.375% Series D Term Preferred Shares due 2028,,,USA
CCIF,Carlyle Credit Income Fund Shares of Beneficial Interest,Financial,Closed-End Fund - Debt,USA
CCII,Cohen Circle Acquisition Corp. II Class A Ordinary Shares,Financial,Shell Companies,USA
CCIIU,Cohen Circle Acquisition Corp. II Unit,,,USA
CCIIW,Cohen Circle Acquisition Corp. II Warrant,,,USA
CCIX,Churchill Capital Corp IX Ordinary Shares,Financial,Shell Companies,USA
CCIXU,Churchill Capital Corp IX Unit,,,USA
CCIXW,Churchill Capital Corp IX Warrant,,,USA
CCXI,Churchill Capital Corp XI Class A Ordinary Shares,Financial,Shell Companies,USA
CCXIU,Churchill Capital Corp XI Units,,,USA
CCXIW,Churchill Capital Corp XI Warrants,,,USA
CEE,"The Central and Eastern Europe Fund, Inc. (The) Common Stock",Financial,Closed-End Fund - Foreign,USA
CEPF,"Cantor Equity Partners IV, Inc. Class A Ordinary Shares",Financial,Shell Companies,USA
CEPO,"Cantor Equity Partners I, Inc. Class A Ordinary Shares",Financial,Shell Companies,USA
CEPS,"Cantor Equity Partners VI, Inc. Class A Ordinary Shares",Financial,Shell Companies,USA
CEPT,"Cantor Equity Partners II, Inc. Class A Ordinary Share",Financial,Shell Companies,USA
CEPV,"Cantor Equity Partners V, Inc. Class A Ordinary Shares",Financial,Shell Companies,USA
CFND,C1 Fund Inc. Common Stock,Financial,Asset Management,USA
CGCT,Cartesian Growth Corporation III Class A Ordinary Shares,Financial,Shell Companies,USA
CGCTU,Cartesian Growth Corporation III Unit,,,USA
CGCTW,Cartesian Growth Corporation III Warrant,,,USA
CGO,Calamos Global Total Return Fund Common Stock,Financial,Closed-End Fund - Equity,USA
CHAR,Charlton Aria Acquisition Corporation Class A Ordinary Shares,Financial,Shell Companies,USA
CHARR,Charlton Aria Acquisition Corporation Rights,,,USA
CHARU,Charlton Aria Acquisition Corporation Units,,,USA
CHEC,Chenghe Acquisition III Co. Class A Ordinary Share,Financial,Shell Companies,Singapore
CHECW,Chenghe Acquisition III Co. Warrants,,,USA
CHI,Calamos Convertible Opportunities and Income Fund Common Stock,Financial,Closed-End Fund - Debt,USA
CHPG,ChampionsGate Acquisition Corporation Class A Ordinary Share,Financial,Shell Companies,USA
CHPGR,ChampionsGate Acquisition Corporation Rights,,,USA
CHPGU,ChampionsGate Acquisition Corporation Unit,,,USA
CHW,Calamos Global Dynamic Income Fund Common Stock,Financial,Closed-End Fund - Equity,USA
CHY,Calamos Convertible and High Income Fund Common Stock,Financial,Closed-End Fund - Debt,USA
CICB,CION Investment Corporation 7.50% Notes due 2029,,,USA
CICC,CION Investment Corporation 7.50% Notes due 2031,,,USA
CIF,MFS Intermediate High Income Fund Common Stock,Financial,Closed-End Fund - Debt,USA
CIK,"Credit Suisse Asset Management Income Fund, Inc. Common Stock",Financial,Closed-End Fund - Debt,USA
CIMO,Chimera Investment Corporation 9.250% Senior Notes due 2029,,,USA
CIMP,Chimera Investment Corporation 8.875% Senior Notes due 2030,,,USA
CLBR,Colombier Acquisition Corp. III Class A Ordinary Shares,Financial,Shell Companies,USA
CLM,"Cornerstone Strategic Investment Fund, Inc. Common Shares",Financial,Closed-End Fund - Equity,USA
CMII,Columbus Circle Capital Corp II Class A Ordinary Shares,Financial,Shell Companies,USA
CMIIU,Columbus Circle Capital Corp II Unit,,,USA
COLA,Columbus Acquisition Corp Ordinary Shares,Financial,Shell Companies,Singapore
COLAR,Columbus Acquisition Corp Rights,,,USA
COLAU,Columbus Acquisition Corp Unit,,,USA
COPL,Copley Acquisition Corp Ordinary Shares,Financial,Shell Companies,Hong Kong
CRAC,Crown Reserve Acquisition Corp. I Class A Ordinary Shares,Financial,Shell Companies,Cayman Islands
CRACU,Crown Reserve Acquisition Corp. I Unit,,,USA
CRACW,Crown Reserve Acquisition Corp. I Warrant,,,USA
CRAN,Crane Harbor Acquisition Corp. II Class A Ordinary Shares,Financial,Shell Companies,USA
CRANR,Crane Harbor Acquisition Corp. II Rights,,,USA
CRANU,Crane Harbor Acquisition Corp. II Units,,,USA
CRAQ,Cal Redwood Acquisition Corp. Class A Ordinary Shares,Financial,Shell Companies,USA
CRAQU,Cal Redwood Acquisition Corp. Units,,,USA
CRBD,Corebridge Financial Inc. 6.375% Junior Subordinated Notes due 2064,,,USA
CRF,"Cornerstone Total Return Fund, Inc. (The) Common Stock",Financial,Closed-End Fund - Equity,USA
CTAAU,ClearThink 1 Acquisition Corp. Units,,,USA
CUBWU,Lionheart Holdings Unit,,,USA
CUBWW,Lionheart Holdings Warrant,,,USA
CXIIU,Churchill Capital Corp XII Units,Financial,Shell Companies,USA
DAAQ,Digital Asset Acquisition Corp. Class A Ordinary shares,Financial,Shell Companies,USA
DAAQU,Digital Asset Acquisition Corp. Units,,,USA
DAAQW,Digital Asset Acquisition Corp. Warrant,,,USA
DBCA,D. Boral Acquisition I Corp. Class A Ordinary Shares,Financial,Shell Companies,USA
DBCAU,D. Boral Acquisition I Corp. Unit,,,USA
DBCAW,D. Boral Acquisition I Corp. Warrants,,,USA
DBL,DoubleLine Opportunistic Credit Fund Common Shares of Beneficial Interest,Financial,Closed-End Fund - Debt,USA
DFP,Flaherty & Crumrine Dynamic Preferred and Income Fund Inc. Common Stock,Financial,Closed-End Fund - Debt,USA
DHF,BNY Mellon High Yield Strategies Fund Common Stock,Financial,Closed-End Fund - Debt,USA
DHY,Credit Suisse High Yield Credit Fund Common Stock,Financial,Closed-End Fund - Debt,USA
DMA,Destra Multi-Alternative Fund Common Stock,Financial,Closed-End Fund - Equity,USA
DMAA,Drugs Made In America Acquisition Corp. Ordinary Shares,Financial,Shell Companies,USA
DMAAR,Drugs Made In America Acquisition Corp. Rights,,,USA
DMAAU,Drugs Made In America Acquisition Corp. Units,,,USA
DMB,"BNY Mellon Municipal Bond Infrastructure Fund, Inc. Common Stock",Financial,Closed-End Fund - Debt,USA
DMII,Drugs Made In America Acquisition II Corp. Ordinary Shares,Financial,Shell Companies,USA
DMIIR,Drugs Made In America Acquisition II Corp. Right,,,USA
DMIIU,Drugs Made In America Acquisition II Corp. Unit,,,USA
DMO,Western Asset Mortgage Opportunity Fund Inc. Common Stock,Financial,Closed-End Fund - Debt,USA
DNMX,Dynamix Corporation III Class A Ordinary Shares,Financial,Shell Companies,USA
DNMXU,Dynamix Corporation III Unit,,,USA
DNMXW,Dynamix Corporation III Warrants,,,USA
DNP,"DNP Select Income Fund, Inc. Common Stock",Financial,Closed-End Fund - Equity,USA
DPG,Duff & Phelps Utility and Infrastructure Fund Inc.,Financial,Closed-End Fund - Equity,USA
DRDB,Roman DBDR Acquisition Corp. II Ordinary shares,Financial,Shell Companies,USA
DRDBU,Roman DBDR Acquisition Corp. II Unit,,,USA
DRDBW,Roman DBDR Acquisition Corp. II Warrants,,,USA
DSAC,Daedalus Special Acquisition Corp. Class A Ordinary Shares,Financial,Shell Companies,United Kingdom
DSACW,Daedalus Special Acquisition Corp. Warrant,,,USA
DSM,"BNY Mellon Strategic Municipal Bond Fund, Inc. Common Stock",Financial,Closed-End Fund - Debt,USA
DSU,"Blackrock Debt Strategies Fund, Inc. Common Stock",Financial,Closed-End Fund - Debt,USA
DTK,DTE Energy Company 2025 Series H 6.25% Junior Subordinated Debentures due 2085,,,USA
DTSQ,DT Cloud Star Acquisition Corporation Ordinary Shares,Financial,Shell Companies,USA
DTSQR,DT Cloud Star Acquisition Corporation Right,,,USA
DTSQU,DT Cloud Star Acquisition Corporation Units,,,USA
DXYZ,Destiny Tech100 Inc. Common Stock,Financial,Asset Management,USA
DYNC,Dynamix Corporation Class A Ordinary Shares,Financial,Shell Companies,USA
DYNCU,Dynamix Corporation Unit,,,USA
DYNCW,Dynamix Corporation Warrant,,,USA
DYOR,Insight Digital Partners II Class A Ordinary Shares,Financial,Shell Companies,USA
DYORU,Insight Digital Partners II Units,,,USA
DYORW,Insight Digital Partners II Warrants,,,USA
EAD,Allspring Income Opportunities Fund Common Shares,Financial,Closed-End Fund - Debt,USA
ECCU,Eagle Point Credit Company 7.75% Notes due 2030,,,USA
ECF,Ellsworth Growth and Income Fund Ltd.,Financial,Closed-End Fund - Equity,USA
EDD,"Morgan Stanley Emerging Markets Domestic Debt Fund, Inc. Common Stock",Financial,Closed-End Fund - Debt,USA
EDF,Virtus Stone Harbor Emerging Markets Income Fund Common Shares of Beneficial Interest,Financial,Closed-End Fund - Foreign,USA
EEA,"The European Equity Fund, Inc. Common Stock",Financial,Closed-End Fund - Foreign,USA
EFR,Eaton Vance Senior Floating-Rate Fund Common Shares of Beneficial Interest,Financial,Closed-End Fund - Debt,USA
EHI,Western Asset Global High Income Fund Inc Common Stock,Financial,Closed-End Fund - Debt,USA
EIIA,Eagle Point Institutional Income Fund 8.125% Series A Term Preferred Shares Due 2029,,,USA
EIM,"Eaton Vance Municipal Bond Fund Common Shares of Beneficial Interest, $.01 par value",Financial,Closed-End Fund - Debt,USA
ELLA,Ellington Credit Company 8.50% Notes due 2031,,,USA
EMAT,Evolution Metals & Technologies Corp. Common Stock,Basic Materials,Other Industrial Metals & Mining,USA
EMD,Western Asset Emerging Markets Debt Fund Inc Common Stock,Financial,Closed-End Fund - Debt,USA
EMF,Templeton Emerging Markets Fund Common Stock,Financial,Closed-End Fund - Foreign,USA
EMIS,Emmis Acquisition Corp. Class A Ordinary Shares,Financial,Shell Companies,USA
EMISR,Emmis Acquisition Corp. Rights,,,USA
EMO,ClearBridge Energy Midstream Opportunity Fund Inc. Common Stock,Financial,Closed-End Fund - Equity,USA
EMPD,Empery Digital Inc. Common stock,Consumer Cyclical,Auto Manufacturers,USA
EOD,Allspring Global Dividend Opportunity Fund Common Shares of Beneficial Interest,Financial,Closed-End Fund - Equity,USA
EOI,Eaton Vance Enhance Equity Income Fund Eaton Vance Enhanced Equity Income Fund Shares of Beneficial Interest,Financial,Closed-End Fund - Equity,USA
EOS,Eaton Vance Enhance Equity Income Fund II Common Stock,Financial,Closed-End Fund - Equity,USA
ERC,Allspring Multi-Sector Income Fund Common Stock,Financial,Closed-End Fund - Debt,USA
ERH,Allspring Utilities and High Income Fund Common Shares,Financial,Closed-End Fund - Equity,USA
ETG,Eaton Vance Tax-Advantaged Global Dividend Income Fund Common Shares of Beneficial Interest,Financial,Closed-End Fund - Equity,USA
ETJ,Eaton Vance Risk-Managed Diversified Equity Income Fund Common Shares of Beneficial Interest,Financial,Closed-End Fund - Equity,USA
ETSS,Energy Transition Special Opportunities,Financial,Shell Companies,USA
ETY,"Eaton Vance Tax-Managed Diversified Equity Income Fund Common Shares of Beneficial Interest,",Financial,Closed-End Fund - Equity,USA
EURK,Eureka Acquisition Corp Class A Ordinary Share,Financial,Shell Companies,Hong Kong
EURKR,Eureka Acquisition Corp Right,,,USA
EURKU,Eureka Acquisition Corp Unit,,,USA
EVAC,EQV Ventures Acquisition Corp. II Class A Ordinary Shares,Financial,Shell Companies,USA
EVG,Eaton Vance Short Diversified Income Fund Eaton Vance Short Duration Diversified Income Fund Common Shares of Beneficial Interest,Financial,Closed-End Fund - Debt,USA
EVOX,Evolution Global Acquisition Corp Class A Ordinary Shares,Financial,Shell Companies,USA
EVOXU,Evolution Global Acquisition Corp Units,,,USA
EVT,Eaton Vance Tax Advantaged Dividend Income Fund Common Shares of Beneficial Interest,Financial,Closed-End Fund - Equity,USA
EVV,Eaton Vance Limited Duration Income Fund Common Shares of Beneficial Interest,Financial,Closed-End Fund - Debt,USA
EXG,Eaton Vance Tax-Managed Global Diversified Equity Income Fund Common Shares of Beneficial Interest,Financial,Closed-End Fund - Foreign,USA
FACT,FACT II Acquisition Corp. Class A Ordinary Shares,Financial,Shell Companies,USA
FACTW,FACT II Acquisition Corp. Warrant,,,USA
FAX,"abrdn Asia-Pacific Income Fund, Inc. Common Stock",Financial,Closed-End Fund - Debt,USA
FCRS,FutureCrest Acquisition Corp. Class A Ordinary Shares,Financial,Shell Companies,USA
FCT,First Trust Senior Floating Rate Income Fund II Common Shares of Beneficial Interest,Financial,Closed-End Fund - Debt,USA
FERA,Fifth Era Acquisition Corp I Class A Ordinary Shares,Financial,Shell Companies,Cayman Islands
FERAR,Fifth Era Acquisition Corp I Rights,,,USA
FFA,First Trust Enhanced Equity Income Fund Common Shares of Beneficial Interest,Financial,Closed-End Fund - Equity,USA
FFC,Flaherty & Crumrine Preferred and Income Securities Fund Incorporated,Financial,Closed-End Fund - Debt,USA
FGII,FG Imperii Acquisition Corp. Class A Ordinary Shares,Financial,Shell Companies,USA
FGIIU,FG Imperii Acquisition Corp. Units,,,USA
FGIIW,FG Imperii Acquisition Corp. Warrants,,,USA
FGMCR,FG Merger II Corp. Rights,,,USA
FGMCU,FG Merger II Corp. Unit,,,USA
FGSN,"F&G Annuities & Life, Inc. 7.300% Junior Subordinated Notes due 2065",,,USA
FIGX,FIGX Capital Acquisition Corp. Class A Ordinary Share,Financial,Shell Companies,USA
FIGXW,FIGX Capital Acquisition Corp. Warrant,,,USA
FLC,Flaherty & Crumrine Total Return Fund Inc Common Stock,Financial,Closed-End Fund - Debt,USA
FMAC,Future Money Acquisition Corporation Ordinary Shares,Financial,Shell Companies,USA
FMACR,Future Money Acquisition Corporation Rights,,,USA
FMACU,Future Money Acquisition Corporation Units,,,USA
FMY,First Trust Mortgage Income Fund Common Shares of Beneficial Interest,Financial,Closed-End Fund - Debt,USA
FPF,First Trust Intermediate Duration Preferred & Income Fund Common Shares of Beneficial Interest,Financial,Closed-End Fund - Debt,USA
FSHP,Flag Ship Acquisition Corp. Ordinary Shares,Financial,Shell Companies,USA
FSHPR,Flag Ship Acquisition Corp. Right,,,USA
FSHPU,Flag Ship Acquisition Corp. Unit,,,USA
FSSL,FS Specialty Lending Fund Common Shares of Beneficial Interest,Financial,Closed-End Fund - Debt,USA
FTHAU,Forefront Tech Holdings Acquisition Corp Unit,Financial,Shell Companies,Cayman Islands
FVAV,Fortress Value Acquisition Corp. V Class A Ordinary Shares,Financial,Shell Companies,USA
FVN,Future Vision II Acquisition Corporation Ordinary shares,Financial,Shell Companies,China
FVNNU,Future Vision II Acquisition Corporation Units,,,USA
FXACU,FortuneX Acquisition Corporation Units,Financial,Shell Companies,USA
GAING,Gladstone Investment Corporation 7.125% Notes due 2031,,,USA
GAINI,Gladstone Investment Corporation 7.875% Notes due 2030,,,USA
GCGRU,General Catalyst Global Resilience Merger Corp. Units,Financial,Shell Companies,USA
GDL,"GDL Fund, The Common Shares of Beneficial Interest",Financial,Closed-End Fund - Equity,USA
GDO,Western Asset Global Corporate Opportunity Fund Inc. Common Stock,Financial,Closed-End Fund - Debt,USA
GECCG,Great Elm Capital Corp. 7.75% Notes Due 2030,,,USA
GECCH,Great Elm Capital Corp. 8.125% Notes Due 2029,,,USA
GECCI,Great Elm Capital Corp. 8.50% NOTES DUE 2029,,,USA
GF,"New Germany Fund, Inc. (The) Common Stock",Financial,Closed-End Fund - Foreign,USA
GGN,"GAMCO Global Gold, Natural Resources & Income Trust",Financial,Closed-End Fund - Equity,USA
GHY,"PGIM Global High Yield Fund, Inc.",Financial,Closed-End Fund - Debt,USA
GIW,GigCapital8 Corp. Class A Ordinary Shares,Financial,Shell Companies,USA
GIWWR,GigCapital8 Corp. Rights,,,USA
GIX,GigCapital9 Corp. Class A Ordinary Share,Financial,Shell Companies,USA
GIXXR,GigCapital9 Corp. Rights,,,USA
GIXXU,GigCapital9 Corp. Units,,,USA
GJH,Synthetic Fixed-Income Securities Inc 6.375% (STRATS) Cl A-1,,,USA
GJO,"Synthetic Fixed-Income Securities, Inc. on behalf of STRATS(SM) Trust for Wal-Mart Stores, Inc. Securities, Series 2004-5",,,USA
GJP,"Synthetic Fixed-Income Securities, Inc. on behalf of STRATS (SM) Trust for Dominion Resources, Inc. Securities, Series 2005-6, Floating Rate Structured Repackaged Asset-Backed Trust Securities (STRATS) Certificates",,,USA
GJR,"Synthetic Fixed-Income Securities, Inc. STRATS Trust for Procter&Gamble Securities, Series 2006-1",,,USA
GLED,GalaxyEdge Acquisition Corporation Ordinary Shares,Financial,Shell Companies,USA
GLO,Clough Global Opportunities Fund Common Stock,Financial,Closed-End Fund - Equity,USA
GLQ,Clough Global Equity Fund Clough Global Equity Fund Common Shares of Beneficial Interest,Financial,Closed-End Fund - Equity,USA
GOF,Guggenheim Strategic Opportunities Fund Common Shares of Beneficial Interest,Financial,Closed-End Fund - Debt,USA
GPAC,General Purpose Acquisition Corp. Class A Ordinary Shares,Financial,Shell Companies,USA
GPAT,GP-Act III Acquisition Corp. Class A Ordinary Share,Financial,Shell Companies,USA
GPATU,GP-Act III Acquisition Corp. Units,,,USA
GPATW,GP-Act III Acquisition Corp. Warrants,,,USA
GRAF,Graf Global Corp. Class A ordinary shares,Financial,Shell Companies,USA
GRF,"Eagle Capital Growth Fund, Inc. Common Stock",Financial,Closed-End Fund - Equity,USA
GRML,Greenland Mines Ltd. Common Stock,Basic Materials,Other Precious Metals & Mining,USA
GSHRW,Gesher Acquisition Corp. II Warrants,,,USA
GSRF,GSR IV Acquisition Corp. Class A ordinary share,Financial,Shell Companies,USA
GSRFR,GSR IV Acquisition Corp. Rights,,,USA
GSRFU,GSR IV Acquisition Corp. Units,,,USA
GSRVU,GSR V Acquisition Corp. Units,Financial,Shell Companies,USA
GTEN,"Gores Holdings X, Inc. Class A ordinary shares",Financial,Shell Companies,USA
GTENU,"Gores Holdings X, Inc. Units",,,USA
GTENW,"Gores Holdings X, Inc. Warrants",,,USA
GTERA,Globa Terra Acquisition Corporation Class A Ordinary Shares,Financial,Shell Companies,Mexico
GTERR,Globa Terra Acquisition Corporation Rights,,,USA
GTERW,Globa Terra Acquisition Corporation Warrants,,,USA
GUACU,Berto Acquisition Corp. II Unit,Financial,Shell Companies,USA
GUG,Guggenheim Active Allocation Fund Common Shares of Beneficial Interest,Financial,Asset Management,USA
HACQ,HCM IV Acquisition Corp. Class A Ordinary Share,Financial,Shell Companies,USA
HACQU,HCM IV Acquisition Corp. Unit,,,USA
HAVA,Harvard Ave Acquisition Corporation Class A Ordinary Share,Financial,Shell Companies,South Korea
HAVAR,Harvard Ave Acquisition Corporation Rights that convert on a 1/10th of 1 basis to Class A ordinary Shares,,,USA
HCAC,Hall Chadwick Acquisition Corp Class A Ordinary Shares,Financial,Shell Companies,Singapore
HCACR,Hall Chadwick Acquisition Corp Rights,,,USA
HCACU,Hall Chadwick Acquisition Corp. Unit,,,USA
HCIC,Hennessy Capital Investment Corp. VIII Class A Ordinary Shares,Financial,Shell Companies,USA
HCICU,Hennessy Capital Investment Corp. VIII Units,,,USA
HEQ,John Hancock Diversified Income Fund Common Shares of Beneficial Interest,Financial,Closed-End Fund - Equity,USA
HERZ,"Herzfeld Credit Income Fund, Inc. Common Stock",Financial,Asset Management,USA
HFRO,Highland Opportunities and Income Fund Common Shares of Beneficial Interest,Financial,Closed-End Fund - Debt,USA
HGLB,Highland Global Allocation Fund Common Stock,Financial,Closed-End Fund - Foreign,USA
HIO,"Western Asset High Income Opportunity Fund, Inc. Common Stock",Financial,Closed-End Fund - Debt,USA
HIX,Western Asset High Income Fund II Inc. Common Stock,Financial,Closed-End Fund - Debt,USA
HLXC,Helix Acquisition Corp. III Class A Ordinary Shares,Financial,Shell Companies,USA
HPF,John Hancock Pfd Income Fund II Pfd Income Fund II,Financial,Closed-End Fund - Debt,USA
HPI,John Hancock Preferred Income Fund Common Shares of Beneficial Interest,Financial,Closed-End Fund - Debt,USA
HPS,John Hancock Preferred Income Fund III Preferred Income Fund III,Financial,Closed-End Fund - Debt,USA
HSPT,Horizon Space Acquisition II Corp. Ordinary share,Financial,Shell Companies,USA
HSPTR,Horizon Space Acquisition II Corp. Right,,,USA
HSPTU,Horizon Space Acquisition II Corp. Units,,,USA
HTD,John Hancock Tax Advantaged Dividend Income Fund Common Shares of Beneficial Interest,Financial,Closed-End Fund - Debt,USA
HVII,Hennessy Capital Investment Corp. VII Ordinary Shares,Financial,Shell Companies,USA
HVIIR,Hennessy Capital Investment Corp. VII Rights,,,USA
HVMC,Highview Merger Corp. Class A Ordinary Share,Financial,Shell Companies,USA
HVMCU,Highview Merger Corp. Units,,,USA
HYI,Western Asset High Yield Opportunity Fund Inc. Common Stock,Financial,Closed-End Fund - Debt,USA
HYPG,Grayscale Hyperliquid Staking ETF Common Units of fractional undivided beneficial interest,Financial,Exchange Traded Fund,USA
HYT,"Blackrock Corporate High Yield Fund, Inc. Common Stock",Financial,Closed-End Fund - Debt,USA
IACO,Idea Acquisition Corp. Class A Ordinary Shares,Financial,Shell Companies,USA
IACOU,Idea Acquisition Corp. Units,,,USA
IACOW,Idea Acquisition Corp. Warrants,,,USA
IACQU,Irenic Acquisition Corp. Unit,Financial,Shell Companies,USA
IAE,Voya Asia Pacific High Dividend Equity Income Fund ING Asia Pacific High Dividend Equity Income Fund Common Shares of Beneficial Interest,Financial,Closed-End Fund - Foreign,USA
IAF,"abrdn Australia Equity Fund, Inc. Common Stock",Financial,Closed-End Fund - Equity,USA
IBAC,IB Acquisition Corp. Common Stock,Financial,Shell Companies,USA
IBACR,IB Acquisition Corp. Right,,,USA
IDACU,Iron Dome Acquisition I Corp. Units,Financial,Shell Companies,USA
IDE,"Voya Infrastructure, Industrials and Materials Fund Common Shares of Beneficial Interest",Financial,Closed-End Fund - Equity,USA
IEAG,Infinite Eagle Acquisition Corp. Class A Ordinary Shares,Financial,Shell Companies,USA
IEAGR,Infinite Eagle Acquisition Corp. Rights,,,USA
IEAGU,Infinite Eagle Acquisition Corp. Unit,,,USA
IFN,"Aberdeen India Fund, Inc. Common Stock",Financial,Closed-End Fund - Equity,USA
IGA,Voya Global Advantage and Premium Opportunity Fund Common Shares of Beneficial Interest,Financial,Closed-End Fund - Foreign,USA
IGAC,Invest Green Acquisition Corporation Class A Ordinary Shares,Financial,Shell Companies,USA
IGACU,Invest Green Acquisition Corporation Units,,,USA
IGD,Voya Global Equity Dividend and Premium Opportunity Fund,Financial,Closed-End Fund - Foreign,USA
IGI,Western Asset Investment Grade Opportunity Trust Inc. Common Stock,Financial,Closed-End Fund - Debt,USA
IGR,CBRE Global Real Estate Income Fund Common Shares of Beneficial Interest,Financial,Closed-End Fund - Foreign,USA
IHD,Voya Emerging Markets High Income Dividend Equity Fund Common Shares,Financial,Closed-End Fund - Foreign,USA
IIF,"Morgan Stanley India Investment Fund, Inc. Common Stock",Financial,Closed-End Fund - Foreign,USA
ILLU,Illumination Acquisition Corp I Class A Ordinary Shares,Financial,Shell Companies,USA
ILLUU,Illumination Acquisition Corp I Units,,,USA
IMSRW,Terrestrial Energy Inc. Warrant,,,USA
INIO,INNIO N.V. Ordinary Shares,Industrials,Specialty Industrial Machinery,Germany
IPCX,Inflection Point Acquisition Corp. III Class A Ordinary Shares,Financial,Shell Companies,USA
IPCXR,Inflection Point Acquisition Corp. III Rights,,,USA
IPEX,Inflection Point Acquisition Corp. V Class A Ordinary Shares,Financial,Shell Companies,USA
IPEXR,Inflection Point Acquisition Corp. V Rights,,,USA
IPEXU,Inflection Point Acquisition Corp. V Units,,,USA
IPFX,Inflection Point Acquisition Corp. VI Class A Ordinary Shares,Financial,Shell Companies,USA
IPFXU,Inflection Point Acquisition Corp. VI Units,,,USA
IPFXW,Inflection Point Acquisition Corp. VI Warrant,,,USA
IPVVU,"InterPrivate Investment Partners V, Inc. Units",Financial,Shell Companies,USA
IRAB,Iris Acquisition Corp II Class A Ordinary Shares,Financial,Shell Companies,United Arab Emirates
IRHO,Iron Horse Acquisitions II Corp. Common Stock,Financial,Shell Companies,USA
IRHOR,Iron Horse Acquisitions Corp. II Rights,,,USA
IRHOU,Iron Horse Acquisitions II Corp. Units,,,USA
ISD,"PGIM High Yield Bond Fund, Inc.",Financial,Closed-End Fund - Debt,USA
ITHA,ITHAX Acquisition Corp III Class A Ordinary Shares,Financial,Shell Companies,USA
ITHAU,ITHAX Acquisition Corp III Units,,,USA
JACS,Jackson Acquisition Company II Class A Ordinary Shares,Financial,Shell Companies,USA
JATT,JATT II Acquisition Corp Ordinary Shares,Financial,Shell Companies,USA
JBK,Lehman ABS 3.50 3.50% Adjustable Corp Backed Tr Certs GS Cap I,,,USA
JCE,Nuveen Core Equity Alpha Fund Common Shares of Beneficial Interest,Financial,Closed-End Fund - Equity,USA
JFR,Nuveen Floating Rate Income Fund Common Stock,Financial,Closed-End Fund - Debt,USA
JGH,Nuveen Global High Income Fund Common Shares of Beneficial Interest,Financial,Closed-End Fund - Debt,USA
JLS,Nuveen Mortgage and Income Fund,Financial,Closed-End Fund - Debt,USA
JMM,Nuveen Multi-Market Income Fund (MA),Financial,Closed-End Fund - Debt,USA
JOF,Japan Smaller Capitalization Fund Inc Common Stock,Financial,Closed-End Fund - Foreign,USA
JPC,Nuveen Preferred & Income Opportunities Fund,Financial,Closed-End Fund - Debt,USA
JQC,Nuveen Credit Strategies Income Fund Shares of Beneficial Interest,Financial,Closed-End Fund - Debt,USA
JRI,Nuveen Real Asset Income and Growth Fund Common Shares of Beneficial Interest,Financial,Closed-End Fund - Equity,USA
JRS,Nuveen Real Estate Income Fund Common Shares of Beneficial Interest,Financial,Closed-End Fund - Debt,USA
KBON,Karbon Capital Partners Corp. Class A Ordinary Shares,Financial,Shell Companies,USA
KBONU,Karbon Capital Partners Corp. Units,,,USA
KCHV,Kochav Defense Acquisition Corp. Class A Ordinary Shares,Financial,Shell Companies,USA
KCHVR,Kochav Defense Acquisition Corp. Right,,,USA
KEYYU,Keystone Acquisition Corp. Unit,Financial,Shell Companies,USA
KF,"Korea Fund, Inc. (The) New Common Stock",Financial,Closed-End Fund - Foreign,USA
KFII,K&F Growth Acquisition Corp. II Class A Ordinary shares,Financial,Shell Companies,USA
KFIIR,K&F Growth Acquisition Corp. II Rights,,,USA
KFIIU,K&F Growth Acquisition Corp. II Unit,,,USA
KIO,KKR Income Opportunities Fund Common Shares,Financial,Closed-End Fund - Debt,USA
KKRT,KKR & Co. Inc. 6.875% Subordinated Notes due 2065,,,USA
KOYN,CSLM Digital Asset Acquisition Corp III Class A Ordinary Shares,Financial,Shell Companies,USA
KOYNU,CSLM Digital Asset Acquisition Corp III Units,,,USA
KRAQ,KRAKacquisition Corp Class A Ordinary Shares,Financial,Shell Companies,USA
KRAQU,KRAKacquisition Corp Unit,,,USA
KRAQW,KRAKacquisition Corp Warrants,,,USA
KRSP,Rice Acquisition Corporation 3 Class A Ordinary Shares,Financial,Shell Companies,USA
KTH,Structures Products Cp 8% CorTS Issued by Peco Energy Cap Tr II Preferred Stock,,,USA
KTN,Structured Products Corp 8.205% CorTS 8.205% Corporate Backed Trust Securities (CorTS),,,USA
KVAC,Keen Vision Acquisition Corporation Ordinary Shares,Financial,Shell Companies,USA
KVACW,Keen Vision Acquisition Corporation Warrant,,,USA
LAFA,LaFayette Acquisition Corp. Ordinary Share,Financial,Shell Companies,France
LAFAU,LaFayette Acquisition Corp. Unit,,,USA
LATA,Galata Acquisition Corp. II Class A Ordinary Shares,Financial,Shell Companies,USA
LATAU,Galata Acquisition Corp. II Units,,,USA
LATAW,Galata Acquisition Corp. II Warrant,,,USA
LCCC,Lakeshore Acquisition III Corp. Ordinary Shares,Financial,Shell Companies,USA
LCCCR,Lakeshore Acquisition III Corp. Rights,,,USA
LCCCU,Lakeshore Acquisition III Corp. Unit,,,USA
LDP,"Cohen & Steers Limited Duration Preferred and Income Fund, Inc.",Financial,Closed-End Fund - Debt,USA
LEGT,Legato Merger Corp. III Ordinary Shares,Financial,Shell Companies,USA
LFAC,Leapfrog Acquisition Corporation Class A Ordinary Shares,Financial,Shell Companies,USA
LFACU,Leapfrog Acquisition Corporation Units,,,USA
LFACW,Leapfrog Acquisition Corporation Warrants,,,USA
LGI,Lazard Global Total Return and Income Fund Common Stock,Financial,Closed-End Fund - Foreign,USA
LILAV,Liberty Latin America Ltd Class A Common Stock Ex-Distribution When Issued,Communication Services,Telecom Services,USA
LILKV,Liberty Latin America Ltd Class C Common Stock Ex-Distribution When Issued,Communication Services,Telecom Services,USA
LIMNW,"Liminatus Pharma, Inc. Warrants",,,USA
LKSP,Lake Superior Acquisition Corp. Class A Ordinary Shares,Financial,Shell Companies,USA
LKSPR,Lake Superior Acquisition Corp. Rights,,,USA
LKSPU,Lake Superior Acquisition Corp. Units,,,USA
LOKV,Live Oak Acquisition Corp. V Class A Ordinary Shares,Financial,Shell Companies,USA
LOKVU,Live Oak Acquisition Corp. V Units,,,USA
LOKVW,Live Oak Acquisition Corp. V Warrants,,,USA
LPAA,Launch One Acquisition Corp. Class A Ordinary shares,Financial,Shell Companies,USA
LPAAW,Launch One Acquisition Corp. Warrant,,,USA
LPBB,Launch Two Acquisition Corp. Class A Ordinary Shares,Financial,Shell Companies,USA
LPBBW,Launch Two Acquisition Corp. Warrant,,,USA
LPCV,Launchpad Cadenza Acquisition Corp I Class A Ordinary Share,Financial,Shell Companies,USA
LTGRU,Long Table Growth Corp. Units,Financial,Shell Companies,USA
LWAC,LightWave Acquisition Corp. Class A Ordinary Shares,Financial,Shell Companies,USA
LWACU,LightWave Acquisition Corp. Units,,,USA
LWACW,LightWave Acquisition Corp. Warrants,,,USA
MACI,Melar Acquisition Corp. I Class A Ordinary Shares,Financial,Shell Companies,USA
MACIU,Melar Acquisition Corp. I Unit,,,USA
MACIW,Melar Acquisition Corp. I Warrant,,,USA
MBAV,M3-Brigade Acquisition V Corp. Class A Ordinary shares,Financial,Shell Companies,USA
MBAVW,M3-Brigade Acquisition V Corp. Warrant,,,USA
MBVI,M3-Brigade Acquisition VI Corp. Class A Ordinary Shares,Financial,Shell Companies,USA
MBVIU,M3-Brigade Acquisition VI Corp. Units,,,USA
MBVIW,M3-Brigade Acquisition VI Corp. Warrant,,,USA
MCAHU,Mountain Crest Acquisition 6 Corp. Units,Financial,Shell Companies,USA
MCGA,Yorkville Acquisition Corp. Class A Ordinary Share,Financial,Shell Companies,USA
MCGAU,Yorkville Acquisition Corp. Unit,,,USA
MCGAW,Yorkville Acquisition Corp. Warrant,,,USA
MCN,XAI Madison Equity Premium Income Fund Common Shares,Financial,Closed-End Fund - Equity,USA
MEGI,NYLI CBRE Global Infrastructure Megatrends Term Fund Common Shares,Financial,Closed-End Fund - Equity,USA
MESH,Meshflow Acquisition Corp. Class A Ordinary Shares,Financial,Shell Companies,USA
MESHU,Meshflow Acquisition Corp. Units,,,USA
MESHW,Meshflow Acquisition Corp. Warrants,,,USA
METCI,"Ramaco Resources, Inc. 8.250% Senior Notes due 2030",,,USA
METCZ,"Ramaco Resources, Inc. 8.375% Senior Notes due 2029",,,USA
MEVO,M Evo Global Acquisition Corp II Class A Ordinary Shares,Financial,Shell Companies,USA
MEVOU,M Evo Global Acquisition Corp II Units,,,USA
MEVOW,M Evo Global Acquisition Corp II Warrants,,,USA
MHF,"Western Asset Municipal High Income Fund, Inc. Common Stock",Financial,Closed-End Fund - Debt,USA
MKLY,McKinley Acquisition Corporation Class A Ordinary Shares,Financial,Shell Companies,USA
MKLYR,McKinley Acquisition Corporation Rights,,,USA
MLAA,Mountain Lake Acquisition Corp. II Class A Ordinary Shares,Financial,Shell Companies,USA
MLAAW,Mountain Lake Acquisition Corp. II Warrants,,,USA
MLAC,Mountain Lake Acquisition Corp. Class A Ordinary Shares,Financial,Shell Companies,USA
MLACR,Mountain Lake Acquisition Corp. Right,,,USA
MLACU,Mountain Lake Acquisition Corp. Units,,,USA
MLCIL,Mount Logan Capital Inc. 8.00% Notes Due 2031,,,USA
MMD,NYLI MacKay DefinedTerm Muni Opportunities Fund Common Shares,Financial,Closed-End Fund - Debt,USA
MMTX,Miluna Acquisition Corp Class A Ordinary Share,Financial,Shell Companies,Taiwan
MMTXW,Miluna Acquisition Corp Warrant,,,USA
MMU,"Western Asset Managed Municipals Fund, Inc. Common Stock",Financial,Closed-End Fund - Debt,USA
MPA,Blackrock MuniYield Pennsylvania Quality Fund Common Stock,Financial,Closed-End Fund - Debt,USA
MSD,"Morgan Stanley Emerging Markets Debt Fund, Inc. Common Stock",Financial,Closed-End Fund - Debt,USA
MSDL,Morgan Stanley Direct Lending Fund Common Stock,Financial,Asset Management,USA
MUZE,Muzero Acquisition Corp Class A Ordinary Shares,Financial,Shell Companies,USA
MUZEU,Muzero Acquisition Corp Unit,,,USA
MUZEW,Muzero Acquisition Corp Warrant,,,USA
MXE,"Mexico Equity and Income Fund, Inc. (The) Common Stock",Financial,Closed-End Fund - Foreign,USA
MXF,"Mexico Fund, Inc. (The) Common Stock",Financial,Closed-End Fund - Foreign,USA
MYN,"Blackrock MuniYield New York Quality Fund, Inc.Common Stock",Financial,Closed-End Fund - Debt,USA
MYX,Maywood Acquisition Corp. 2 Class A Ordinary Share,Financial,Shell Companies,USA
MYXXU,Maywood Acquisition Corp. 2 Units,,,USA
MZYX,MOZAYYX Acquisition Corp. Class A Ordinary Shares,Financial,Shell Companies,USA
NAC,Nuveen California Quality Municipal Income Fund,Financial,Closed-End Fund - Debt,USA
NAD,Nuveen Quality Municipal Income Fund Common Stock,Financial,Closed-End Fund - Debt,USA
NAZ,Nuveen Arizona Quality Municipal Income Fund Common Stock,Financial,Closed-End Fund - Debt,USA
NBB,Nuveen Taxable Municipal Income Fund Common Shares of Beneficial Interest,Financial,Closed-End Fund - Debt,USA
NBH,Neuberger Municipal Fund Inc. Common Stock,Financial,Closed-End Fund - Debt,USA
NBRG,Newbridge Acquisition Limited Class A Ordinary Share,Financial,Shell Companies,Hong Kong
NBXG,Neuberger Next Generation Connectivity Fund Inc. Common Stock,Financial,Closed-End Fund - Equity,USA
NCA,Nuveen California Municipal Value Fund,Financial,Closed-End Fund - Debt,USA
NEA,Nuveen AMT-Free Quality Municipal Income Fund Common Shares of Beneficial Interest Par Value $.01,Financial,Closed-End Fund - Debt,USA
NEWTH,"NewtekOne, Inc. 8.625% Fixed Rate Senior Notes due 2029",,,USA
NEWTO,"NewtekOne, Inc. 8.50% Fixed Rate Senior Notes due 2031",,,USA
NEXM,NexMetals Mining Corp. Common Shares,Basic Materials,Other Industrial Metals & Mining,Canada
NFJ,"Virtus Dividend, Interest & Premium Strategy Fund Common Shares of Beneficial Interest",Financial,Closed-End Fund - Equity,USA
NHIC,NewHold Investment Corp III Class A Ordinary Shares,Financial,Shell Companies,USA
NHICU,NewHold Investment Corp III Units,,,USA
NHICW,NewHold Investment Corp III Warrants,,,USA
NHIVU,NewHold Investment Corp IV Units,Financial,Shell Companies,USA
NHS,Neuberger High Yield Strategies Fund Inc. Common Stock,Financial,Closed-End Fund - Debt,USA
NIM,Nuveen Select Maturities Municipal Fund Common Stock,Financial,Closed-End Fund - Debt,USA
NKX,Nuveen California AMT-Free Quality Municipal Income Fund,Financial,Closed-End Fund - Debt,USA
NMAI,Nuveen Multi-Asset Income Fund Common Shares of Beneficial Interest,Financial,Asset Management,USA
NMI,"Nuveen Municipal Income Fund, Inc. Common Stock",Financial,Closed-End Fund - Debt,USA
NML,Neuberger Energy Infrastructure and Income Fund Inc. Common Stock,Financial,Closed-End Fund - Equity,USA
NMP,NMP Acquisition Corp. Class A Ordinary Shares,Financial,Shell Companies,USA
NMPAR,NMP Acquisition Corp. Right,,,USA
NMPAU,NMP Acquisition Corp. Units,,,USA
NMS,Nuveen Minnesota Quality Municipal Income Fund ,Financial,Closed-End Fund - Debt,USA
NMT,Nuveen Massachusetts Quality Municipal Income Fund Common Stock,Financial,Closed-End Fund - Debt,USA
NMZ,"Nuveen Municipal High Income Opportunity Fund Common Stock, $0.01 par value, per share",Financial,Closed-End Fund - Debt,USA
NNY,Nuveen New York Municipal Value Fund Common Stock,Financial,Closed-End Fund - Debt,USA
NOEM,CO2 Energy Transition Corp. Common Stock,Financial,Shell Companies,USA
NOEMR,CO2 Energy Transition Corp. Right,,,USA
NOEMU,CO2 Energy Transition Corp. Unit,,,USA
NOEMW,CO2 Energy Transition Corp. Warrant,,,USA
NPAC,New Providence Acquisition Corp. III Class A Ordinary Shares,Financial,Shell Companies,USA
NPACU,New Providence Acquisition Corp. III Units,,,USA
NPACW,New Providence Acquisition Corp. III Warrants,,,USA
NPCT,Nuveen Core Plus Impact Fund Common Shares of Beneficial Interest,Financial,Closed-End Fund - Debt,USA
NPFD,Nuveen Variable Rate Preferred & Income Fund Common Shares,Financial,Closed-End Fund - Equity,USA
NPV,Nuveen Virginia Quality Municipal Income Fund Common Stock,Financial,Closed-End Fund - Debt,USA
NRK,Nuveen New York AMT-Free Quality Municipal Income Fund ,Financial,Closed-End Fund - Debt,USA
NRO,Neuberger Real Estate Securities Income Fund Inc. Common Stock,Financial,Closed-End Fund - Equity,USA
NRUC,National Rural Utilities Cooperative Finance Corporation 5.500% Subordinated Notes due 2064 (Subordinated Deferrable Interest Notes),,,USA
NTWO,Newbury Street II Acquisition Corp Class A Ordinary Shares,Financial,Shell Companies,USA
NTWOU,Newbury Street II Acquisition Corp Unit,,,USA
NUV,"Nuveen Municipal Value Fund, Inc. Common Stock",Financial,Closed-End Fund - Debt,USA
NUW,Nuveen AMT-Free Municipal Value Fund,Financial,Closed-End Fund - Debt,USA
NVG,Nuveen AMT-Free Municipal Credit Income Fund ,Financial,Closed-End Fund - Debt,USA
NWAX,New America Acquisition I Corp. Class A Common Stock,Financial,Shell Companies,USA
NZF,Nuveen Municipal Credit Income Fund ,Financial,Closed-End Fund - Debt,USA
OACC,Oaktree Acquisition Corp. III Life Sciences Class A Ordinary Share,Financial,Shell Companies,USA
OACCU,Oaktree Acquisition Corp. III Life Sciences Unit,,,USA
OBA,Oxley Bridge Acquisition Limited Class A Ordinary Shares,Financial,Shell Companies,Canada
OBAWW,Oxley Bridge Acquisition Limited Warrants,,,USA
OCCIM,"OFS Credit Company, Inc. 7.875% Series F Term Preferred Stock",,,USA
OFSSO,OFS Capital Corporation 7.50% Notes due 2028,,,USA
OHACU,Oceanhawk Acquisition Corp. Units,,,USA
OIM,OneIM Acquisition Corp. Class A Ordinary Shares,Financial,Shell Companies,USA
OIMAW,OneIM Acquisition Corp. Warrant,,,USA
ONCH,1RT Acquisition Corp. Class A Ordinary Share,Financial,Shell Companies,USA
ONCHU,1RT Acquisition Corp. Units,,,USA
ONCHW,1RT Acquisition Corp. Warrant,,,USA
OPP,"RiverNorth/DoubleLine Strategic Opportunity Fund, Inc. Common Stock",Financial,Closed-End Fund - Debt,USA
ORIQ,Origin Investment Corp I Ordinary Shares,Financial,Shell Companies,Singapore
ORIQW,Origin Investment Corp I Warrant.,,,USA
OTGA,OTG Acquisition Corp. I Class A Ordinary Share ,Financial,Shell Companies,USA
OTGAU,OTG Acquisition Corp. I Unit,,,USA
OTGAW,OTG Acquisition Corp. I Warrants,,,USA
OXLCG,Oxford Lane Capital Corp. 7.95% Notes due 2032,,,USA
OXLCI,Oxford Lane Capital Corp. 8.75% Notes due 2030,,,USA
OXSQH,Oxford Square Capital Corp. 7.75% Notes due 2030,,,USA
OYSE,Oyster Enterprises II Acquisition Corp Class A Ordinary Shares,Financial,Shell Companies,USA
OYSER,Oyster Enterprises II Acquisition Corp Rights,,,USA
OYSEU,Oyster Enterprises II Acquisition Corp Units,,,USA
PAACU,Proem Acquisition Corp I Units,,,USA
PAACW,Proem Acquisition Corp I Warrants,,,USA
PACH,Pioneer Acquisition I Corp Class A Ordinary Shares,Financial,Shell Companies,USA
PACHU,Pioneer Acquisition I Corp Units,,,USA
PACHW,Pioneer Acquisition I Corp Warrants,,,USA
PAI,Western Asset Investment Grade Income Fund Inc.,Financial,Closed-End Fund - Debt,USA
PAII,Pyrophyte Acquisition Corp. II Class A Ordinary Shares,Financial,Shell Companies,USA
PALO,Paloma Acquisition Corp I Class A Ordinary Shares,Financial,Shell Companies,USA
PALOU,Paloma Acquisition Corp I Units,,,USA
PALOW,Paloma Acquisition Corp I Warrants,,,USA
PAXS,PIMCO Access Income Fund Common Shares of Beneficial Interest,Financial,Closed-End Fund - Debt,USA
PCAP,ProCap Acquisition Corp Class A Ordinary Shares,Financial,Shell Companies,USA
PCAPU,ProCap Acquisition Corp Unit,,,USA
PCAPW,ProCap Acquisition Corp Warrant,,,USA
PCF,High Income Securities Fund Common Stock,Financial,Closed-End Fund - Debt,USA
PCM,"PCM Fund, Inc. Common Stock",Financial,Closed-End Fund - Debt,USA
PCN,Pimco Corporate & Income Strategy Fund Common Stock,Financial,Closed-End Fund - Debt,USA
PCQ,PIMCO California Municipal Income Fund Common Stock,Financial,Closed-End Fund - Debt,USA
PCSC,Perceptive Capital Solutions Corp Class A Ordinary Shares,Financial,Shell Companies,USA
PDCC,Pearl Diver Credit Company Inc. Common Stock,Financial,Asset Management,USA
PDPA,Pearl Diver Credit Company Inc. 8.00% Series A Preferred Stock Due 2029,,,USA
PDT,John Hancock Premium Dividend Fund,Financial,Closed-End Fund - Debt,USA
PECE,Peace Acquisition Corp Ordinary Shares,Financial,Shell Companies,USA
PECER,Peace Acquisition Corp Right,,,USA
PECEU,Peace Acquisition Corp Units,,,USA
PECEW,Peace Acquisition Corp Warrant,,,USA
PEO,"Adams Natural Resources Fund, Inc. Common Stock",Financial,Closed-End Fund - Equity,USA
PFD,Flaherty & Crumrine Preferred and Income Fund Incorporated,Financial,Closed-End Fund - Debt,USA
PFL,PIMCO Income Strategy Fund Shares of Beneficial Interest,Financial,Closed-End Fund - Debt,USA
PFLA,PennantPark Floating Rate Capital Ltd. 7.375% Notes Due 2031,,,USA
PFN,PIMCO Income Strategy Fund II,Financial,Closed-End Fund - Debt,USA
PFO,Flaherty & Crumrine Preferred and Income Opportunity Fund Incorporated,Financial,Closed-End Fund - Debt,USA
PGAC,Pantages Capital Acquisition Corporation Class A Ordinary Shares,Financial,Shell Companies,USA
PGACU,Pantages Capital Acquisition Corporation Unit,,,USA
PGP,Pimco Global StocksPlus & Income Fund Common Shares of Beneficial Interest,Financial,Closed-End Fund - Foreign,USA
PGZ,Principal Real Estate Income Fund Common Shares of Beneficial Interest,Financial,Closed-End Fund - Debt,USA
PHK,Pimco High Income Fund,Financial,Closed-End Fund - Debt,USA
PLMK,Plum Acquisition Corp. IV Class A Ordinary Shares,Financial,Shell Companies,USA
PLMKU,Plum Acquisition Corp. IV Unit,,,USA
PLMKW,Plum Acquisition Corp. IV Warrants,,,USA
PLSM,Pulsenmore Ltd. Ordinary Shares,Healthcare,Medical Devices,Israel
PML,Pimco Municipal Income Fund II Common Shares of Beneficial Interest,Financial,Closed-End Fund - Debt,USA
PMTR,Perimeter Acquisition Corp. I Class A Ordinary Shares,Financial,Shell Companies,USA
PMTRU,Perimeter Acquisition Corp. I Unit,,,USA
PMTRW,Perimeter Acquisition Corp. I Warrant,,,USA
PMTV,PennyMac Mortgage Investment Trust 9.00% Senior Notes due 2030,,,USA
PMTW,PennyMac Mortgage Investment Trust 9.00% Senior Notes due 2030,,,USA
PNI,Pimco New York Municipal Income Fund II Common Shares of Beneficial Interest,Financial,Closed-End Fund - Debt,USA
POLE,Andretti Acquisition Corp. II Class A Ordinary Shares,Financial,Shell Companies,USA
POLEU,Andretti Acquisition Corp. II Unit,,,USA
POLEW,Andretti Acquisition Corp. II Warrant,,,USA
PONO,"Pono Capital Four, Inc. Class A Ordinary Shares",Financial,Shell Companies,Cayman Islands
PONOR,"Pono Capital Four, Inc. Rights",,,USA
PONOU,"Pono Capital Four, Inc. Units",,,USA
PSBD,Palmer Square Capital BDC Inc. Common Stock,Financial,Asset Management,USA
PTACU,Patriot Acquisition Corp. Units,Financial,Shell Companies,USA
PTOR,Praetorian Acquisition Corp. Class A Ordinary Shares,Financial,Shell Companies,USA
PTORU,Praetorian Acquisition Corp. Units,,,USA
PTORW,Praetorian Acquisition Corp. Warrant,,,USA
PTY,Pimco Corporate & Income Opportunity Fund,Financial,Closed-End Fund - Debt,USA
PWRL,Powerlaw Corp. Common Stock,Financial,Closed-End Fund - Equity,USA
PYT,PPlus Tr GSC-2 Tr Ctf Fltg Rate,,,USA
QADR,QDRO Acquisition Corp. Class A Ordinary Shares,Financial,Shell Companies,USA
QADRU,QDRO Acquisition Corp. Units,,,USA
QADRW,QDRO Acquisition Corp. Warrant,,,USA
QETA,Quetta Acquisition Corporation Common Stock,Financial,Shell Companies,USA
QETAR,Quetta Acquisition Corporation Right,,,USA
QETAU,Quetta Acquisition Corporation Unit,,,USA
QH,Quhuo Limited American Depository Shares,Technology,Software - Application,China
QNT,Quantinuum Inc. Class A Common Stock,Technology,Software - Application,USA
QQQX,Nuveen NASDAQ 100 Dynamic Overwrite Fund Shares of Beneficial Interest,Financial,Closed-End Fund - Equity,USA
QRED,QuasarEdge Acquisition Corporation Ordinary Shares,Financial,Shell Companies,USA
QSEA,Quartzsea Acquisition Corporation Ordinary Shares,Financial,Shell Companies,USA
QSEAR,Quartzsea Acquisition Corporation Rights,,,USA
QSEAU,Quartzsea Acquisition Corporation Units,,,USA
QUMS,Quantumsphere Acquisition Corp. Ordinary Shares,Financial,Shell Companies,USA
QUMSR,Quantumsphere Acquisition Corp. Rights,,,USA
QUMSU,Quantumsphere Acquisition Corp. Units,,,USA
RA,Brookfield Real Assets Income Fund Inc. Common Stock,Financial,Closed-End Fund - Debt,USA
RAAQ,Real Asset Acquisition Corp. Class A Ordinary Share,Financial,Shell Companies,USA
RAAQU,Real Asset Acquisition Corp. Unit,,,USA
RAAQW,Real Asset Acquisition Corp. Warrants,,,USA
RAC,Rithm Acquisition Corp. Class A Ordinary Shares,Financial,Shell Companies,USA
RACC,Research Alliance Corporation III Class A Ordinary Shares,Financial,Shell Companies,USA
RANG,Range Capital Acquisition Corp. Ordinary Shares,Financial,Shell Companies,USA
RANGR,Range Capital Acquisition Corp. Rights,,,USA
RCD,Ready Capital Corporation 9.00% Senior Notes due 2029,,,USA
RCG,"RENN Fund, Inc Common Stock",Financial,Closed-End Fund - Equity,USA
RCS,"PIMCO Strategic Income Fund, Inc.",Financial,Closed-End Fund - Debt,USA
RDAC,Rising Dragon Acquisition Corp. Ordinary Shares,Financial,Shell Companies,China
RDACR,Rising Dragon Acquisition Corp. Rights,,,USA
RDACU,Rising Dragon Acquisition Corp. Unit,,,USA
RDAG,Republic Digital Acquisition Company Class A Ordinary Shares,Financial,Shell Companies,USA
REED,"Reed's, Inc. Common Stock",Consumer Defensive,Beverages - Non-Alcoholic,USA
RFAI,RF Acquisition Corp II Ordinary Shares,Financial,Shell Companies,Singapore
RFAIR,RF Acquisition Corp II Right,,,USA
RFAIU,RF Acquisition Corp II Unit,,,USA
RFAM,RF Acquisition Corp III Ordinary Shares,Financial,Shell Companies,Singapore
RFAMR,RF Acquisition Corp III Rights,,,USA
RFAMU,RF Acquisition Corp III Units,,,USA
RIBB,Ribbon Acquisition Corp Class A Ordinary Shares,Financial,Shell Companies,Japan
RIBBR,Ribbon Acquisition Corp Rights,,,USA
RIV,"RiverNorth Opportunities Fund, Inc. Common Stock",Financial,Closed-End Fund - Equity,USA
RLTY,Cohen & Steers Real Estate Opportunities and Income Fund Common Shares of Beneficial Interest,Financial,Closed-End Fund - Debt,USA
RNGT,Range Capital Acquisition Corp II Class A Ordinary Shares,Financial,Shell Companies,USA
RREV,RRE Ventures Acquisition Corp. Class A Ordinary Shares,Financial,Shell Companies,USA
RREVU,RRE Ventures Acquisition Corp. Units,,,USA
RREVW,RRE Ventures Acquisition Corp. Warrants,,,USA
RTAC,Renatus Tactical Acquisition Corp I Class A Ordinary Shares,Financial,Shell Companies,USA
RTACU,Renatus Tactical Acquisition Corp I Unit,,,USA
RTACW,Renatus Tactical Acquisition Corp I Warrant,,,USA
RVI,Robinhood Ventures Fund I Common Shares of Beneficial Interest,Financial,Asset Management,USA
RWAYI,Runway Growth Finance Corp. 7.25% Notes due 2031,,,USA
RWTP,"Redwood Trust, Inc. 9.125% Senior Notes Due 2030",,,USA
RWTQ,"Redwood Trust, Inc. 9.500% Senior Notes Due 2030",,,USA
RWTS,"Redwood Trust, Inc. 9.75% Senior Notes Due 2031",,,USA
SAAQ,Space Asset Acquisition Corp. Class A Ordinary Shares,Financial,Shell Companies,USA
SAAQU,Space Asset Acquisition Corp. Units,,,USA
SAAQW,Space Asset Acquisition Corp. Warrants,,,USA
SABA,Saba Capital Income & Opportunities Fund II Shares of Beneficial Interest,Financial,Asset Management,USA
SAC,Safeguard Acquisition Corp. Class A Ordinary Shares,Financial,Shell Companies,USA
SAGU,Shreya Acquisition Group Class A Ordinary Shares,Financial,Shell Companies,USA
SAV,Saratoga Investment Corp 7.50% Notes due 2031,,,USA
SBI,Western Asset Intermediate Muni Fund Inc Common Stock,Financial,Closed-End Fund - Debt,USA
SBXD,SilverBox Corp IV Class A Ordinary Shares,Financial,Shell Companies,USA
SBXE,SilverBox Corp V Class A Ordinary Shares,Financial,Shell Companies,USA
SCD,LMP Capital and Income Fund Inc. Common Stock,Financial,Closed-End Fund - Equity,USA
SCII,SC II Acquisition Corp. Class A ordinary share,Financial,Shell Companies,USA
SCPQW,Social Commerce Partners Corporation Warrant,,,USA
SDHI,Siddhi Acquisition Corp Class A Common stock,Financial,Shell Companies,USA
SDHIR,Siddhi Acquisition Corp Right,,,USA
SDHIU,Siddhi Acquisition Corp Unit,,,USA
SIMA,SIM Acquisition Corp. I Class A Ordinary Shares,Financial,Shell Companies,USA
SIMAU,SIM Acquisition Corp. I Unit,,,USA
SIMAW,SIM Acquisition Corp. I Warrant,,,USA
SOCA,Solarius Capital Acquisition Corp. Class A Ordinary Share,Financial,Shell Companies,USA
SOCAW,Solarius Capital Acquisition Corp. Warrant,,,USA
SOJF,"Southern Company (The) Series 2025A 6.50% Junior Subordinated Notes due March 15, 2085",,,USA
SORN,Soren Acquisition Corp. Class A Ordinary Shares,Financial,Shell Companies,USA
SORNU,Soren Acquisition Corp. Unit,,,USA
SORNW,Soren Acquisition Corp. Warrant,,,USA
SOUL,Soulpower Acquisition Corporation Class A Ordinary Shares,Financial,Shell Companies,USA
SPE,"Special Opportunities Fund, Inc Common Stock",Financial,Closed-End Fund - Equity,USA
SPEG,Silver Pegasus Acquisition Corp Class A Ordinary Shares,Financial,Shell Companies,USA
SPEGR,Silver Pegasus Acquisition Corp Rights.,,,USA
SPEGU,Silver Pegasus Acquisition Corp Unit,,,USA
SPKL,Spark I Acquisition Corp. Class A Ordinary Share,Financial,Shell Companies,USA
SPKLU,Spark I Acquisition Corp. Unit,,,USA
SPKLW,Spark I Acquisition Corp. Warrant,,,USA
SPMA,"Sound Point Meridian Capital, Inc. 8.00% Series A Preferred Shares Due 2029",,,USA
SPMC,"Sound Point Meridian Capital, Inc. Common Stock",Financial,Asset Management,USA
SPME,"Sound Point Meridian Capital, Inc. 7.875% Series B Preferred Shares due 2030",,,USA
SPXX,Nuveen S&P 500 Dynamic Overwrite Fund,Financial,Closed-End Fund - Equity,USA
SRJN,Spire Inc. 6.375% Junior Subordinated Notes due 2086,,,USA
SRV,NXG Cushing Midstream Energy Fund Common Shares of Beneficial Interest,Financial,Closed-End Fund - Equity,USA
SSAC,SPACSphere Acquisition Corp. Class A Ordinary Shares,Financial,Shell Companies,USA
SSACR,SPACSphere Acquisition Corp. Rights,,,USA
SSACU,SPACSphere Acquisition Corp. Unit,,,USA
SSACW,SPACSphere Acquisition Corp. Warrant,,,USA
SSEA,Starry Sea Acquisition Corp	Ordinary Shares,Financial,Shell Companies,USA
SSEAR,Starry Sea Acquisition Corp Rights,,,USA
SSMR,Sunshine Silver Mining & Refining Company,Basic Materials,Other Industrial Metals & Mining,USA
STEW,"SRH Total Return Fund, Inc. Common Stock",Financial,Closed-End Fund - Equity,USA
STK,Columbia Seligman Premium Technology Growth Fund Inc,Financial,Closed-End Fund - Equity,USA
SUMA,SUMA Acquisition Corporation Class A Ordinary Shares,Financial,Shell Companies,Canada
SUMAU,SUMA Acquisition Corporation Units,,,USA
SVAC,Spring Valley Acquisition Corp. III Class A Ordinary Shares,Financial,Shell Companies,USA
SVACU,Spring Valley Acquisition Corp. III Unit,,,USA
SVACW,Spring Valley Acquisition Corp. III Warrant,,,USA
SVAQ,Silicon Valley Acquisition Corp. Class A Ordinary Shares,Financial,Shell Companies,USA
SVAQW,Silicon Valley Acquisition Corp. Warrants,,,USA
SVCC,Stellar V Capital Corp. Class A Ordinary Shares,Financial,Shell Companies,USA
SVCCU,Stellar V Capital Corp. Unit,,,USA
SVCCW,Stellar V Capital Corp. Warrant,,,USA
SVIV,Spring Valley Acquisition Corp. IV Class A Ordinary Shares,Financial,Shell Companies,USA
SVIVU,Spring Valley Acquisition Corp. IV Units,,,USA
SVIVW,Spring Valley Acquisition Corp. IV Warrants,,,USA
SWZ,Total Return Securities Fund Common Stock,Financial,Closed-End Fund - Foreign,USA
SZZL,Sizzle Acquisition Corp. II Class A ordinary shares,Financial,Shell Companies,USA
SZZLR,Sizzle Acquisition Corp. II Right,,,USA
TACH,Titan Acquisition Corp. Class A Ordinary Shares,Financial,Shell Companies,USA
TACHU,Titan Acquisition Corp. Units,,,USA
TACHW,Titan Acquisition Corp. Warrants,,,USA
TACOU,Berto Acquisition Corp. Unit,,,USA
TACOW,Berto Acquisition Corp. Warrant,,,USA
TAVI,Tavia Acquisition Corp. Ordinary Shares,Financial,Shell Companies,USA
TAVIR,Tavia Acquisition Corp. Right,,,USA
TAVIU,Tavia Acquisition Corp. Unit,,,USA
TCPA,TransCanada PipeLines Limited 6.250% Junior Subordinated Notes due 2085,,,USA
TDAC,Translational Development Acquisition Corp. Ordinary Shares,Financial,Shell Companies,USA
TDACU,Translational Development Acquisition Corp. Units,,,USA
TDACW,Translational Development Acquisition Corp. Warrants,,,USA
TDF,"Templeton Dragon Fund, Inc. Common Stock",Financial,Closed-End Fund - Foreign,USA
TDWD,Tailwind 2.0 Acquisition Corp. Class A Ordinary Shares,Financial,Shell Companies,USA
TDWDR,Tailwind 2.0 Acquisition Corp. Rights,,,USA
TDWDU,Tailwind 2.0 Acquisition Corp. Unit,,,USA
TEI,"Templeton Emerging Markets Income Fund, Inc. Common Stock",Financial,Closed-End Fund - Debt,USA
THQ,abrdn Healthcare Opportunities Fund Shares of Beneficial Interest,Financial,Closed-End Fund - Equity,USA
THW,abrdn World Healthcare Fund Shares of Beneficial Interest,Financial,Closed-End Fund - Equity,USA
TLNC,Talon Capital Corp. Class A Ordinary Shares,Financial,Shell Companies,USA
TLNCU,Talon Capital Corp. Units,,,USA
TLNCW,Talon Capital Corp. Warrants,,,USA
TMTS,Spartacus Acquisition Corp. II Class A Ordinary Shares,Financial,Shell Companies,USA
TMTSU,Spartacus Acquisition Corp. II Unit,,,USA
TMTSW,Spartacus Acquisition Corp. II Warrants,,,USA
TMUSI,"T-Mobile US, Inc. 5.500% Senior Notes due June 2070",,,USA
TMUSL,"T-Mobile US, Inc. 6.250% Senior Notes due 2069",,,USA
TMUSZ,"T-Mobile US, Inc. 5.500% Senior Notes due March 2070",,,USA
TRAD,APEX Tech Acquisition Inc. Ordinary Shares,Financial,Shell Companies,USA
TRGS,TRG Latin America Acquisitions Corp. Class A Ordinary Shares,Financial,Shell Companies,USA
TRGSR,TRG Latin America Acquisitions Corp. Rights,,,USA
TRGSU,TRG Latin America Acquisitions Corp. Units,,,USA
TSI,"TCW Strategic Income Fund, Inc. Common Stock",Financial,Closed-End Fund - Debt,USA
TVA,Texas Ventures Acquisition III Corp Class A Ordinary Share,Financial,Shell Companies,USA
TVACW,Texas Ventures Acquisition III Corp Warrants,,,USA
TVAI,Thayer Ventures Acquisition Corporation II Class A Ordinary Shares,Financial,Shell Companies,USA
TVAIR,Thayer Ventures Acquisition Corporation II Rights,,,USA
TVAIU,Thayer Ventures Acquisition Corporation II Unit,,,USA
TVC,Tennessee Valley Authority Common Stock,,,USA
TVE,Tennessee Valley Authority,,,USA
TWLV,Twelve Seas Investment Company III Class A Ordinary Shares,Financial,Shell Companies,USA
TWLVR,Twelve Seas Investment Company III Rights,,,USA
TWN,"Taiwan Fund, Inc. (The) Common Stock",Financial,Closed-End Fund - Foreign,USA
TWOD,Two Harbors Investments Corp 9.375% Senior Notes due 2030,,,USA
UAC,United Acquisition Corp. I Class A Ordinary Shares,Financial,Shell Companies,USA
USA,Liberty All-Star Equity Fund Common Stock,Financial,Closed-End Fund - Equity,USA
UTF,"Cohen & Steers Infrastructure Fund, Inc Common Stock",Financial,Closed-End Fund - Equity,USA
UTG,Reaves Utility Income Fund Common Shares of Beneficial Interest,Financial,Closed-End Fund - Equity,USA
UYSC,UY Scuti Acquisition Corp. Ordinary Shares,Financial,Shell Companies,USA
UYSCU,UY Scuti Acquisition Corp. Units,,,USA
VACH,Voyager Acquisition Corp Class A Ordinary Shares,Financial,Shell Companies,USA
VACHU,Voyager Acquisition Corp Unit,,,USA
VACHW,Voyager Acquisition Corp Warrants,,,USA
VACI,Viking Acquisition Corp. I Class A Ordinary Shares,Financial,Shell Companies,USA
VBF,Invesco Bond Fund Common Stock,Financial,Closed-End Fund - Debt,USA
VBNB,VanEck BNB ETF Common Shares of Beneficial Interest,Financial,Exchange Traded Fund,USA
VCX,"Fundrise Innovation Fund, LLC Common Shares of Limited Liability Company Interests",Financial,Closed-End Fund - Equity,USA
VECA,Vernal Capital Acquisition Corp. Ordinary Shares,Financial,Shell Companies,Singapore
VFL,abrdn National Municipal Income Fund Common Stock,Financial,Closed-End Fund - Debt,USA
VGI,Virtus Global Multi-Sector Income Fund Common Shares of Beneficial Interest,Financial,Closed-End Fund - Debt,USA
VHCP,Vine Hill Capital Investment Corp. II Class A Ordinary Shares,Financial,Shell Companies,USA
VHCPU,Vine Hill Capital Investment Corp. II Units,,,USA
VHCPW,Vine Hill Capital Investment Corp. II Warrants,,,USA
VLT,Invesco High Income Trust II,Financial,Closed-End Fund - Debt,USA
VNME,Vendome Acquisition Corporation I Class A Ordinary Shares,Financial,Shell Companies,USA
VNMEU,Vendome Acquisition Corporation I Unit,,,USA
VNMEW,Vendome Acquisition Corporation I Warrant,,,USA
VSECU,VSE Corporation Tangible Equity Units,,,USA
VVR,Invesco Senior Income Trust Common Stock (DE),Financial,Closed-End Fund - Debt,USA
WDI,Western Asset Diversified Income Fund Common Shares of Beneficial Interest,Financial,Asset Management,USA
WEA,Western Asset Bond Fund Share of Beneficial Interest,Financial,Closed-End Fund - Debt,USA
WENC,West Enclave Merger Corp. Ordinary Shares,Financial,Shell Companies,Mexico
WENN,Wen Acquisition Corp Class A Ordinary Shares,Financial,Shell Companies,USA
WENNU,Wen Acquisition Corp Unit,,,USA
WENNW,Wen Acquisition Corp Warrant,,,USA
WIA,Western Asset Inflation-Linked Income Fund,Financial,Closed-End Fund - Debt,USA
WIW,Western Asset Inflation-Linked Opportunities & Income Fund,Financial,Closed-End Fund - Debt,USA
WLII,Willow Lane Acquisition Corp. II Class A Ordinary Shares,Financial,Shell Companies,USA
WLIIU,Willow Lane Acquisition Corp. II Unit,,,USA
WLIIW,Willow Lane Acquisition Corp. II Warrants,,,USA
WPAC,White Pearl Acquisition Corp. Class A Ordinary Shares,Financial,Shell Companies,USA
WSBK,"Winchester Bancorp, Inc. Common Stock",Financial,Banks - Regional,USA
WSTNU,Westin Acquisition Corp Units,,,USA
WTG,Wintergreen Acquisition Corp. Ordinary Shares,Financial,Shell Companies,China
WTGUU,Wintergreen Acquisition Corp. Unit,,,USA
XCBE,X3 Acquisition Corp. Ltd. Class A Ordinary Shares,Financial,Shell Companies,USA
XCBEW,X3 Acquisition Corp. Ltd. Warrant,,,USA
XELLL,"Xcel Energy Inc. 6.25% Junior Subordinated Notes, Series due 2085",,,USA
XFLH,XFLH Capital Corporation Ordinary Shares,Financial,Shell Companies,USA
XRPN,Armada Acquisition Corp. II Class A Ordinary Shares,Financial,Shell Companies,USA
XRPNW,Armada Acquisition Corp. II Warrant,,,USA
XSLL,Xsolla SPAC 1 Class A Ordinary Shares,Financial,Shell Companies,USA
XSLLU,Xsolla SPAC 1 Units,,,USA
XSLLW,Xsolla SPAC 1 Warrants,,,USA
YCY,AA Mission Acquisition Corp. II Class A Ordinary Shares,Financial,Shell Companies,USA
YHNA,YHN Acquisition I Limited Ordinary Shares,Financial,Shell Companies,Hong Kong
YHNAU,YHN Acquisition I Limited Unit,,,USA
ZKP,Lafayette Digital Acquisition Corp. I Class A Ordinary Shares,Financial,Shell Companies,USA
ZKPW,Lafayette Digital Acquisition Corp. I Warrant,,,USA
ZTR,Virtus Total Return Fund Inc.,Financial,Closed-End Fund - Equity,USA
