symbol,name,sector,industry,country
NVDA,NVIDIA Corporation Common Stock,,,USA
AAPL,Apple Inc. Common Stock,,,USA
GOOGL,Alphabet Inc. Class A Common Stock,,,USA
GOOG,Alphabet Inc. Class C Capital Stock,,,USA
MSFT,Microsoft Corporation Common Stock,,,USA
AMZN,"Amazon.com, Inc. Common Stock",,,USA
TSM,Taiwan Semiconductor Manufacturing Company Ltd.,,,USA
AVGO,Broadcom Inc. Common Stock,,,USA
META,"Meta Platforms, Inc. Class A Common Stock",,,USA
TSLA,"Tesla, Inc. Common Stock",,,USA
MU,"Micron Technology, Inc. Common Stock",,,USA
LLY,Eli Lilly and Company Common Stock,,,USA
WMT,Walmart Inc. Common Stock,,,USA
AMD,"Advanced Micro Devices, Inc. Common Stock",,,USA
JPM,JP Morgan Chase & Co. Common Stock,,,USA
ORCL,Oracle Corporation Common Stock,,,USA
ASML,ASML Holding N.V. New York Registry Shares,,,USA
XOM,Exxon Mobil Corporation Common Stock,,,USA
V,Visa Inc.,,,USA
AZN,AstraZeneca PLC Ordinary Shares,,,USA
INTC,Intel Corporation Common Stock,,,USA
JNJ,Johnson & Johnson Common Stock,,,USA
CSCO,"Cisco Systems, Inc. Common Stock (DE)",,,USA
CAT,"Caterpillar, Inc. Common Stock",,,USA
COST,Costco Wholesale Corporation Common Stock,,,USA
MA,Mastercard Incorporated Common Stock,,,USA
LRCX,Lam Research Corporation Common Stock,,,USA
ARM,Arm Holdings plc American Depositary Shares,,,USA
AMAT,"Applied Materials, Inc. Common Stock",,,USA
ABBV,AbbVie Inc. Common Stock,,,USA
BAC,Bank of America Corporation Common Stock,,,USA
CVX,Chevron Corporation Common Stock,,,USA
UNH,UnitedHealth Group Incorporated Common Stock (DE),,,USA
MS,Morgan Stanley Common Stock,,,USA
NFLX,"Netflix, Inc. Common Stock",,,USA
GE,GE Aerospace Common Stock,,,USA
PLTR,Palantir Technologies Inc. Class A Common Stock,,,USA
KO,Coca-Cola Company (The) Common Stock,,,USA
PG,Procter & Gamble Company (The) Common Stock,,,USA
GS,"Goldman Sachs Group, Inc. (The) Common Stock",,,USA
HSBC,"HSBC Holdings, plc. Common Stock",,,USA
HD,"Home Depot, Inc. (The) Common Stock",,,USA
MRK,"Merck & Company, Inc. Common Stock (new)",,,USA
BABA,Alibaba Group Holding Limited American Depositary Shares each representing eight Ordinary share,,,USA
IBM,International Business Machines Corporation Common Stock,,,USA
NVS,Novartis AG Common Stock,,,USA
KLAC,KLA Corporation Common Stock,,,USA
TXN,Texas Instruments Incorporated Common Stock,,,USA
MRVL,"Marvell Technology, Inc. Common Stock",,,USA
DELL,Dell Technologies Inc. Class C Common Stock ,,,USA
PM,Philip Morris International Inc Common Stock,,,USA
RY,Royal Bank Of Canada Common Stock,,,USA
SNDK,Sandisk Corporation Common Stock,,,USA
GEV,GE Vernova Inc. Common Stock,,,USA
QCOM,QUALCOMM Incorporated Common Stock,,,USA
SHEL,Shell PLC American Depositary Shares (each representing two (2) Ordinary Shares) ,,,USA
WFC,Wells Fargo & Company Common Stock,,,USA
RTX,RTX Corporation Common Stock,,,USA
MUFG,"Mitsubishi UFJ Financial Group, Inc. Common Stock",,,USA
LIN,Linde plc Ordinary Shares,,,USA
TM,Toyota Motor Corporation Common Stock,,,USA
CCZ,Comcast Holdings ZONES,,,USA
C,"Citigroup, Inc. Common Stock",,,USA
SAP,SAP  SE ADS,,,USA
PANW,"Palo Alto Networks, Inc. Common Stock",,,USA
BHP,BHP Group Limited American Depositary Shares (Each representing two Ordinary Shares),,,USA
AXP,American Express Company Common Stock,,,USA
ANET,"Arista Networks, Inc. Common Stock",,,USA
ADI,"Analog Devices, Inc. Common Stock",,,USA
STX,Seagate Technology Holdings PLC Ordinary Shares (Ireland),,,USA
WDC,Western Digital Corporation Common Stock,,,USA
TTE,TotalEnergies SE Ordinary Shares,,,USA
NVO,Novo Nordisk A/S Common Stock,,,USA
PEP,"PepsiCo, Inc. Common Stock",,,USA
MCD,McDonald's Corporation Common Stock,,,USA
TMUS,"T-Mobile US, Inc. Common Stock",,,USA
TD,Toronto Dominion Bank (The) Common Stock,,,USA
APP,Applovin Corporation Class A Common Stock,,,USA
VZ,Verizon Communications Inc. Common Stock,,,USA
AMGN,Amgen Inc. Common Stock,,,USA
SAN,"Banco Santander, S.A. Sponsored ADR (Spain)",,,USA
CRWD,"CrowdStrike Holdings, Inc. Class A Common Stock",,,USA
APH,Amphenol Corporation Common Stock,,,USA
TMO,Thermo Fisher Scientific Inc Common Stock,,,USA
NEE,"NextEra Energy, Inc. Common Stock",,,USA
TJX,"TJX Companies, Inc. (The) Common Stock",,,USA
DIS,Walt Disney Company (The) Common Stock,,,USA
BA,Boeing Company (The) Common Stock,,,USA
GLW,Corning Incorporated Common Stock,,,USA
ETN,"Eaton Corporation, PLC Ordinary Shares",,,USA
GILD,"Gilead Sciences, Inc. Common Stock",,,USA
SCCO,Southern Copper Corporation Common Stock,,,USA
DE,Deere & Company Common Stock,,,USA
BLK,"BlackRock, Inc. Common Stock",,,USA
T,AT&T Inc.,,,USA
ABT,Abbott Laboratories Common Stock,,,USA
UNP,Union Pacific Corporation Common Stock,,,USA
CRM,"Salesforce, Inc. Common Stock",,,USA
SCHW,Charles Schwab Corporation (The) Common Stock,,,USA
SMFG,Sumitomo Mitsui Financial Group Inc Unsponsored American Depositary Shares (Japan),,,USA
SHOP,Shopify Inc. Class A Subordinate Voting Shares,,,USA
ISRG,"Intuitive Surgical, Inc. Common Stock",,,USA
TBB,AT&T Inc. 5.350% Global Notes due 2066,,,USA
IBKR,"Interactive Brokers Group, Inc. Class A Common Stock",,,USA
UBS,UBS Group AG Registered Ordinary Shares,,,USA
UBER,"Uber Technologies, Inc. Common Stock",,,USA
PFE,"Pfizer, Inc. Common Stock",,,USA
COP,ConocoPhillips Common Stock,,,USA
WELL,Welltower Inc. Common Stock,,,USA
BUD,Anheuser-Busch Inbev SA Sponsored ADR (Belgium),,,USA
HON,Honeywell International Inc. Common Stock,,,USA
PLD,"Prologis, Inc. Common Stock",,,USA
SONY,Sony Group Corporation American Depositary Shares ,,,USA
RIO,Rio Tinto Plc Common Stock,,,USA
DHR,Danaher Corporation Common Stock,,,USA
BBVA,Banco Bilbao Vizcaya Argentaria S.A. Common Stock,,,USA
BKNG,Booking Holdings Inc. Common Stock,,,USA
BTI,"British American Tobacco  Industries, p.l.c. Common Stock ADR",,,USA
VRT,"Vertiv Holdings, LLC Class A Common Stock",,,USA
SPGI,S&P Global Inc. Common Stock,,,USA
ENB,Enbridge Inc Common Stock,,,USA
NOW,"ServiceNow, Inc. Common Stock",,,USA
MFG,"Mizuho Financial Group, Inc. Sponosred ADR (Japan)",,,USA
HDB,HDFC Bank Limited Common Stock,,,USA
UL,Unilever PLC American Depositary Shares (each representing One Ordinary Share),,,USA
PDD,PDD Holdings Inc. American Depositary Shares,,,USA
CB,Chubb Limited  Common Stock,,,USA
CVS,CVS Health Corporation Common Stock,,,USA
LMT,Lockheed Martin Corporation Common Stock,,,USA
ACN,Accenture plc Class A Ordinary Shares (Ireland),,,USA
MO,"Altria Group, Inc.",,,USA
BMO,Bank Of Montreal Common Stock,,,USA
PBR,Petroleo Brasileiro S.A. Petrobras ADS,,,USA
LOW,"Lowe's Companies, Inc. Common Stock",,,USA
NEM,Newmont Corporation,,,USA
BMY,Bristol-Myers Squibb Company Common Stock,,,USA
SYK,Stryker Corporation Common Stock,,,USA
BP,BP p.l.c. Common Stock,,,USA
PGR,Progressive Corporation (The) Common Stock,,,USA
COF,Capital One Financial Corporation Common Stock,,,USA
CDNS,"Cadence Design Systems, Inc. Common Stock",,,USA
VRTX,Vertex Pharmaceuticals Incorporated Common Stock,,,USA
BN,Brookfield Corporation Class A Limited Voting Shares,,,USA
PH,Parker-Hannifin Corporation Common Stock,,,USA
FTNT,"Fortinet, Inc. Common Stock",,,USA
SNY,Sanofi ADS,,,USA
PWR,"Quanta Services, Inc. Common Stock",,,USA
EQIX,"Equinix, Inc. Common Stock REIT",,,USA
SBUX,Starbucks Corporation Common Stock,,,USA
MDT,Medtronic plc. Ordinary Shares,,,USA
GSK,GSK plc American Depositary Shares (Each representing two Ordinary Shares),,,USA
ADBE,Adobe Inc. Common Stock,,,USA
SO,Southern Company (The) Common Stock,,,USA
TT,Trane Technologies plc,,,USA
MAR,Marriott International Class A Common Stock,,,USA
SPOT,Spotify Technology S.A. Ordinary Shares,,,USA
FCX,"Freeport-McMoRan, Inc. Common Stock",,,USA
BNS,Bank Nova Scotia Halifax Pfd 3 Ordinary Shares,,,USA
CM,Canadian Imperial Bank of Commerce Common Stock,,,USA
HWM,Howmet Aerospace Inc. Common Stock,,,USA
CNQ,Canadian Natural Resources Limited Common Stock,,,USA
BNY,The Bank of New York Mellon Corporation Common Stock,,,USA
CEG,Constellation Energy Corporation Common Stock ,,,USA
NOK,Nokia Corporation Sponsored American Depositary Shares,,,USA
DUK,Duke Energy Corporation (Holding Company) Common Stock,,,USA
NET,"Cloudflare, Inc. Class A Common Stock",,,USA
SNPS,"Synopsys, Inc. Common Stock",,,USA
EQNR,Equinor ASA,,,USA
UPS,"United Parcel Service, Inc. Common Stock",,,USA
CMI,Cummins Inc. Common Stock,,,USA
ADP,"Automatic Data Processing, Inc. Common Stock",,,USA
IBN,ICICI Bank Limited Common Stock,,,USA
CME,CME Group Inc. Class A Common Stock,,,USA
GD,General Dynamics Corporation Common Stock,,,USA
PNC,"PNC Financial Services Group, Inc. (The) Common Stock",,,USA
MCK,McKesson Corporation Common Stock,,,USA
AMT,American Tower Corporation (REIT) Common Stock,,,USA
JCI,Johnson Controls International plc Ordinary Share,,,USA
ING,"ING Group, N.V. Common Stock",,,USA
ELV,"Elevance Health, Inc. Common Stock",,,USA
WMB,"Williams Companies, Inc. (The) Common Stock",,,USA
AEM,Agnico Eagle Mines Limited Common Stock,,,USA
BX,Blackstone Inc. Common Stock,,,USA
WM,"Waste Management, Inc. Common Stock",,,USA
BCS,Barclays PLC Common Stock,,,USA
SLB,SLB Limited Common Shares,,,USA
DDOG,"Datadog, Inc. Class A Common Stock",,,USA
MNST,Monster Beverage Corporation,,,USA
USB,U.S. Bancorp Common Stock,,,USA
CSX,CSX Corporation Common Stock,,,USA
KKR,KKR & Co. Inc. Common Stock,,,USA
E,ENI S.p.A. Common Stock,,,USA
ASX,"ASE Technology Holding Co., Ltd. American Depositary Shares (each representing Two Common Shares) ",,,USA
SNOW,Snowflake Inc. Common Stock,,,USA
ITUB,Itau Unibanco Banco Holding SA American Depositary Shares (Each repstg 500 Preferred shares),,,USA
CMCSA,Comcast Corporation Class A Common Stock,,,USA
MELI,"MercadoLibre, Inc. Common Stock",,,USA
BE,Bloom Energy Corporation Class A Common Stock,,,USA
EPD,Enterprise Products Partners L.P. Common Stock,,,USA
INTU,Intuit Inc. Common Stock,,,USA
COHR,Coherent Corp. Common Stock,,,USA
RACE,Ferrari N.V. Common Shares,,,USA
NXPI,NXP Semiconductors N.V. Common Stock,,,USA
MPWR,"Monolithic Power Systems, Inc. Common Stock",,,USA
NGG,"National Grid Transco, PLC National Grid PLC (NEW) American Depositary Shares",,,USA
LYG,Lloyds Banking Group Plc American Depositary Shares,,,USA
ABNB,"Airbnb, Inc. Class A Common Stock",,,USA
ICE,Intercontinental Exchange Inc. Common Stock,,,USA
HCA,"HCA Healthcare, Inc. Common Stock",,,USA
CP,Canadian Pacific Kansas City Limited Common Shares,,,USA
MMM,3M Company Common Stock,,,USA
EMR,Emerson Electric Company Common Stock,,,USA
HOOD,"Robinhood Markets, Inc. Class A Common Stock",,,USA
RCL,Royal Caribbean Cruises Ltd. Common Stock,,,USA
MCO,Moody's Corporation Common Stock,,,USA
NTES,"NetEase, Inc. American Depositary Shares",,,USA
MDLZ,"Mondelez International, Inc. Class A Common Stock",,,USA
FDX,FedEx Corporation Common Stock,,,USA
MPC,Marathon Petroleum Corporation Common Stock,,,USA
MRSH,Marsh Common Stock,,,USA
NOC,Northrop Grumman Corporation Common Stock,,,USA
SU,Suncor Energy  Inc. Common Stock,,,USA
HLT,Hilton Worldwide Holdings Inc. Common Stock ,,,USA
VLO,Valero Energy Corporation Common Stock,,,USA
BAM,Brookfield Asset Management Inc Class A Limited Voting Shares,,,USA
AMX,"America Movil, S.A.B. de C.V. American Depositary Shares (each representing the right to receive twenty (20) Series B Shares",,,USA
CIEN,Ciena Corporation Common Stock,,,USA
EOG,"EOG Resources, Inc. Common Stock",,,USA
GM,General Motors Company Common Stock,,,USA
ROST,"Ross Stores, Inc. Common Stock",,,USA
CI,The Cigna Group Common Stock,,,USA
APO,"Apollo Global Management, Inc. (New) Common Stock",,,USA
SHW,Sherwin-Williams Company (The) Common Stock,,,USA
PSX,Phillips 66 Common Stock,,,USA
LITE,Lumentum Holdings Inc. Common Stock,,,USA
ORLY,"O'Reilly Automotive, Inc. Common Stock",,,USA
CNI,Canadian National Railway Company Common Stock,,,USA
BSX,Boston Scientific Corporation Common Stock,,,USA
CVNA,Carvana Co. Class A Common Stock,,,USA
ITW,Illinois Tool Works Inc. Common Stock,,,USA
CTAS,Cintas Corporation Common Stock,,,USA
TRP,TC Energy Corporation Common Stock,,,USA
B,Barrick Mining Corporation Common Shares,,,USA
ECL,Ecolab Inc. Common Stock,,,USA
BRKRP,"Bruker Corporation 6.375% Mandatory Convertible Preferred Stock, Series A",,,USA
CRH,CRH PLC Ordinary Shares,,,USA
HPE,Hewlett Packard Enterprise Company Common Stock,,,USA
KMI,"Kinder Morgan, Inc. Common Stock",,,USA
DASH,"DoorDash, Inc. Class A Common Stock",,,USA
STM,STMicroelectronics N.V. Common Stock,,,USA
AEP,"American Electric Power Company, Inc. Common Stock",,,USA
RKLB,Rocket Lab Corporation Common Stock,,,USA
NSC,Norfolk Southern Corporation Common Stock,,,USA
AON,Aon plc Class A Ordinary Shares (Ireland),,,USA
TDG,Transdigm Group Incorporated Common Stock,,,USA
MSI,"Motorola Solutions, Inc. Common Stock",,,USA
CL,Colgate-Palmolive Company Common Stock,,,USA
URI,"United Rentals, Inc. Common Stock",,,USA
WBD,"Warner Bros. Discovery, Inc. Series A Common Stock ",,,USA
ET,Energy Transfer LP Common Units ,,,USA
FIX,"Comfort Systems USA, Inc. Common Stock",,,USA
VALE,VALE S.A.  American Depositary Shares Each Representing one common share,,,USA
SPG,"Simon Property Group, Inc. Common Stock",,,USA
NWG,"NatWest Group plc American Depositary Shares, (each representing two (2) Ordinary Shares)",,,USA
DLR,"Digital Realty Trust, Inc. Common Stock",,,USA
NBIS,Nebius Group N.V. Class A Ordinary Shares,,,USA
REGN,"Regeneron Pharmaceuticals, Inc. Common Stock",,,USA
BKR,Baker Hughes Company Class A Common Stock,,,USA
NKE,"Nike, Inc. Common Stock",,,USA
TEL,TE Connectivity plc Ordinary Shares,,,USA
MFC,Manulife Financial Corporation Common Stock,,,USA
RSG,"Republic Services, Inc. Common Stock",,,USA
TER,"Teradyne, Inc. Common Stock",,,USA
APD,"Air Products and Chemicals, Inc. Common Stock",,,USA
RELX,RELX PLC PLC American Depositary Shares (Each representing One Ordinary Share),,,USA
TRV,"The Travelers Companies, Inc. Common Stock",,,USA
PCAR,PACCAR Inc. Common Stock,,,USA
ALAB,"Astera Labs, Inc. Common Stock",,,USA
IMO,Imperial Oil Limited Common Stock,,,USA
TFC,Truist Financial Corporation Common Stock,,,USA
F,Ford Motor Company Common Stock,,,USA
GWW,"W.W. Grainger, Inc. Common Stock",,,USA
DB,Deutsche Bank AG Common Stock,,,USA
NUE,Nucor Corporation Common Stock,,,USA
SRE,DBA Sempra Common Stock,,,USA
CRWV,"CoreWeave, Inc. Class A Common Stock",,,USA
NU,Nu Holdings Ltd. Class A Ordinary Shares,,,USA
KEYS,Keysight Technologies Inc. Common Stock,,,USA
AFL,AFLAC Incorporated Common Stock,,,USA
D,"Dominion Energy, Inc. Common Stock",,,USA
FLEX,Flex Ltd. Ordinary Shares,,,USA
OXY,Occidental Petroleum Corporation Common Stock,,,USA
WPM,Wheaton Precious Metals Corp Common Shares (Canada),,,USA
LHX,"L3Harris Technologies, Inc. Common Stock",,,USA
TRGP,"Targa Resources, Inc. Common Stock",,,USA
CARR,Carrier Global Corporation Common Stock ,,,USA
MPLX,MPLX LP Common Units Representing Limited Partner Interests,,,USA
FANG,"Diamondback Energy, Inc. Common Stock",,,USA
SOMN,Southern Company (The) 2025 Series A Corporate Units,,,USA
SE,"Sea Limited American Depositary Shares, each representing one Class A Ordinary Share",,,USA
TGT,Target Corporation Common Stock,,,USA
OKE,"ONEOK, Inc. Common Stock",,,USA
CVE,Cenovus Energy Inc Common Stock,,,USA
O,Realty Income Corporation Common Stock,,,USA
MT,Arcelor Mittal NY Registry Shares NEW,,,USA
ALL,Allstate Corporation (The) Common Stock,,,USA
AJG,Arthur J. Gallagher & Co. Common Stock,,,USA
FAST,Fastenal Company Common Stock,,,USA
PSA,Public Storage Common Stock,,,USA
MET,"MetLife, Inc. Common Stock",,,USA
DVN,Devon Energy Corporation Common Stock,,,USA
COR,"Cencora, Inc. Common Stock",,,USA
AME,"AMETEK, Inc.",,,USA
UMC,United Microelectronics Corporation (NEW) Common Stock,,,USA
ARGX,argenx SE American Depositary Shares,,,USA
DAL,"Delta Air Lines, Inc. Common Stock",,,USA
INFY,Infosys Limited American Depositary Shares,,,USA
MCHP,Microchip Technology Incorporated Common Stock,,,USA
VST,Vistra Corp. Common Stock,,,USA
CTVA,"Corteva, Inc. Common Stock ",,,USA
ON,ON Semiconductor Corporation Common Stock,,,USA
ROK,"Rockwell Automation, Inc. Common Stock",,,USA
ODFL,"Old Dominion Freight Line, Inc. Common Stock",,,USA
EA,Electronic Arts Inc. Common Stock,,,USA
HBANL,"Huntington Bancshares Incorporated Depositary Shares, Each Representing a 1/40th Interest in a Share of 6.875% Series J Non-Cumulative Perpetual Preferred Stock",,,USA
AZO,"AutoZone, Inc. Common Stock",,,USA
LNG,"Cheniere Energy, Inc. Common Stock",,,USA
EW,Edwards Lifesciences Corporation Common Stock,,,USA
ETR,Entergy Corporation Common Stock,,,USA
NDAQ,"Nasdaq, Inc. Common Stock",,,USA
CCJ,Cameco Corporation Common Stock,,,USA
ADSK,"Autodesk, Inc. Common Stock",,,USA
ABEV,Ambev S.A. American Depositary Shares (Each representing 1 Common Share),,,USA
CLS,"Celestica, Inc. Common Stock",,,USA
TAK,Takeda Pharmaceutical Company Limited American Depositary Shares (each representing 1/2 of a share of Common Stock),,,USA
EBAY,eBay Inc. Common Stock,,,USA
XEL,Xcel Energy Inc. Common Stock,,,USA
FER,Ferrovial N.V. Ordinary Shares,,,USA
CAH,"Cardinal Health, Inc. Common Stock",,,USA
GFS,GlobalFoundries Inc. Ordinary Shares,,,USA
FITB,Fifth Third Bancorp Common Stock,,,USA
GRMN,Garmin Ltd. Common Stock (Switzerland),,,USA
HEI,Heico Corporation Common Stock,,,USA
AU,AngloGold Ashanti PLC Ordinary Shares,,,USA
CBRS,Cerebras Systems Inc. Class A Common Stock,,,USA
IX,ORIX Corporation American Depositary Shares,,,USA
BIDU,"Baidu, Inc. ADS",,,USA
EXC,Exelon Corporation Common Stock,,,USA
FNV,Franco-Nevada Corporation,,,USA
MSTR,Strategy Inc Common Stock Class A,,,USA
MDLN,Medline Inc. Class A Common Stock,,,USA
FERG,Ferguson Enterprises Inc. Common Stock,,,USA
PCG,Pacific Gas & Electric Co. Common Stock,,,USA
MSCI,MSCI Inc. Common Stock,,,USA
STT,State Street Corporation Common Stock,,,USA
ERIC,Ericsson American Depositary Shares,,,USA
IDXX,"IDEXX Laboratories, Inc. Common Stock",,,USA
WAB,Westinghouse Air Brake Technologies Corporation Common Stock,,,USA
DEO,Diageo plc Common Stock,,,USA
MCHPP,Microchip Technology Incorporated Depositary Shares Each Representing a 1/20th Interest in a Share of 7.50% Series A Mandatory Convertible Preferred Stock,,,USA
COIN,"Coinbase Global, Inc. Class A Common Stock",,,USA
ARES,Ares Management Corporation Class A Common Stock,,,USA
WDS,"Woodside Energy Group Limited American Depositary Shares, each representing one Ordinary Share",,,USA
HBANM,Huntington Bancshares Incorporated Depositary Shares each representing a 1/1000th interest in a share of Huntington Series I Preferred Stock,,,USA
XYZ,"Block, Inc. Class A Common Stock,",,,USA
VIV,Telefonica Brasil S.A. American Depositary Shares (Each representing One Common Share),,,USA
HUM,Humana Inc. Common Stock,,,USA
CCEP,Coca-Cola Europacific Partners plc Ordinary Shares,,,USA
FMX,Fomento Economico Mexicano S.A.B. de C.V. Common Stock,,,USA
ASTS,"AST SpaceMobile, Inc. Class A Common Stock",,,USA
DHI,"D.R. Horton, Inc. Common Stock",,,USA
AXON,"Axon Enterprise, Inc. Common Stock",,,USA
BDX,"Becton, Dickinson and Company Common Stock",,,USA
HBANZ,"Huntington Bancshares Incorporated Depositary Shares, Each Representing a 1/1000th Interest in a Share of 5.50% Series L Non-Cumulative Perpetual Preferred Stock",,,USA
CCI,Crown Castle Inc. Common Stock,,,USA
AMP,"Ameriprise Financial, Inc. Common Stock",,,USA
KDP,Keurig Dr Pepper Inc. Common Stock,,,USA
YUM,"Yum! Brands, Inc.",,,USA
ALNY,"Alnylam Pharmaceuticals, Inc. Common Stock",,,USA
HMC,"Honda Motor Company, Ltd. Common Stock",,,USA
SLF,Sun Life Financial Inc. Common Stock,,,USA
TTWO,"Take-Two Interactive Software, Inc. Common Stock",,,USA
ADM,Archer-Daniels-Midland Company Common Stock,,,USA
CRDO,Credo Technology Group Holding Ltd Ordinary Shares,,,USA
VIK,Viking Holdings Ltd Ordinary Shares,,,USA
TEVA,Teva Pharmaceutical Industries Limited American Depositary Shares,,,USA
BSBR,"Banco Santander Brasil SA American Depositary Shares, each representing one unit",,,USA
STLD,"Steel Dynamics, Inc.",,,USA
HLN,Haleon plc American Depositary Shares (Each representing two Ordinary Shares),,,USA
JD,"JD.com, Inc. American Depositary Shares",,,USA
CCL,Carnival Corporation Ltd. Common Shares,,,USA
JBL,Jabil Inc. Common Stock,,,USA
WCN,"Waste Connections, Inc. Common Shares",,,USA
A,"Agilent Technologies, Inc. Common Stock",,,USA
ESLT,Elbit Systems Ltd. Ordinary Shares,,,USA
AIG,"American International Group, Inc. New Common Stock",,,USA
PEG,Public Service Enterprise Group Incorporated Common Stock,,,USA
IRM,Iron Mountain Incorporated (Delaware)Common Stock REIT,,,USA
TKO,"TKO Group Holdings, Inc. Class A Common Stock",,,USA
KB,KB Financial Group Inc,,,USA
VTR,"Ventas, Inc. Common Stock",,,USA
ED,"Consolidated Edison, Inc. Common Stock",,,USA
CBRE,CBRE Group Inc Common Stock Class A,,,USA
KR,Kroger Company (The) Common Stock,,,USA
LYV,"Live Nation Entertainment, Inc. Common Stock",,,USA
PYPL,"PayPal Holdings, Inc. Common Stock",,,USA
EME,"EMCOR Group, Inc. Common Stock",,,USA
RKT,"Rocket Companies, Inc. Class A Common Stock",,,USA
TRI,Thomson Reuters Corporation Common Shares,,,USA
HSY,The Hershey Company Common Stock,,,USA
WAT,Waters Corporation Common Stock,,,USA
BTSGU,"BrightSpring Health Services, Inc. Tangible Equity Unit",,,USA
VMC,Vulcan Materials Company (Holding Company) Common Stock,,,USA
WDAY,"Workday, Inc. Class A Common Stock",,,USA
WEC,"WEC Energy Group, Inc. Common Stock",,,USA
CMG,"Chipotle Mexican Grill, Inc. Common Stock",,,USA
SATS,EchoStar  Corporation Common Stock,,,USA
TWLO,Twilio Inc. Class A Common Stock,,,USA
VOD,Vodafone Group Plc American Depositary Shares,,,USA
BBD,Banco Bradesco Sa American Depositary Shares,,,USA
PRU,"Prudential Financial, Inc. Common Stock",,,USA
PPLC,PPL Corporation Corporate Units,,,USA
PAYX,"Paychex, Inc. Common Stock",,,USA
SYY,Sysco Corporation Common Stock,,,USA
RDDT,"Reddit, Inc. Class A Common Stock",,,USA
NTAP,"NetApp, Inc. Common Stock",,,USA
UI,Ubiquiti Inc. Common Stock,,,USA
CHT,"Chunghwa Telecom Co., Ltd.",,,USA
GFI,Gold Fields Limited American Depositary Shares,,,USA
MLM,"Martin Marietta Materials, Inc. Common Stock",,,USA
HIG,"The Hartford Insurance Group, Inc. Common Stock",,,USA
EQT,EQT Corporation Common Stock,,,USA
HAL,Halliburton Company Common Stock,,,USA
TS,Tenaris S.A. American Depositary Shares,,,USA
KGC,Kinross Gold Corporation Common Stock,,,USA
UAL,"United Airlines Holdings, Inc. Common Stock",,,USA
FSLR,"First Solar, Inc. Common Stock",,,USA
LVS,Las Vegas Sands Corp. Common Stock,,,USA
SUNB,"Sunbelt Rentals Holdings, Inc. Common Stock",,,USA
HBAN,Huntington Bancshares Incorporated Common Stock,,,USA
ROP,"Roper Technologies, Inc. Common Stock",,,USA
STRC,Strategy Inc Variable Rate Series A Perpetual Stretch Preferred Stock,,,USA
STRF,Strategy Inc 10.00% Series A Perpetual Strife Preferred Stock,,,USA
PUK,Prudential Public Limited Company Common Stock,,,USA
ZTS,Zoetis Inc. Class A Common Stock,,,USA
ALC,Alcon Inc. Ordinary Shares,,,USA
NTR,Nutrien Ltd. Common Shares,,,USA
HBANP,Huntington Bancshares Incorporated Depositary Shares 4.500% Series H Non-Cumulative Perpetual Preferred Stock,,,USA
RVMD,"Revolution Medicines, Inc. Common Stock",,,USA
TECK,Teck Resources Ltd Ordinary Shares,,,USA
QSR,Restaurant Brands International Inc. Common Shares,,,USA
VG,"Venture Global, Inc. Class A common stock",,,USA
MTB,M&T Bank Corporation Common Stock,,,USA
KVUE,Kenvue Inc. Common Stock,,,USA
Q,"Qnity Electronics, Inc. Common Stock",,,USA
EC,Ecopetrol S.A. American Depositary Shares,,,USA
NTRS,Northern Trust Corporation Common Stock,,,USA
CBOE,"Cboe Global Markets, Inc. Common Stock",,,USA
BBDO,Banco Bradesco Sa American Depositary Shares (each representing one Common Share),,,USA
NTRA,"Natera, Inc. Common Stock",,,USA
RPRX,Royalty Pharma plc Class A Ordinary Shares ,,,USA
SHG,Shinhan Financial Group Co Ltd American Depositary Shares,,,USA
KMB,Kimberly-Clark Corporation Common Stock,,,USA
IQV,"IQVIA Holdings, Inc. Common Stock",,,USA
CQP,"Cheniere Energy Partners, LP Common Units",,,USA
ONC,BeOne Medicines Ltd. American Depositary Shares,,,USA
RBLX,Roblox Corporation Class A Common Stock,,,USA
CNC,Centene Corporation Common Stock,,,USA
ACGL,Arch Capital Group Ltd. Common Stock,,,USA
ZM,"Zoom Communications, Inc. Class A Common Stock",,,USA
BAP,Credicorp Ltd. Common Stock,,,USA
EXR,Extra Space Storage Inc Common Stock,,,USA
MDB,"MongoDB, Inc. Class A Common Stock",,,USA
STRL,"Sterling Infrastructure, Inc. Common Stock",,,USA
TCOM,Trip.com Group Limited American Depositary Shares,,,USA
AMRZ,Amrize Ltd Ordinary Shares,,,USA
EL,"Estee Lauder Companies, Inc. (The) Common Stock",,,USA
FISV,"Fiserv, Inc. Common Stock",,,USA
RYAAY,Ryanair Holdings plc American Depositary Shares,,,USA
DTE,DTE Energy Company Common Stock,,,USA
CPNG,"Coupang, Inc. Class A Common Stock",,,USA
MTZ,"MasTec, Inc. Common Stock",,,USA
AEE,Ameren Corporation Common Stock,,,USA
AGNCN,"AGNC Investment Corp. Depositary Shares Each Representing a 1/1,000th Interest in a Share of 7.00% Series C Fixed-To-Floating Rate Cumulative Redeemable Preferred Stock",,,USA
TSEM,Tower Semiconductor Ltd. Ordinary Shares,,,USA
RJF,"Raymond James Financial, Inc. Common Stock",,,USA
AGNCO,"AGNC Investment Corp. Depositary Shares, each representing a 1/1,000th interest in a share of 6.50% Series E Fixed-to-Floating Cumulative Redeemable Preferred Stock",,,USA
AGNCZ,"AGNC Investment Corp. Depositary Shares Each Representing a 1/1,000th Interest in a Share of 8.75% Series H Fixed-Rate Cumulative Redeemable Preferred Stock",,,USA
MTSI,"MACOM Technology Solutions Holdings, Inc. Common Stock",,,USA
VEEV,Veeva Systems Inc. Class A Common Stock,,,USA
VICI,VICI Properties Inc. Common Stock,,,USA
GEHC,GE HealthCare Technologies Inc. Common Stock ,,,USA
BIIB,Biogen Inc. Common Stock,,,USA
AGNCM,AGNC Investment Corp. Depositary Shares rep 6.875% Series D Fixed-to-Floating Cumulative Redeemable Preferred Stock,,,USA
AGNCP,"AGNC Investment Corp. Depositary Shares Each Representing a 1/1,000th Interest in a Share of 6.125% Series F Fixed-to-Floating Rate Cumulative Redeemable Preferred Stock",,,USA
AGNCL,"AGNC Investment Corp. Depositary Shares Each Representing a 1/1,000th Interest in a Share of 7.75% Series G Fixed-Rate Reset Cumulative Redeemable Preferred Stock",,,USA
DOV,Dover Corporation Common Stock,,,USA
TDY,Teledyne Technologies Incorporated Common Stock,,,USA
PBA,Pembina Pipeline Corp. Ordinary Shares (Canada),,,USA
SYM,Symbotic Inc. Class A Common Stock,,,USA
CPRT,"Copart, Inc. (DE) Common Stock",,,USA
TPR,"Tapestry, Inc. Common Stock",,,USA
AXIA,AXIA Energia American Depositary Shares (Each representing one Common Share),,,USA
SMCI,"Super Micro Computer, Inc. Common Stock",,,USA
RMD,ResMed Inc. Common Stock,,,USA
IR,Ingersoll Rand Inc. Common Stock,,,USA
CASY,"Casey's General Stores, Inc. Common Stock",,,USA
NRG,"NRG Energy, Inc. Common Stock",,,USA
NVT,nVent Electric plc Ordinary Shares ,,,USA
FTS,Fortis Inc. Common Shares,,,USA
TPL,Texas Pacific Land Corporation Common Stock,,,USA
ATO,Atmos Energy Corporation Common Stock,,,USA
DXCM,"DexCom, Inc. Common Stock",,,USA
EIX,Edison International Common Stock,,,USA
FOXA,Fox Corporation Class A Common Stock,,,USA
FTI,TechnipFMC plc Ordinary Share,,,USA
CW,Curtiss-Wright Corporation Common Stock,,,USA
CNP,"CenterPoint Energy, Inc (Holding Co) Common Stock",,,USA
EXPE,"Expedia Group, Inc. Common Stock",,,USA
FICO,Fair Isaac Corporation Common Stock,,,USA
CFG,"Citizens Financial Group, Inc. Common Stock",,,USA
OTIS,Otis Worldwide Corporation Common Stock ,,,USA
VRSN,"VeriSign, Inc. Common Stock",,,USA
JBHT,"J.B. Hunt Transport Services, Inc. Common Stock",,,USA
KHC,The Kraft Heinz Company Common Stock,,,USA
PPL,PPL Corporation Common Stock,,,USA
FE,FirstEnergy Corp. Common Stock,,,USA
AVB,"AvalonBay Communities, Inc. Common Stock",,,USA
ES,Eversource Energy (D/B/A) Common Stock,,,USA
XYL,Xylem Inc. Common Stock New,,,USA
P,"Everpure, Inc. Class A common stock",,,USA
TEAM,Atlassian Corporation Class A Common Stock,,,USA
XPO,"XPO, Inc. Common Stock",,,USA
FTAI,FTAI Aviation Ltd. Common Stock,,,USA
HUBB,Hubbell Inc Common Stock,,,USA
FN,Fabrinet Ordinary Shares,,,USA
NMR,Nomura Holdings Inc ADR American Depositary Shares,,,USA
PHG,Koninklijke Philips N.V. NY Registry Shares,,,USA
EQR,Equity Residential Common Shares of Beneficial Interest,,,USA
ILMN,"Illumina, Inc. Common Stock",,,USA
CTSH,Cognizant Technology Solutions Corporation Class A Common Stock,,,USA
BG,Bunge Limited Common Shares,,,USA
DOW,Dow Inc. Common Stock ,,,USA
PPG,"PPG Industries, Inc. Common Stock",,,USA
BEP,Brookfield Renewable Partners L.P. Limited Partnership Units,,,USA
CINF,Cincinnati Financial Corporation Common Stock,,,USA
ATI,ATI Inc. Common Stock,,,USA
WRB,W.R. Berkley Corporation Common Stock,,,USA
FOX,Fox Corporation Class B Common Stock,,,USA
STRD,Strategy Inc 10.00% Series A Perpetual Stride Preferred Stock,,,USA
IONQ,"IonQ, Inc. Common Stock",,,USA
WSM,"Williams-Sonoma, Inc. Common Stock (DE)",,,USA
CRS,Carpenter Technology Corporation Common Stock,,,USA
AER,AerCap Holdings N.V. Ordinary Shares,,,USA
WTW,Willis Towers Watson Public Limited Company Ordinary Shares,,,USA
IHG,Intercontinental Hotels Group American Depositary Shares (Each representing one Ordinary Share),,,USA
RF,Regions Financial Corporation Common Stock,,,USA
HPQ,HP Inc. Common Stock,,,USA
STRK,Strategy Inc 8.00% Series A Perpetual Strike Preferred Stock,,,USA
ONON,On Holding AG Class A Ordinary Shares,,,USA
AWK,"American Water Works Company, Inc. Common Stock",,,USA
MTD,"Mettler-Toledo International, Inc. Common Stock",,,USA
SYF,Synchrony Financial Common Stock,,,USA
TW,Tradeweb Markets Inc. Class A Common Stock,,,USA
STZ,"Constellation Brands, Inc. Common Stock",,,USA
FCNCA,"First Citizens BancShares, Inc. Class A Common Stock",,,USA
FITBM,"Fifth Third Bancorp Depositary Shares Representing a 1/40th Ownership Interest in a Share of 6.875% Fixed-Rate Reset Non-Cumulative Perpetual Preferred Stock, Series M",,,USA
VRSK,"Verisk Analytics, Inc. Common Stock",,,USA
KEY,KeyCorp Common Stock,,,USA
CPAY,"Corpay, Inc. Common Stock",,,USA
LPLA,LPL Financial Holdings Inc. Common Stock,,,USA
BNH,"Brookfield Finance Inc. 4.625% Subordinated Notes due October 16, 2080",,,USA
UTHR,United Therapeutics Corporation Common Stock,,,USA
FITBI,Fifth Third Bancorp Depositary Shares,,,USA
AKAM,"Akamai Technologies, Inc. Common Stock",,,USA
FFIV,"F5, Inc. Common Stock",,,USA
AFRM,"Affirm Holdings, Inc. Class A Common Stock",,,USA
SOJC,"Southern Company (The) Series 2017B 5.25% Junior Subordinated Notes due December 1, 2077",,,USA
TROW,"T. Rowe Price Group, Inc. Common Stock",,,USA
RIVN,"Rivian Automotive, Inc. Class A Common Stock",,,USA
DG,Dollar General Corporation Common Stock,,,USA
INSM,Insmed Incorporated Common Stock,,,USA
LEN,Lennar Corporation Class A Common Stock,,,USA
NXT,Nextpower Inc. Class A Common Stock,,,USA
BNJ,Brookfield Finance Inc. 4.50% Perpetual Subordinated Notes,,,USA
PHM,"PulteGroup, Inc. Common Stock",,,USA
BNTX,BioNTech SE American Depositary Share,,,USA
CRCL,"Circle Internet Group, Inc. Class A Common Stock",,,USA
BCE,"BCE, Inc. Common Stock",,,USA
WST,"West Pharmaceutical Services, Inc. Common Stock",,,USA
ROL,"Rollins, Inc. Common Stock",,,USA
PFG,Principal Financial Group Inc Common Stock,,,USA
PAAS,Pan American Silver Corp. Common Stock,,,USA
EXE,Expand Energy Corporation Common Stock,,,USA
SNX,TD SYNNEX Corporation Common Stock,,,USA
MKSI,MKS Inc. Common Stock,,,USA
CHD,"Church & Dwight Company, Inc. Common Stock",,,USA
MKL,Markel Group Inc. Common Stock,,,USA
SQM,Sociedad Quimica y Minera S.A. Common Stock,,,USA
SW,Smurfit WestRock plc Ordinary Shares,,,USA
DRI,"Darden Restaurants, Inc. Common Stock",,,USA
IREN,IREN Limited Ordinary Shares,,,USA
SBAC,SBA Communications Corporation Class A Common Stock,,,USA
SOFI,"SoFi Technologies, Inc. Common Stock  ",,,USA
NI,NiSource Inc Common Stock,,,USA
ZS,"Zscaler, Inc. Common Stock",,,USA
RL,Ralph Lauren Corporation Common Stock,,,USA
CHRW,"C.H. Robinson Worldwide, Inc. Common Stock",,,USA
MAIR,Madison Air Solutions Corporation Class A Common Stock,,,USA
CMS,CMS Energy Corporation Common Stock,,,USA
WIT,Wipro Limited Common Stock,,,USA
DGX,Quest Diagnostics Incorporated Common Stock,,,USA
YPF,YPF Sociedad Anonima Common Stock,,,USA
L,Loews Corporation Common Stock,,,USA
PKX,POSCO HOLDINGS INC. American Depositary Shares (Each representing 1/4th of a share of Common Stock),,,USA
OMC,Omnicom Group Inc. Common Stock,,,USA
FWONK,Liberty Media Corporation Series C Liberty Formula One Common Stock,,,USA
WWD,"Woodward, Inc. Common Stock",,,USA
OKTA,"Okta, Inc. Class A Common Stock",,,USA
FIS,"Fidelity National Information Services, Inc. Common Stock",,,USA
STLA,Stellantis N.V. Common Shares,,,USA
LH,Labcorp Holdings Inc. Common Stock,,,USA
LYB,LyondellBasell Industries NV Ordinary Shares Class A (Netherlands),,,USA
ENTG,"Entegris, Inc. Common Stock",,,USA
FITBP,"Fifth Third Bancorp Depositary Shares each representing 1/40th share of Fifth Third 6.00% Non-Cumulative Perpetual Class B Preferred Stock, Series A",,,USA
SOJD,"Southern Company (The) Series 2020A 4.95% Junior Subordinated Notes due January 30, 2080",,,USA
ROIV,Roivant Sciences Ltd. Common Shares,,,USA
DLTR,Dollar Tree Inc. Common Stock,,,USA
EXPD,"Expeditors International of Washington, Inc. Common Stock",,,USA
LSCC,Lattice Semiconductor Corporation Common Stock,,,USA
VLTO,Veralto Corp Common Stock ,,,USA
STE,STERIS plc (Ireland) Ordinary Shares,,,USA
AA,Alcoa Corporation Common Stock ,,,USA
RCI,"Rogers Communication, Inc. Common Stock",,,USA
IOT,Samsara Inc. Class A Common Stock,,,USA
MRNA,"Moderna, Inc. Common Stock",,,USA
EFX,"Equifax, Inc. Common Stock",,,USA
BURL,"Burlington Stores, Inc. Common Stock",,,USA
RS,"Reliance, Inc. Common Stock",,,USA
INCY,Incyte Corp. Common Stock,,,USA
LUV,Southwest Airlines Company Common Stock,,,USA
TSN,"Tyson Foods, Inc. Common Stock",,,USA
PKG,Packaging Corporation of America Common Stock,,,USA
ULS,UL Solutions Inc. Class A Common Stock,,,USA
AQNB,"Algonquin Power & Utilities Corp. 6.20% Fixed-to-Floating Subordinated Notes Series 2019-A due July 1, 2079",,,USA
ULTA,"Ulta Beauty, Inc. Common Stock",,,USA
FWONA,Liberty Media Corporation Series A Liberty Formula One Common Stock,,,USA
FPS,"Forgent Power Solutions, Inc. Class A Common Stock",,,USA
SNA,Snap-On Incorporated Common Stock,,,USA
RBA,"RB Global, Inc. Common Stock",,,USA
CX,"Cemex, S.A.B. de C.V. Sponsored ADR",,,USA
ALB,Albemarle Corporation Common Stock,,,USA
DD,"DuPont de Nemours, Inc. Common Stock",,,USA
DKS,Dick's Sporting Goods Inc Common Stock,,,USA
BRO,"Brown & Brown, Inc. Common Stock",,,USA
BPYPM,"Brookfield Property Partners L.P. 6.25% Class A Cumulative Redeemable Preferred Units, Series 1",,,USA
SBS,Companhia de saneamento Basico Do Estado De Sao Paulo - Sabesp American Depositary Shares (Each repstg 250 Common Shares),,,USA
AS,"Amer Sports, Inc. Ordinary Shares",,,USA
TTMI,"TTM Technologies, Inc. Common Stock",,,USA
TU,Telus Corporation Ordinary Shares,,,USA
CDE,"Coeur Mining, Inc. Common Stock",,,USA
EVRG,"Evergy, Inc. Common Stock",,,USA
DOCN,"DigitalOcean Holdings, Inc. Common Stock",,,USA
FDXF,"FedEx Freight Holding Company, Inc. Common Stock",,,USA
BEKE,KE Holdings Inc American Depositary Shares (each representing three Class A Ordinary Shares),,,USA
FTV,Fortive Corporation Common Stock ,,,USA
BCH,Banco De Chile ADS,,,USA
IFF,"International Flavors & Fragrances, Inc. Common Stock",,,USA
MGA,"Magna International, Inc. Common Stock",,,USA
RGLD,"Royal Gold, Inc. Common Stock",,,USA
SITM,SiTime Corporation Common Stock,,,USA
RBC,RBC Bearings Incorporated Common Stock,,,USA
DUKB,Duke Energy Corporation 5.625% Junior Subordinated Debentures due 2078,,,USA
GPN,Global Payments Inc. Common Stock,,,USA
ROKU,"Roku, Inc. Class A Common Stock",,,USA
VTRS,Viatris Inc. Common Stock,,,USA
LNT,Alliant Energy Corporation Common Stock,,,USA
EDU,"New Oriental Education & Technology Group, Inc. Sponsored ADR representing 10 Ordinary Share (Cayman Islands)",,,USA
APG,APi Group Corporation Common Stock,,,USA
SOJE,"Southern Company (The) Series 2020C 4.20% Junior Subordinated Notes due October 15, 2060",,,USA
RMBS,Rambus Inc. Common Stock,,,USA
AMKR,"Amkor Technology, Inc. Common Stock",,,USA
ESS,"Essex Property Trust, Inc. Common Stock",,,USA
USFD,US Foods Holding Corp. Common Stock,,,USA
CF,"CF Industries Holdings, Inc. Common Stock",,,USA
LII,"Lennox International, Inc. Common Stock",,,USA
BPYPP,Brookfield Property Partners L.P. 6.50% Class A Cumulative Redeemable Perpetual Preferred Units,,,USA
BIP,Brookfield Infrastructure Partners LP Limited Partnership Units,,,USA
IP,International Paper Company Common Stock,,,USA
CHTR,"Charter Communications, Inc. Class A Common Stock New",,,USA
BR,"Broadridge Financial Solutions, Inc. Common Stock",,,USA
CDW,CDW Corporation Common Stock,,,USA
WY,Weyerhaeuser Company Common Stock,,,USA
H,Hyatt Hotels Corporation Class A Common Stock,,,USA
WCC,"WESCO International, Inc. Common Stock",,,USA
WES,"Western Midstream Partners, LP Common Units Representing Limited Partner Interests",,,USA
FLUT,Flutter Entertainment plc Ordinary Shares,,,USA
GH,"Guardant Health, Inc. Common Stock",,,USA
BPYPO,"Brookfield Property Partners L.P. 6.375% Class A Cumulative Redeemable Perpetual Preferred Units, Series 2",,,USA
INVH,Invitation Homes Inc. Common Stock,,,USA
BWXT,"BWX Technologies, Inc. Common Stock",,,USA
SN,"SharkNinja, Inc. Ordinary Shares",,,USA
AMCR,Amcor plc Ordinary Shares,,,USA
ZTO,"ZTO Express (Cayman) Inc. American Depositary Shares, each representing one Class A ordinary share.",,,USA
ITT,ITT Inc. Common Stock ,,,USA
ARXS,"Arxis, Inc. Class A Common Stock",,,USA
GIS,"General Mills, Inc. Common Stock",,,USA
TLN,Talen Energy Corporation Common Stock,,,USA
EWBC,"East West Bancorp, Inc. Common Stock",,,USA
LOGI,Logitech International S.A. Ordinary Shares,,,USA
PR,Permian Resources Corporation Class A Common Stock,,,USA
NWS,News Corporation Class B Common Stock,,,USA
NBIX,"Neurocrine Biosciences, Inc. Common Stock",,,USA
ZBH,"Zimmer Biomet Holdings, Inc. Common Stock",,,USA
OVV,Ovintiv Inc. (DE),,,USA
HST,"Host Hotels & Resorts, Inc. Common Stock",,,USA
SSNC,"SS&C Technologies Holdings, Inc. Common Stock",,,USA
NVR,"NVR, Inc. Common Stock",,,USA
FITBO,"Fifth Third Bancorp Depositary Shares each representing a 1/1000th ownership interest in a share of Non-Cumulative Perpetual Preferred Stock, Series K",,,USA
VNOM,"Viper Energy, Inc. Class A Common Stock",,,USA
BEN,"Franklin Resources, Inc. Common Stock",,,USA
KEP,Korea Electric Power Corporation Common Stock,,,USA
NVMI,Nova Ltd. Ordinary Shares,,,USA
WPC,W. P. Carey Inc. REIT,,,USA
GNRC,Generac Holdlings Inc. Common Stock,,,USA
AAOI,"Applied Optoelectronics, Inc. Common Stock",,,USA
AGI,Alamos Gold Inc. Class A Common Shares,,,USA
TPG,TPG Inc. Class A Common Stock,,,USA
KIM,Kimco Realty Corporation (HC) Common Stock,,,USA
PAA,"Plains All American Pipeline, L.P. Common Units representing Limited Partner Interests",,,USA
XPEV,"XPeng Inc. American depositary shares, each representing two Class A ordinary shares",,,USA
PTC,PTC Inc. Common Stock,,,USA
IEX,IDEX Corporation Common Stock,,,USA
GEN,Gen Digital Inc. Common Stock,,,USA
NDSN,Nordson Corporation Common Stock,,,USA
MAA,"Mid-America Apartment Communities, Inc. Common Stock",,,USA
MOD,Modine Manufacturing Company Common Stock,,,USA
OWL,Blue Owl Capital Inc. Class A Common Stock,,,USA
GMAB,Genmab A/S ADS,,,USA
AEG,Aegon Ltd. New York Registry Shares,,,USA
TLK,"PT Telekomunikasi Indonesia, Tbk",,,USA
BPYPN,"Brookfield Property Partners L.P. 5.750% Class A Cumulative Redeemable Perpetual Preferred Units, Series 3",,,USA
RBRK,"Rubrik, Inc. Class A Common Stock",,,USA
TXT,Textron Inc. Common Stock,,,USA
BWA,BorgWarner Inc. Common Stock,,,USA
KSPI,Joint Stock Company Kaspi.kz American Depository Shares,,,USA
SMTC,Semtech Corporation Common Stock,,,USA
EMA,Emera Incorporated Common Shares,,,USA
SKM,"SK Telecom Co., Ltd. Common Stock",,,USA
CG,The Carlyle Group Inc. Common Stock,,,USA
LDOS,"Leidos Holdings, Inc. Common Stock",,,USA
WMG,Warner Music Group Corp. Class A Common Stock,,,USA
NLY,Annaly Capital Management Inc. Common Stock,,,USA
LI,Li Auto Inc. American Depositary Shares,,,USA
PL,Planet Labs PBC Class A Common Stock,,,USA
APTV,Aptiv PLC Ordinary Shares,,,USA
TSCO,Tractor Supply Company Common Stock,,,USA
PS,Pershing Square Inc. Common Stock,,,USA
LAMR,Lamar Advertising Company Class A Common Stock,,,USA
CLH,"Clean Harbors, Inc. Common Stock",,,USA
DECK,Deckers Outdoor Corporation Common Stock,,,USA
SUI,"Sun Communities, Inc. Common Stock",,,USA
JAZZ,Jazz Pharmaceuticals plc Common Stock (Ireland),,,USA
YUMC,"Yum China Holdings, Inc. Common Stock",,,USA
SANM,Sanmina Corporation Common Stock,,,USA
WSO,"Watsco, Inc. Common Stock",,,USA
WF,Woori Financial Group Inc. American Depositary Shares (each representing three (3) shares of Common Stock),,,USA
BBY,"Best Buy Co., Inc. Common Stock",,,USA
BNT,Brookfield Wealth Solutions Ltd. Class A Exchangeable Limited Voting Shares,,,USA
NTNX,"Nutanix, Inc. Class A Common Stock",,,USA
IESC,"IES Holdings, Inc. Common Stock",,,USA
PFGC,Performance Food Group Company Common Stock,,,USA
NWSA,News Corporation Class A Common Stock,,,USA
DY,"Dycom Industries, Inc. Common Stock",,,USA
MLI,"Mueller Industries, Inc. Common Stock",,,USA
SGI,Somnigroup International Inc. Common Stock,,,USA
TME,"Tencent Music Entertainment Group American Depositary Shares, each representing two Class A Ordinary Shares",,,USA
BEPC,Brookfield Renewable Corporation Brookfield Renewable Corporation Class A Subordinate Voting Shares,,,USA
TOST,"Toast, Inc. Class A Common Stock",,,USA
TIGO,Millicom International Cellular S.A. Common Stock,,,USA
KKRS,KKR Group Finance Co. IX LLC 4.625% Subordinated Notes due 2061,,,USA
J,Jacobs Solutions Inc. Common Stock,,,USA
APOS,"Apollo Global Management, Inc. 7.625% Fixed-Rate Resettable Junior Subordinated Notes due 2053",,,USA
PNFP,"Pinnacle Financial Partners, Inc. Common stock",,,USA
DTM,"DT Midstream, Inc. Common Stock ",,,USA
VLYPN,"Valley National Bancorp 8.250% Fixed-Rate Reset Non-Cumulative Perpetual Preferred Stock, Series C",,,USA
LECO,"Lincoln Electric Holdings, Inc. Common Shares",,,USA
BSAC,Banco Santander - Chile ADS,,,USA
CHKP,Check Point Software Technologies Ltd. Ordinary Shares,,,USA
HUT,Hut 8 Corp. Common Stock,,,USA
SOLV,Solventum Corporation Common Stock,,,USA
LTM,"LATAM Airlines Group S.A. American Depositary Shares (each representing two thousand (2,000) shares of Common Stock)",,,USA
GIB,CGI Inc. Common Stock,,,USA
NIO,"NIO Inc. American depositary shares, each  representing one Class A ordinary share",,,USA
RRX,Regal Rexnord Corporation Common Stock,,,USA
GRAB,Grab Holdings Limited Class A Ordinary Shares,,,USA
MAS,Masco Corporation Common Stock,,,USA
REG,Regency Centers Corporation Common Stock,,,USA
BALL,Ball Corporation Common Stock,,,USA
ARMK,Aramark Common Stock,,,USA
SLMBP,"SLM Corporation Floating Rate Non-Cumulative Preferred Stock, Series B",,,USA
VICR,Vicor Corporation Common Stock,,,USA
THC,Tenet Healthcare Corporation Common Stock,,,USA
VLYPP,"Valley National Bancorp 6.25% Fixed-to-Floating Rate Non-Cumulative Perpetual Preferred Stock, Series A",,,USA
JLL,Jones Lang LaSalle Incorporated Common Stock,,,USA
VLYPO,"Valley National Bancorp 5.50% Fixed-to-Floating Rate Non-Cumulative Perpetual Preferred Stock, Series B",,,USA
CSL,Carlisle Companies Incorporated Common Stock,,,USA
SUN,Sunoco LP Common Units representing limited partner interests,,,USA
HTHT,H World Group Limited American Depositary Shares,,,USA
CSGP,"CoStar Group, Inc. Common Stock",,,USA
WSE,Wise Group plc Class A Ordinary Shares,,,USA
ONTO,Onto Innovation Inc. Common Stock,,,USA
LULU,lululemon athletica inc. Common Stock,,,USA
TRU,TransUnion Common Stock,,,USA
GPC,Genuine Parts Company Common Stock,,,USA
JHX,James Hardie Industries plc. Ordinary Shares,,,USA
ARCC,Ares Capital Corporation Common Stock,,,USA
UNM,Unum Group Common Stock,,,USA
ASND,Ascendis Pharma A/S Ordinary Share,,,USA
DOC,"Healthpeak Properties, Inc. Common Stock",,,USA
APA,APA Corporation Common Stock,,,USA
SREA,DBA Sempra 5.750% Junior Subordinated Notes due 2079,,,USA
CNH,CNH Industrial N.V. Common Shares,,,USA
FUTU,Futu Holdings Limited American Depositary Shares,,,USA
EVR,Evercore Inc. Class A Common Stock,,,USA
AUR,"Aurora Innovation, Inc. Class A Common Stock",,,USA
SOLS,Solstice Advanced Materials Inc. Common Stock ,,,USA
RPM,RPM International Inc. Common Stock,,,USA
ENLT,Enlight Renewable Energy Ltd. Ordinary Shares,,,USA
EXEL,"Exelixis, Inc. Common Stock",,,USA
BBIO,"BridgeBio Pharma, Inc. Common Stock",,,USA
TFII,TFI International Inc. Common Shares,,,USA
DINO,HF Sinclair Corporation Common Stock,,,USA
U,Unity Software Inc. Common Stock,,,USA
SNN,"Smith & Nephew SNATS, Inc. Common Stock",,,USA
MEDP,"Medpace Holdings, Inc. Common Stock",,,USA
GLPI,"Gaming and Leisure Properties, Inc. Common Stock",,,USA
JBS,JBS N.V. Class A Common Shares,,,USA
TOL,"Toll Brothers, Inc. Common Stock",,,USA
OHI,"Omega Healthcare Investors, Inc. Common Stock",,,USA
ALLY,Ally Financial Inc. Common Stock,,,USA
TYL,"Tyler Technologies, Inc. Common Stock",,,USA
TRMB,Trimble Inc. Common Stock,,,USA
WULF,TeraWulf Inc. Common Stock,,,USA
RGA,"Reinsurance Group of America, Incorporated Common Stock",,,USA
CET,Central Securities Corporation Common Stock,,,USA
GFL,"GFL Environmental Inc. Subordinate voting shares, no par value",,,USA
HRL,Hormel Foods Corporation Common Stock,,,USA
GWRE,"Guidewire Software, Inc. Common Stock",,,USA
KNX,Knight-Swift Transportation Holdings Inc.,,,USA
EG,"Everest Group, Ltd. Common Stock",,,USA
UDR,"UDR, Inc. Common Stock",,,USA
APLD,Applied Digital Corporation Common Stock,,,USA
PEN,"Penumbra, Inc. Common Stock",,,USA
DT,"Dynatrace, Inc. Common Stock",,,USA
DKNG,DraftKings Inc. Class A Common Stock,,,USA
SAIA,"Saia, Inc. Common Stock",,,USA
MKC,"McCormick & Company, Incorporated Common Stock",,,USA
IVZ,Invesco Ltd Common Stock,,,USA
AIZ,"Assurant, Inc. Common Stock",,,USA
DRS,"Leonardo DRS, Inc. Common Stock",,,USA
VIAV,Viavi Solutions Inc. Common Stock,,,USA
IONS,"Ionis Pharmaceuticals, Inc. Common Stock",,,USA
FNF,"Fidelity National Financial, Inc. Common Stock",,,USA
ELAN,Elanco Animal Health Incorporated Common Stock,,,USA
DVA,DaVita Inc. Common Stock,,,USA
GGG,Graco Inc. Common Stock,,,USA
SWK,"Stanley Black & Decker, Inc. Common Stock",,,USA
KLAR,Klarna Group plc Ordinary Shares,,,USA
MGM,MGM Resorts International Common Stock,,,USA
FMS,Fresenius Medical Care AG American Depositary Shares (Each representing 1/2 of an Ordinary Share),,,USA
AEIS,"Advanced Energy Industries, Inc. Common Stock",,,USA
NYT,New York Times Company (The) Common Stock,,,USA
PNW,Pinnacle West Capital Corporation Common Stock,,,USA
LFUS,"Littelfuse, Inc. Common Stock",,,USA
PAC,"Grupo Aeroportuario Del Pacifico, S.A. B. de C.V. Grupo Aeroportuario Del Pacifico, S.A. de C.V. (each representing 10 Series B shares)",,,USA
COO,"The Cooper Companies, Inc. Common Stock",,,USA
PINS,"Pinterest, Inc. Class A Common Stock",,,USA
CRBG,Corebridge Financial Inc. Common Stock,,,USA
ALGN,"Align Technology, Inc. Common Stock",,,USA
SWKS,"Skyworks Solutions, Inc. Common Stock",,,USA
ELS,"Equity Lifestyle Properties, Inc. Common Stock",,,USA
GL,Globe Life Inc. Common Stock,,,USA
HBM,Hudbay Minerals Inc. Ordinary Shares (Canada),,,USA
PSKY,Paramount Skydance Corporation Class B Common Stock,,,USA
HAS,"Hasbro, Inc. Common Stock",,,USA
AXSM,"Axsome Therapeutics, Inc. Common Stock",,,USA
FIG,"Figma, Inc. Class A Common Stock",,,USA
KTOS,"Kratos Defense & Security Solutions, Inc. Common Stock",,,USA
AMH,American Homes 4 Rent Common Shares of Beneficial Interest,,,USA
SPXC,"SPX Technologies, Inc. Common Stock",,,USA
RNR,RenaissanceRe Holdings Ltd. Common Stock,,,USA
AGNC,AGNC Investment Corp. Common Stock,,,USA
WBS,Webster Financial Corporation Common Stock,,,USA
PNR,Pentair plc. Ordinary Share,,,USA
QXO,"QXO, Inc. Common Stock",,,USA
AAON,"AAON, Inc. Common Stock",,,USA
CACI,"CACI International, Inc. Class A Common Stock",,,USA
AVY,Avery Dennison Corporation Common Stock,,,USA
ICLR,ICON plc Ordinary Shares,,,USA
ZBRA,Zebra Technologies Corporation Class A Common Stock,,,USA
MP,MP Materials Corp. Common Stock,,,USA
BIPJ,Brookfield Infrastructure Corporation 7.250% Subordinated Notes due 2084,,,USA
HII,"Huntington Ingalls Industries, Inc. Common Stock",,,USA
AIT,"Applied Industrial Technologies, Inc. Common Stock",,,USA
SMMT,Summit Therapeutics Inc. Common Stock ,,,USA
FHN,First Horizon Corporation Common Stock,,,USA
AR,Antero Resources Corporation Common Stock,,,USA
ARW,"Arrow Electronics, Inc. Common Stock",,,USA
BLD,TopBuild Corp. Common Stock,,,USA
RVTY,"Revvity, Inc. Common Stock",,,USA
CNA,CNA Financial Corporation Common Stock,,,USA
OKLO,Oklo Inc. Class A common stock,,,USA
MDGL,"Madrigal Pharmaceuticals, Inc. Common Stock",,,USA
COKE,"Coca-Cola Consolidated, Inc. Common Stock",,,USA
EQH,"Equitable Holdings, Inc. Common Stock",,,USA
JEF,Jefferies Financial Group Inc. Common Stock,,,USA
BJ,"BJ's Wholesale Club Holdings, Inc. Common Stock",,,USA
HL,Hecla Mining Company Common Stock,,,USA
HUBS,"HubSpot, Inc. Common Stock",,,USA
PAG,"Penske Automotive Group, Inc. Common Stock",,,USA
CPT,Camden Property Trust Common Stock,,,USA
GDDY,GoDaddy Inc. Class A Common Stock,,,USA
ALLE,Allegion plc Ordinary Shares,,,USA
BTSG,"BrightSpring Health Services, Inc. Common Stock",,,USA
GLXY,Galaxy Digital Inc. Class A Common Stock,,,USA
RDY,Dr. Reddy's Laboratories Ltd Common Stock,,,USA
IT,"Gartner, Inc. Common Stock",,,USA
FRVO,Fervo Energy Company Class A common stock,,,USA
HMY,Harmony Gold Mining Company Limited,,,USA
RGC,Regencell Bioscience Holdings Limited Ordinary Shares,,,USA
JOBY,"Joby Aviation, Inc. Common Stock",,,USA
SF,Stifel Financial Corporation Common Stock,,,USA
POWL,"Powell Industries, Inc. Common Stock",,,USA
WLK,Westlake Corporation Common Stock,,,USA
BMRN,BioMarin Pharmaceutical Inc. Common Stock,,,USA
CR,Crane Company Common Stock,,,USA
GMED,"Globus Medical, Inc. Class A Common Stock",,,USA
CLX,Clorox Company (The) Common Stock,,,USA
SJM,The J.M. Smucker Company Common Stock,,,USA
CGNX,Cognex Corporation Common Stock,,,USA
WYNN,"Wynn Resorts, Limited Common stock",,,USA
GIL,"Gildan Activewear, Inc. Class A Sub. Vot. Common Stock",,,USA
AFG,"American Financial Group, Inc. Common Stock",,,USA
SEIC,SEI Investments Company Common Stock,,,USA
GSAT,"Globalstar, Inc. Common Stock",,,USA
FIVE,"Five Below, Inc. Common Stock",,,USA
TXRH,"Texas Roadhouse, Inc. Common Stock",,,USA
ARWR,"Arrowhead Pharmaceuticals, Inc. Common Stock",,,USA
VMI,"Valmont Industries, Inc. Common Stock",,,USA
SAIL,"SailPoint, Inc. Common Stock",,,USA
WTS,"Watts Water Technologies, Inc. Class A Common Stock",,,USA
AES,The AES Corporation Common Stock,,,USA
TIMB,TIM S.A. American Depositary Shares (Each representing 5 Common Shares) ,,,USA
CIFR,Cipher Digital Inc. Common Stock,,,USA
FRT,Federal Realty Investment Trust Common Stock,,,USA
FROG,JFrog Ltd. Ordinary Shares,,,USA
MICC,The Magnum Ice Cream Company N.V. Ordinary Shares,,,USA
WTRG,"Essential Utilities, Inc. Common Stock",,,USA
SFD,"Smithfield Foods, Inc. Common Stock",,,USA
CCK,"Crown Holdings, Inc.",,,USA
RIOT,"Riot Platforms, Inc. Common Stock ",,,USA
WTFC,Wintrust Financial Corporation Common Stock,,,USA
R,"Ryder System, Inc. Common Stock",,,USA
AM,Antero Midstream Corporation Common Stock,,,USA
ESI,Element Solutions Inc. Common Stock,,,USA
DPZ,Domino's Pizza Inc Common Stock,,,USA
EMBJ,Embraer S.A. Common Stock,,,USA
AVAV,"AeroVironment, Inc. Common Stock",,,USA
LUMN,"Lumen Technologies, Inc. Common Stock",,,USA
BMNR,"BitMine Immersion Technologies, Inc. Common Stock",,,USA
CNM,"Core & Main, Inc. Class A Common Stock",,,USA
SUZ,Suzano S.A. American Depositary Shares (each representing One Ordinary Share),,,USA
PODD,Insulet Corporation Common Stock,,,USA
ERIE,Erie Indemnity Company Class A Common Stock,,,USA
QBTS,D-Wave Quantum Inc. Common Shares,,,USA
SNAP,Snap Inc. Class A Common Stock,,,USA
WMS,"Advanced Drainage Systems, Inc. Common Stock",,,USA
MOH,Molina Healthcare Inc Common Stock,,,USA
BSY,"Bentley Systems, Incorporated Class B Common Stock",,,USA
PAYP,PayPay Corporation American Depository Shares,,,USA
BAX,Baxter International Inc. Common Stock,,,USA
GME,GameStop Corporation Common Stock,,,USA
SIMO,Silicon Motion Technology Corporation American Depositary Shares,,,USA
ALGM,"Allegro MicroSystems, Inc. Common Stock",,,USA
DOCU,"DocuSign, Inc. Common Stock",,,USA
IAG,Iamgold Corporation Ordinary Shares,,,USA
MUSA,Murphy USA Inc. Common Stock,,,USA
VSAT,"ViaSat, Inc. Common Stock",,,USA
GTLS,"Chart Industries, Inc. Common Stock",,,USA
EHC,Encompass Health Corporation Common Stock,,,USA
BXP,"BXP, Inc. Common Stock",,,USA
TTD,"The Trade Desk, Inc. Class A Common Stock",,,USA
FORM,"FormFactor, Inc. FormFactor, Inc. Common Stock",,,USA
BPOP,"Popular, Inc. Common Stock",,,USA
TX,"Ternium S.A. Ternium S.A. American Depositary Shares (each representing ten shares, USD1.00 par value)",,,USA
LINE,"Lineage, Inc. Common Stock",,,USA
ALSN,"Allison Transmission Holdings, Inc. Common Stock",,,USA
UMBF,UMB Financial Corporation Common Stock,,,USA
BROS,Dutch Bros Inc. Class A Common Stock,,,USA
AG,First Majestic Silver Corp. Ordinary Shares (Canada),,,USA
FRHC,Freedom Holding Corp. Common Stock,,,USA
ALV,"Autoliv, Inc. Common Stock",,,USA
HLI,"Houlihan Lokey, Inc. Class A Common Stock",,,USA
FCFS,"FirstCash Holdings, Inc. Common Stock",,,USA
CART,Maplebear Inc. Common Stock,,,USA
DCI,"Donaldson Company, Inc. Common Stock",,,USA
PSO,"Pearson, Plc Common Stock",,,USA
OGE,OGE Energy Corp Common Stock,,,USA
OC,Owens Corning Inc Common Stock New,,,USA
DAR,Darling Ingredients Inc. Common Stock,,,USA
ONBPO,"Old National Bancorp Depositary Shares, Each Representing a 1/40th Interest in a Share of Series C Preferred Stock",,,USA
FLS,Flowserve Corporation Common Stock,,,USA
SCI,Service Corporation International Common Stock,,,USA
AGX,"Argan, Inc. Common Stock",,,USA
ONBPP,"Old National Bancorp Depositary Shares, Each Representing a 1/40th Interest in a Share of Series A Preferred Stock",,,USA
LGN,Legence Corp. Class A Common stock,,,USA
ENSG,"The Ensign Group, Inc. Common Stock",,,USA
DDS,"Dillard's, Inc. Common Stock",,,USA
BAH,Booz Allen Hamilton Holding Corporation Common Stock,,,USA
W,Wayfair Inc. Class A Common Stock,,,USA
RRC,Range Resources Corporation Common Stock,,,USA
EMP,"Entergy Mississippi, LLC First Mortgage Bonds, 4.90% Series Due October 1, 2066",,,USA
TEM,"Tempus AI, Inc. Class A Common Stock",,,USA
MASI,Masimo Corporation Common Stock,,,USA
SIRI,SiriusXM Holdings Inc. Common Stock,,,USA
XE,"X-Energy, Inc. Class A Common Stock",,,USA
ACM,AECOM Common Stock,,,USA
AYI,Acuity Inc. Common Stock,,,USA
BRX,Brixmor Property Group Inc. Common Stock,,,USA
GGB,Gerdau S.A. Common Stock,,,USA
BRKR,Bruker Corporation Common Stock,,,USA
FDS,FactSet Research Systems Inc. Common Stock,,,USA
TKR,Timken Company (The) Common Stock,,,USA
JKHY,"Jack Henry & Associates, Inc. Common Stock",,,USA
ZION,Zions Bancorporation N.A. Common Stock,,,USA
MSGS,Madison Square Garden Sports Corp. Class A Common Stock (New),,,USA
SSB,SouthState Bank Corporation Common Stock,,,USA
ONB,Old National Bancorp Common Stock,,,USA
ARE,"Alexandria Real Estate Equities, Inc. Common Stock",,,USA
EAI,"Entergy Arkansas, LLC First Mortgage Bonds, 4.875% Series Due September 1, 2066",,,USA
CIB,Grupo Cibest S.A. American Depositary Shares each representing four Preferred Shares,,,USA
YMM,Full Truck Alliance Co. Ltd. American Depositary Shares (each representing 20 Class A Ordinary Shares),,,USA
ENJ,"Entergy New Orleans, LLC First Mortgage Bonds, 5.0% Series due December 1, 2052",,,USA
QRVO,"Qorvo, Inc. Common Stock",,,USA
EQX,Equinox Gold Corp. Common Shares,,,USA
KRYS,"Krystal Biotech, Inc. Common Stock",,,USA
CUBE,CubeSmart Common Shares,,,USA
SNEX,StoneX Group Inc. Common Stock,,,USA
ORI,Old Republic International Corporation Common Stock,,,USA
ENPH,"Enphase Energy, Inc. Common Stock",,,USA
CYTK,"Cytokinetics, Incorporated Common Stock",,,USA
CRL,"Charles River Laboratories International, Inc. Common Stock",,,USA
AHR,"American Healthcare REIT, Inc. Common Stock",,,USA
MANH,"Manhattan Associates, Inc. Common Stock",,,USA
CORZZ,"Core Scientific, Inc. Tranche 2 Warrants",,,USA
CRUS,"Cirrus Logic, Inc. Common Stock",,,USA
MBLY,Mobileye Global Inc. Class A Common Stock,,,USA
CORZ,"Core Scientific, Inc. Common Stock",,,USA
CTRE,"CareTrust REIT, Inc. Common Stock",,,USA
AMG,"Affiliated Managers Group, Inc. Common Stock",,,USA
WAL,Western Alliance Bancorporation Common Stock (DE),,,USA
AAL,American Airlines Group Inc. Common Stock,,,USA
ASR,"Grupo Aeroportuario del Sureste, S.A. de C.V. Common Stock",,,USA
NCLH,Norwegian Cruise Line Holdings Ltd. Ordinary Shares,,,USA
KT,KT Corporation Common Stock,,,USA
ORA,"Ormat Technologies, Inc. Common Stock",,,USA
BVN,Buenaventura Mining Company Inc.,,,USA
ENS,EnerSys Common Stock,,,USA
HSIC,"Henry Schein, Inc. Common Stock",,,USA
AGCO,AGCO Corporation Common Stock,,,USA
ADC,Agree Realty Corporation Common Stock,,,USA
VSH,"Vishay Intertechnology, Inc. Common Stock",,,USA
LEVI,Levi Strauss & Co Class A Common Stock,,,USA
CFR,"Cullen/Frost Bankers, Inc. Common Stock",,,USA
UHS,"Universal Health Services, Inc. Common Stock",,,USA
SSL,Sasol Ltd. American Depositary Shares,,,USA
TTC,Toro Company (The) Common Stock,,,USA
STN,Stantec Inc Common Stock,,,USA
COLB,"Columbia Banking System, Inc. Common Stock",,,USA
ELPC,Companhia Paranaense de Energia (COPEL) American Depositary Shares (each representing four (4) Common Shares),,,USA
CHWY,"Chewy, Inc. Class A Common Stock",,,USA
SARO,"StandardAero, Inc. Common Stock",,,USA
HALO,"Halozyme Therapeutics, Inc. Common Stock",,,USA
TPGXL,"TPG Operating Group II, L.P. 6.950% Fixed-Rate Junior Subordinated Notes due 2064",,,USA
CMC,Commercial Metals Company Common Stock,,,USA
MXL,"MaxLinear, Inc. Common Stock",,,USA
CAMT,Camtek Ltd. Ordinary Shares,,,USA
LLYVK,"Liberty Live Holdings, Inc. Series C Liberty Live Group Common Stock",,,USA
RYAN,"Ryan Specialty Holdings, Inc. Class A Common Stock",,,USA
NNN,"NNN REIT, Inc. Common Stock",,,USA
CAVA,"CAVA Group, Inc. Common Stock",,,USA
PRMB,Primo Brands Corporation Class A Common Stock,,,USA
TECH,Bio-Techne Corp Common Stock,,,USA
ABVX,Abivax SA American Depositary Shares,,,USA
OSK,Oshkosh Corporation (Holding Company)Common Stock,,,USA
EMN,Eastman Chemical Company Common Stock,,,USA
ZG,"Zillow Group, Inc. Class A Common Stock",,,USA
CLF,Cleveland-Cliffs Inc. Common Stock,,,USA
BIO,"Bio-Rad Laboratories, Inc. Class A Common Stock",,,USA
Z,"Zillow Group, Inc. Class C Capital Stock",,,USA
CAE,CAE Inc. Ordinary Shares,,,USA
FR,"First Industrial Realty Trust, Inc. Common Stock",,,USA
LLYVA,"Liberty Live Holdings, Inc. Series A Liberty Live Group Common Stock",,,USA
RIG,Transocean Ltd (Switzerland) Common Stock,,,USA
SM,SM Energy Company Common Stock,,,USA
MTCH,"Match Group, Inc. Common Stock",,,USA
XP,XP Inc. Class A Common Stock,,,USA
PRI,"Primerica, Inc. Common Stock",,,USA
BLDR,"Builders FirstSource, Inc. Common Stock",,,USA
CORT,Corcept Therapeutics Incorporated Common Stock,,,USA
RGTI,"Rigetti Computing, Inc. Common Stock",,,USA
PRH,"Prudential Financial, Inc. 5.950% Junior Subordinated Notes due 2062",,,USA
VIRT,"Virtu Financial, Inc. Class A Common Stock",,,USA
VIST,"Vista Energy S.A.B. de C.V. American Depositary Shares, each representing one series A share, with no par value",,,USA
JHG,Janus Henderson Group plc Ordinary Shares,,,USA
ZWS,Zurn Elkay Water Solutions Corporation Common Stock,,,USA
BIRK,Birkenstock Holding plc Ordinary Shares,,,USA
SBSW,D/B/A Sibanye-Stillwater Limited ADS,,,USA
ECG,"Everus Construction Group, Inc. Common Stock",,,USA
CHRD,Chord Energy Corporation Common Stock,,,USA
AOS,A.O. Smith Corporation Common Stock,,,USA
ACI,"Albertsons Companies, Inc. Class A Common Stock",,,USA
BOKF,BOK Financial Corporation Common Stock,,,USA
GGAL,Grupo Financiero Galicia S.A. American Depositary Shares,,,USA
SOBO,South Bow Corporation Common Shares,,,USA
PRS,"Prudential Financial, Inc. 5.625% Junior Subordinated Notes due 2058",,,USA
VFS,VinFast Auto Ltd. Ordinary Shares,,,USA
GAP,"Gap, Inc. (The) Common Stock",,,USA
QGEN,Qiagen N.V. Common Shares,,,USA
REXR,"Rexford Industrial Realty, Inc. Common Stock",,,USA
NOV,NOV Inc. Common Stock,,,USA
SSD,"Simpson Manufacturing Company, Inc. Common Stock",,,USA
IDA,"IDACORP, Inc. Common Stock",,,USA
ST,Sensata Technologies Holding plc Ordinary Shares,,,USA
PCOR,"Procore Technologies, Inc. Common Stock",,,USA
CBSH,"Commerce Bancshares, Inc. Common Stock",,,USA
VLY,Valley National Bancorp Common Stock,,,USA
KEX,Kirby Corporation Common Stock,,,USA
IBRX,"ImmunityBio, Inc. Common Stock",,,USA
VOYA,"Voya Financial, Inc. Common Stock",,,USA
PLXS,Plexus Corp. Common Stock,,,USA
FRO,Frontline Plc Ordinary Shares,,,USA
ICL,ICL Group Ltd. Ordinary Shares,,,USA
BIPH,Brookfield Infrastructure Corporation 5.000% Subordinated Notes due 2081,,,USA
ESE,ESCO Technologies Inc. Common Stock,,,USA
NXE,Nexgen Energy Ltd. Common Shares,,,USA
SFM,"Sprouts Farmers Market, Inc. Common Stock",,,USA
BILI,Bilibili Inc. American Depositary Shares,,,USA
RTO,Rentokil Initial plc American Depositary Shares (each representing five (5) Ordinary Shares),,,USA
WFRD,Weatherford International plc Ordinary Shares,,,USA
LSTR,"Landstar System, Inc. Common Stock",,,USA
NE,Noble Corporation plc A Ordinary Shares,,,USA
KNTK,Kinetik Holdings Inc. Class A Common Stock,,,USA
NUVL,"Nuvalent, Inc. Class A Common Stock",,,USA
JXN,Jackson Financial Inc. Class A Common Stock ,,,USA
RHP,"Ryman Hospitality Properties, Inc. (REIT)",,,USA
PRAX,"Praxis Precision Medicines, Inc. Common Stock",,,USA
UGI,UGI Corporation Common Stock,,,USA
NFG,National Fuel Gas Company Common Stock,,,USA
NEU,NewMarket Corp Common Stock,,,USA
LUNR,"Intuitive Machines, Inc. Class A Common Stock",,,USA
BEPJ,Brookfield BRP Holdings (Canada) Inc. 7.250% Perpetual Subordinated Notes,,,USA
YOU,"Clear Secure, Inc. Class A Common Stock",,,USA
MOS,Mosaic Company (The) Common Stock,,,USA
CWAN,"Clearwater Analytics Holdings, Inc. Class A Common Stock",,,USA
GJS,"Goldman Sachs Group Securities STRATS Trust for Goldman Sachs Group Securities, Series 2006-2",,,USA
GDS,GDS Holdings Limited ADS,,,USA
TTEK,"Tetra Tech, Inc. Common Stock",,,USA
LTH,"Life Time Group Holdings, Inc. Common Stock",,,USA
ALKS,Alkermes plc Ordinary Shares,,,USA
AVT,"Avnet, Inc. Common Stock",,,USA
SLAB,"Silicon Laboratories, Inc. Common Stock",,,USA
MWH,"SOLV Energy, Inc. Class A Common Stock",,,USA
LEA,Lear Corporation Common Stock,,,USA
KRMN,Karman Holdings Inc. Common Stock,,,USA
TAP,Molson Coors Beverage Company Class B Common Stock,,,USA
HQY,"HealthEquity, Inc. Common Stock",,,USA
ATR,"AptarGroup, Inc. Common Stock",,,USA
NVTS,Navitas Semiconductor Corporation Common Stock,,,USA
TEX,Terex Corporation Common Stock,,,USA
GKOS,Glaukos Corporation Common Stock,,,USA
RGEN,Repligen Corporation Common Stock,,,USA
INGM,Ingram Micro Holding Corporation Common Stock,,,USA
OSCR,"Oscar Health, Inc. Class A Common Stock",,,USA
CELH,"Celsius Holdings, Inc. Common Stock",,,USA
TTAN,"ServiceTitan, Inc. Class A Common Stock",,,USA
STAG,"Stag Industrial, Inc. Common Stock",,,USA
MRCY,Mercury Systems Inc Common Stock,,,USA
SATA,"Strive, Inc. Variable Rate Series A Perpetual Preferred Stock",,,USA
MIDD,Middleby Corporation (The) Common Stock,,,USA
PCVX,"Vaxcyte, Inc. Common Stock",,,USA
FLR,Fluor Corporation Common Stock,,,USA
AXS,Axis Capital Holdings Limited Common Stock,,,USA
MYRG,"MYR Group, Inc. Common Stock",,,USA
MORN,"Morningstar, Inc. Common Stock",,,USA
RAL,Ralliant Corporation Common Stock,,,USA
AXTI,AXT Inc Common Stock,,,USA
PB,"Prosperity Bancshares, Inc. Common Stock",,,USA
UEC,Uranium Energy Corp. Common Stock,,,USA
PRIM,Primoris Services Corporation Common Stock,,,USA
MTDR,Matador Resources Company Common Stock,,,USA
CHYM,"Chime Financial, Inc. Class A Common Stock",,,USA
FIGR,"Figure Technology Solutions, Inc. Class A Common Stock",,,USA
PPC,Pilgrim's Pride Corporation Common Stock,,,USA
BBUC,Brookfield Business Corporation Class A Subordinate Voting Shares,,,USA
TRNO,Terreno Realty Corporation Common Stock,,,USA
APGE,"Apogee Therapeutics, Inc. Common Stock",,,USA
ACGLO,"Arch Capital Group Ltd. Depositary Shares Each Representing 1/1,000th Interest in a Share of 5.45% Non-Cumulative Preferred Shares, Series F",,,USA
KNSL,"Kinsale Capital Group, Inc. Common Stock",,,USA
SYRE,"Spyre Therapeutics, Inc. Common Stock",,,USA
AXTA,Axalta Coating Systems Ltd. Common Shares,,,USA
HR,Healthcare Realty Trust Incorporated Common Stock,,,USA
CMSD,CMS Energy Corporation 5.875% Junior Subordinated Notes due 2079,,,USA
OR,OR Royalties Inc. Common Shares,,,USA
CMSC,CMS Energy Corporation 5.875% Junior Subordinated Notes due 2078,,,USA
HXL,Hexcel Corporation Common Stock,,,USA
IDCC,"InterDigital, Inc. Common Stock",,,USA
ESTC,Elastic N.V. Ordinary Shares,,,USA
CBC,"Central Bancompany, Inc. Class A Common Stock",,,USA
EXP,Eagle Materials Inc Common Stock,,,USA
CORZW,"Core Scientific, Inc. Tranche 1 Warrants",,,USA
FAF,First American Corporation (New) Common Stock,,,USA
IMVT,"Immunovant, Inc. Common Stock",,,USA
NPO,Enpro Inc. Common Stock,,,USA
DSGX,Descartes Systems Group Inc. (The) Common Stock,,,USA
LNTH,"Lantheus Holdings, Inc. Common Stock",,,USA
TMHC,Taylor Morrison Home Corporation Common Stock,,,USA
POOL,Pool Corporation Common Stock,,,USA
KMX,CarMax Inc,,,USA
VIPS,"Vipshop Holdings Limited American Depositary Shares, each representing two ordinary shares",,,USA
GTES,Gates Industrial Corporation plc Ordinary Shares,,,USA
LAD,"Lithia Motors, Inc. Common Stock",,,USA
SGHC,Super Group (SGHC) Limited Ordinary Shares,,,USA
FLY,Firefly Aerospace Inc. Common Stock,,,USA
PTGX,"Protagonist Therapeutics, Inc. Common Stock",,,USA
BZ,KANZHUN LIMITED American Depository Shares,,,USA
FSS,Federal Signal Corporation Common Stock,,,USA
CENX,Century Aluminum Company Common Stock,,,USA
BYD,Boyd Gaming Corporation Common Stock,,,USA
VNO,Vornado Realty Trust Common Stock,,,USA
DOX,Amdocs Limited Ordinary Shares,,,USA
TXNM,"TXNM Energy, Inc. Common Stock",,,USA
THG,Hanover Insurance Group Inc,,,USA
MSM,"MSC Industrial Direct Company, Inc. Common Stock",,,USA
PAYC,"Paycom Software, Inc. Common Stock",,,USA
JBTM,JBT Marel Corporation Common Stock,,,USA
AWI,Armstrong World Industries Inc Common Stock,,,USA
LNC,Lincoln National Corporation Common Stock,,,USA
AVTR,"Avantor, Inc. Common Stock",,,USA
SNDR,"Schneider National, Inc. Common Stock",,,USA
PSN,Parsons Corporation Common Stock,,,USA
JAN,"Janus Living, Inc. Class A-1 Common Stock",,,USA
HIMS,"Hims & Hers Health, Inc. Class A Common Stock",,,USA
VFC,V.F. Corporation Common Stock,,,USA
URBN,"Urban Outfitters, Inc. Common Stock",,,USA
LKQ,LKQ Corporation Common Stock,,,USA
VAL,Valaris Limited Common Shares,,,USA
CPB,The Campbell's Company Common Stock,,,USA
FSV,FirstService Corporation Common Shares,,,USA
EPRT,"Essential Properties Realty Trust, Inc. Common Stock",,,USA
MHK,"Mohawk Industries, Inc. Common Stock",,,USA
PJT,PJT Partners Inc. Class A Common Stock,,,USA
OMF,"OneMain Holdings, Inc. Common Stock",,,USA
ROAD,"Construction Partners, Inc. Class A Common Stock",,,USA
SSRM,SSR Mining Inc. Common Stock,,,USA
CMSA,CMS Energy Corporation 5.625% Junior Subordinated Notes due 2078,,,USA
ETSY,"Etsy, Inc. Common Stock",,,USA
DBX,"Dropbox, Inc. Class A Common Stock",,,USA
OGC,OceanaGold Corporation Common Shares,,,USA
STWD,"STARWOOD PROPERTY TRUST, INC. Starwood Property Trust Inc.",,,USA
LEGN,Legend Biotech Corporation American Depositary Shares,,,USA
RYN,Rayonier Inc. REIT Common Stock,,,USA
SWX,"Southwest Gas Holdings, Inc. Common Stock (DE)",,,USA
AN,"AutoNation, Inc. Common Stock",,,USA
TFPM,Triple Flag Precious Metals Corp. Common Shares,,,USA
FNB,F.N.B. Corporation Common Stock,,,USA
INGR,Ingredion Incorporated Common Stock,,,USA
CAR,"Avis Budget Group, Inc. Common Stock",,,USA
MSA,MSA Safety Incorporated Common Stock,,,USA
LILPV,Liberty Latin America Ltd. 9.0% Fixed Rate Cumulative Perpetual Redeemable Series A Preference Shares,,,USA
TGTX,"TG Therapeutics, Inc. Common Stock",,,USA
GVA,Granite Construction Incorporated Common Stock,,,USA
CNTA,Centessa Pharmaceuticals plc American Depositary Shares,,,USA
GTX,Garrett Motion Inc. Common Stock,,,USA
GATX,GATX Corporation Common Stock,,,USA
GBCI,"Glacier Bancorp, Inc. Common Stock",,,USA
KYMR,"Kymera Therapeutics, Inc. Common Stock",,,USA
BTG,B2Gold Corp Common shares (Canada),,,USA
RSI,"Rush Street Interactive, Inc. Class A Common Stock",,,USA
AROC,"Archrock, Inc. Common Stock",,,USA
ACA,"Arcosa, Inc. Common Stock ",,,USA
ONDS,Ondas Inc. Common Stock,,,USA
M,Macy's Inc Common Stock,,,USA
PATH,"UiPath, Inc. Class A Common Stock",,,USA
MAC,Macerich Company (The) Common Stock,,,USA
CAG,"ConAgra Brands, Inc. Common Stock",,,USA
LOAR,Loar Holdings Inc. Common Stock,,,USA
BB,BlackBerry Limited Common Stock,,,USA
KGS,"Kodiak Gas Services, Inc. Common Stock",,,USA
USAR,"USA Rare Earth, Inc. Class A Common Stock",,,USA
CROX,"Crocs, Inc. Common Stock",,,USA
PCTY,Paylocity Holding Corporation Common Stock,,,USA
UBSI,"United Bankshares, Inc. Common Stock",,,USA
CIG,Comp En De Mn Cemig ADS American Depositary Shares,,,USA
CHDN,"Churchill Downs, Incorporated Common Stock",,,USA
RYTM,"Rhythm Pharmaceuticals, Inc. Common Stock",,,USA
ACMR,"ACM Research, Inc. Class A Common Stock",,,USA
WH,"Wyndham Hotels & Resorts, Inc. Common Stock ",,,USA
CZR,"Caesars Entertainment, Inc. Common Stock",,,USA
PACS,"PACS Group, Inc. Common Stock",,,USA
TAL,TAL Education Group American Depositary Shares,,,USA
OTEX,Open Text Corporation Common Shares,,,USA
PEGA,Pegasystems Inc. Common Stock,,,USA
RRR,"Red Rock Resorts, Inc. Class A Common Stock",,,USA
CE,Celanese Corporation Common Stock,,,USA
COMP,"Compass, Inc. Class A Common Stock",,,USA
FLG,"Flagstar Bank, N.A. Common Stock",,,USA
NOVT,Novanta Inc. Common Stock,,,USA
ALM,Almonty Industries Inc. Common Shares,,,USA
PTCT,"PTC Therapeutics, Inc. Common Stock",,,USA
EAT,"Brinker International, Inc. Common Stock",,,USA
LW,"Lamb Weston Holdings, Inc. Common Stock ",,,USA
TFX,Teleflex Incorporated Common Stock,,,USA
TV,Grupo Televisa S.A.B. Common Stock,,,USA
CGABL,The Carlyle Group Inc. 4.625% Subordinated Notes due 2061,,,USA
PFH,"Prudential Financial, Inc. 4.125% Junior Subordinated Notes due 2060",,,USA
AVAL,Grupo Aval Acciones y Valores S.A. ADR (Each representing 20 preferred shares),,,USA
ABCB,Ameris Bancorp Common Stock,,,USA
ENIC,Enel Chile S.A. American Depositary Shares (Each representing 50 shares of Common Stock),,,USA
VSXY,Victorias Secret & Co. Common Stock ,,,USA
APPF,"AppFolio, Inc. Class A Common Stock",,,USA
ZETA,Zeta Global Holdings Corp. Class A Common Stock,,,USA
POR,Portland General Electric Co Common Stock,,,USA
ACGLN,"Arch Capital Group Ltd. Depositary Shares, each Representing a 1/1,000th Interest in a 4.550% Non-Cumulative Preferred Share, Series G",,,USA
CHE,Chemed Corp,,,USA
CACC,Credit Acceptance Corporation Common Stock,,,USA
MUR,Murphy Oil Corporation Common Stock,,,USA
LB,LandBridge Company LLC Class A Shares Representing Limited Liability Company Interests,,,USA
ACT,"Enact Holdings, Inc. Common Stock",,,USA
GXO,"GXO Logistics, Inc. Common Stock ",,,USA
TEO,Telecom Argentina SA,,,USA
MDA,MDA Space Ltd. Common Shares,,,USA
VSNT,"Versant Media Group, Inc. Class A Common Stock ",,,USA
AMTM,"Amentum Holdings, Inc. Common Stock",,,USA
BLTE,"Belite Bio, Inc American Depositary Shares",,,USA
MATX,"Matson, Inc. Common Stock",,,USA
S,"SentinelOne, Inc. Class A Common Stock",,,USA
MIRM,"Mirum Pharmaceuticals, Inc. Common Stock",,,USA
KLIC,"Kulicke and Soffa Industries, Inc. Common Stock",,,USA
NAVN,"Navan, Inc. Class A Common Stock",,,USA
HWC,Hancock Whitney Corporation Common Stock,,,USA
SEI,"Solaris Energy Infrastructure, Inc. Class A Common Stock",,,USA
KOF,"Coca Cola Femsa S.A.B. de C.V.  American Depositary Shares, each representing 10 Units (each Unit consists of 3 Series B Shares and 5 Series L Shares)",,,USA
OBDC,Blue Owl Capital Corporation Common Stock,,,USA
STVN,Stevanato Group S.p.A. Ordinary Shares,,,USA
COGT,"Cogent Biosciences, Inc. Common Stock",,,USA
AUGO,Aura Minerals Inc. Common Shares,,,USA
IFS,Intercorp Financial Services Inc. Common Shares,,,USA
HCC,"Warrior Met Coal, Inc. Common Stock",,,USA
QS,QuantumScape Corporation Class A Common Stock,,,USA
G,Genpact Limited Common Stock,,,USA
OZK,Bank OZK Common Stock,,,USA
BMA,Banco Macro S.A.  ADR (representing Ten Class B Common Shares),,,USA
LQDA,Liquidia Corporation Common Stock,,,USA
NICE,NICE Ltd American Depositary Shares,,,USA
VCTR,"Victory Capital Holdings, Inc. Class A Common Stock",,,USA
KRG,Kite Realty Group Trust Common Stock,,,USA
STEP,StepStone Group Inc. Class A Common Stock,,,USA
BIPC,Brookfield Infrastructure Corporation Brookfield Infrastructure Corporation,,,USA
NXST,"Nexstar Media Group, Inc. Common Stock",,,USA
OUT,OUTFRONT Media Inc. Common Stock,,,USA
NJR,NewJersey Resources Corporation Common Stock,,,USA
GLBE,Global-E Online Ltd. Ordinary Shares,,,USA
IRDM,Iridium Communications Inc Common Stock,,,USA
CRSP,CRISPR Therapeutics AG Common Shares,,,USA
CPA,"Copa Holdings, S.A. Class A Common Stock",,,USA
PIPR,Piper Sandler Companies Common Stock,,,USA
BKH,Black Hills Corporation Common Stock,,,USA
BLCO,Bausch + Lomb Corporation Common Shares,,,USA
UGP,Ultrapar Participacoes S.A. (New) American Depositary Shares (Each representing one Common Share),,,USA
IBP,"Installed Building Products, Inc. Common Stock",,,USA
SYNA,Synaptics Incorporated Common Stock $0.001 Par Value,,,USA
MC,Moelis & Company Class A Common Stock,,,USA
SRRK,Scholar Rock Holding Corporation Common Stock,,,USA
LAZ,"Lazard, Inc. Common Stock",,,USA
CRC,California Resources Corporation Common Stock,,,USA
HOMB,"Home BancShares, Inc. Common Stock",,,USA
AUB,Atlantic Union Bankshares Corporation Common Stock,,,USA
MCY,Mercury General Corporation Common Stock,,,USA
ESAB,ESAB Corporation Common Stock,,,USA
LYFT,"Lyft, Inc. Class A Common Stock",,,USA
OCTV,Octave Intelligence plc Class B Ordinary Shares,,,USA
BC,Brunswick Corporation Common Stock,,,USA
GNTX,Gentex Corporation Common Stock,,,USA
PSMT,"PriceSmart, Inc. Common Stock",,,USA
ADT,ADT Inc. Common Stock,,,USA
CWST,"Casella Waste Systems, Inc. Class A Common Stock",,,USA
OTF,Blue Owl Technology Finance Corp. Common Stock,,,USA
MTG,MGIC Investment Corporation Common Stock,,,USA
MARA,"MARA Holdings, Inc. Common Stock",,,USA
FND,"Floor & Decor Holdings, Inc. Common Stock",,,USA
ESNT,Essent Group Ltd. Common Shares,,,USA
WFG,West Fraser Timber Co. Ltd Common stock,,,USA
ASB,Associated Banc-Corp Common Stock,,,USA
GLNG,Golar Lng Ltd,,,USA
MGY,Magnolia Oil & Gas Corporation Class A Common Stock,,,USA
GRFS,"Grifols, S.A. American Depositary Shares",,,USA
GOLF,Acushnet Holdings Corp. Common Stock,,,USA
TKC,Turkcell Iletisim Hizmetleri AS Common Stock,,,USA
GTLB,GitLab Inc. Class A Common Stock,,,USA
IPGP,IPG Photonics Corporation Common Stock,,,USA
DIOD,Diodes Incorporated Common Stock,,,USA
HASI,"HA Sustainable Infrastructure Capital, Inc. Common Stock",,,USA
VSEC,VSE Corporation Common Stock,,,USA
EQPT,EquipmentShare.com Inc Class A Common Stock,,,USA
LBRT,Liberty Energy Inc. Class A common stock,,,USA
SIGI,"Selective Insurance Group, Inc. Common Stock",,,USA
RUSHA,"Rush Enterprises, Inc. Common Stock Cl A",,,USA
SEB,Seaboard Corporation Common Stock,,,USA
BOOT,"Boot Barn Holdings, Inc. Common Stock",,,USA
XENE,Xenon Pharmaceuticals Inc. Common Shares,,,USA
RITM,Rithm Capital Corp. Common Stock,,,USA
RUSHB,"Rush Enterprises, Inc. Class B",,,USA
DLB,Dolby Laboratories Common Stock,,,USA
EPAM,"EPAM Systems, Inc. Common Stock",,,USA
ATHS,Athene Holding Ltd. 7.250% Fixed-Rate Reset Junior Subordinated Debentures due 2064,,,USA
WEX,WEX Inc. common stock,,,USA
SPHR,Sphere Entertainment Co. Class A Common Stock,,,USA
DUOL,"Duolingo, Inc. Class A Common Stock",,,USA
BCPC,Balchem Corporation Common Stock,,,USA
PBF,PBF Energy Inc. Class A Common Stock,,,USA
BGC,"BGC Group, Inc. Class A Common Stock",,,USA
IEP,"Icahn Enterprises, L.P. Common Stock",,,USA
MMYT,MakeMyTrip Limited Ordinary Shares,,,USA
PLUG,"Plug Power, Inc. Common Stock",,,USA
CVLT,"Commvault Systems, Inc. Common Stock",,,USA
FLNC,"Fluence Energy, Inc. Class A Common Stock",,,USA
HESM,Hess Midstream LP Class A Representing Limited Partner Interests,,,USA
WTM,"White Mountains Insurance Group, Ltd. Common Stock",,,USA
AX,"Axos Financial, Inc. Common Stock",,,USA
CNR,"Core Natural Resources, Inc. Common Stock",,,USA
CIGI,Colliers International Group Inc. Subordinate Voting Shares,,,USA
LPX,Louisiana-Pacific Corporation Common Stock,,,USA
PRM,"Perimeter Solutions, SA Common Stock",,,USA
ACLS,"Axcelis Technologies, Inc. Common Stock",,,USA
CHH,"Choice Hotels International, Inc. Common Stock",,,USA
ALH,Alliance Laundry Holdings Inc. Common Stock,,,USA
CGON,"CG Oncology, Inc. Common stock",,,USA
PECO,"Phillips Edison & Company, Inc. Common Stock",,,USA
SAIC,Science Applications International Corporation Common Stock,,,USA
CSTM,Constellium SE Ordinary Shares (France),,,USA
UNF,Unifirst Corporation Common Stock,,,USA
PAGP,"Plains GP Holdings, L.P. Class A Units representing Limited Partner Interests",,,USA
LFTO,"Liftoff Mobile, Inc. Common Stock",,,USA
CWEN,"Clearway Energy, Inc. Class C Common Stock",,,USA
CAI,"Caris Life Sciences, Inc. Common Stock",,,USA
GBTG,"Global Business Travel Group, Inc. Class A Common Stock",,,USA
HNGE,"Hinge Health, Inc. Class A Common Stock",,,USA
OGS,"ONE Gas, Inc. Common Stock",,,USA
ACHR,Archer Aviation Inc. Class A Common Stock,,,USA
MAIN,Main Street Capital Corporation Common Stock,,,USA
OMAB,Grupo Aeroportuario del Centro Norte S.A.B. de C.V. ADS,,,USA
MAAS,Maase Inc. Class A Ordinary Shares,,,USA
CNX,CNX Resources Corporation Common Stock,,,USA
BLLN,"BillionToOne, Inc. Class A Common Stock",,,USA
GHC,Graham Holdings Company Common Stock,,,USA
SXT,Sensient Technologies Corporation Common Stock,,,USA
SR,Spire Inc. Common Stock,,,USA
WSC,WillScot Holdings Corporation Class A Common Stock,,,USA
MTN,"Vail Resorts, Inc. Common Stock",,,USA
MRP,"Millrose Properties, Inc. Class A Common Stock",,,USA
BTDR,Bitdeer Technologies Group Class A Ordinary Shares,,,USA
OPEN,Opendoor Technologies Inc Common Stock,,,USA
ALK,"Alaska Air Group, Inc. Common Stock",,,USA
POWI,"Power Integrations, Inc. Common Stock",,,USA
HRB,"H&R Block, Inc. Common Stock",,,USA
MTRN,Materion Corporation,,,USA
LBTYB,Liberty Global Ltd. Class B Common Shares,,,USA
SON,Sonoco Products Company Common Stock,,,USA
LGND,Ligand Pharmaceuticals Incorporated Common Stock,,,USA
KVYO,"Klaviyo, Inc. Series A Common Stock",,,USA
WHD,"Cactus, Inc. Class A Common Stock",,,USA
FCN,"FTI Consulting, Inc. Common Stock",,,USA
MEOH,Methanex Corporation Common Stock,,,USA
LAUR,"Laureate Education, Inc. Common Stock",,,USA
FBIN,"Fortune Brands Innovations, Inc. Common Stock",,,USA
HRI,Herc Holdings Inc. Common Stock ,,,USA
INDV,"Indivior Pharmaceuticals, Inc. Common Stock",,,USA
PTEN,"Patterson-UTI Energy, Inc. Common Stock",,,USA
NNI,"Nelnet, Inc. Common Stock",,,USA
EBC,"Eastern Bankshares, Inc. Common Stock",,,USA
DOO,BRP Inc. Common Subordinate Voting Shares,,,USA
FFIN,"First Financial Bankshares, Inc. Common Stock",,,USA
ATAT,Atour Lifestyle Holdings Limited American Depositary Shares,,,USA
RLI,RLI Corp. Common Stock (DE),,,USA
ENO,"Entergy New Orleans, LLC First Mortgage Bonds, 5.50% Series due April 1, 2066",,,USA
SIM,"Grupo Simec, S.A.B. de C.V. American Depositary Shares",,,USA
PAM,Pampa Energia S.A.,,,USA
TWST,Twist Bioscience Corporation Common Stock,,,USA
TGS,Transportadora de Gas del Sur SA TGS Common Stock,,,USA
DNTH,"Dianthus Therapeutics, Inc. Common Stock",,,USA
AIR,AAR Corp. Common Stock,,,USA
HLNE,Hamilton Lane Incorporated Class A Common Stock,,,USA
KBR,"KBR, Inc. Common Stock",,,USA
TFSL,TFS Financial Corporation Common Stock,,,USA
REZI,"Resideo Technologies, Inc. Common Stock ",,,USA
AQN,Algonquin Power & Utilities Corp. Common Shares,,,USA
REYN,Reynolds Consumer Products Inc. Common Stock,,,USA
CUZ,Cousins Properties Incorporated Common Stock,,,USA
CMBT,CMB.TECH NV Ordinary Shares,,,USA
MIR,"Mirion Technologies, Inc. Class A Common Stock",,,USA
HCXY,"Hercules Capital, Inc. 6.25% Notes due 2033",,,USA
RXO,"RXO, Inc. Common Stock",,,USA
UFPI,"UFP Industries, Inc. Common Stock",,,USA
SITE,"SiteOne Landscape Supply, Inc. Common Stock",,,USA
MTH,Meritage Homes Corporation Common Stock,,,USA
DHCNL,Diversified Healthcare Trust 6.25% Senior Notes Due 2046,,,USA
IBOC,International Bancshares Corporation Common Stock,,,USA
ANDG,Andersen Group Inc. Class A Common Stock,,,USA
OLLI,"Ollie's Bargain Outlet Holdings, Inc. Common Stock",,,USA
TDS,"Telephone and Data Systems, Inc. Common Shares",,,USA
CELC,Celcuity Inc. Common Stock,,,USA
TBBB,BBB Foods Inc. Class A Common Shares,,,USA
VVV,Valvoline Inc. Common Stock,,,USA
EXLS,"ExlService Holdings, Inc. Common Stock",,,USA
AD,"Array Digital Infrastructure, Inc. Common Shares",,,USA
TCBI,"Texas Capital Bancshares, Inc. Common Stock",,,USA
RDN,Radian Group Inc. Common Stock,,,USA
RGTIW,"Rigetti Computing, Inc. Warrants",,,USA
BLSH,Bullish Ordinary Shares,,,USA
SBRA,"Sabra Health Care REIT, Inc. Common Stock",,,USA
BEPI,Brookfield BRP Holdings (Canada) Inc. 4.875% Perpetual Subordinated Notes,,,USA
SEDG,"SolarEdge Technologies, Inc. Common Stock",,,USA
SHC,Sotera Health Company Common Stock,,,USA
FTDR,"Frontdoor, Inc. Common Stock",,,USA
SRAD,Sportradar Group AG Class A Ordinary Shares,,,USA
DHCNI,Diversified Healthcare Trust 5.625% Senior Notes due 2042,,,USA
MDU,"MDU Resources Group, Inc. Common Stock (Holding Company)",,,USA
OXLCM,"Oxford Lane Capital Corp. Preferred Stock Shares, 8.25% Series 2031",,,USA
TNL,Travel   Leisure Co. Common  Stock,,,USA
CSW,"CSW Industrials, Inc. Common Stock",,,USA
CNO,"CNO Financial Group, Inc. Common Stock",,,USA
SMR,NuScale Power Corporation Class A Common Stock,,,USA
DTW,DTE Energy Company 2017 Series E 5.25% Junior Subordinated Debentures due 2077,,,USA
XMTR,"Xometry, Inc. Class A Common Stock",,,USA
KNF,Knife Riv Holding Co. Common Stock,,,USA
UUUU,Energy Fuels Inc Ordinary Shares (Canada),,,USA
LRN,"Stride, Inc. Common Stock",,,USA
FELE,"Franklin Electric Co., Inc. Common Stock",,,USA
OXLCN,Oxford Lane Capital Corp. 7.125% Series 2029 Term Preferred Stock,,,USA
LBRDK,Liberty Broadband Corporation Class C Common Stock,,,USA
LBRDA,Liberty Broadband Corporation Class A Common Stock,,,USA
BEPH,Brookfield BRP Holdings (Canada) Inc. 4.625% Perpetual Subordinated Notes,,,USA
FHI,"Federated Hermes, Inc. Common Stock",,,USA
XNDU,Xanadu Quantum Technologies Limited Class B Subordinate Voting Shares,,,USA
AMRX,"Amneal Pharmaceuticals, Inc. Class A Common Stock",,,USA
BDC,Belden Inc Common Stock,,,USA
ACIW,"ACI Worldwide, Inc. Common Stock",,,USA
CLSK,"CleanSpark, Inc. Common Stock",,,USA
OXLCZ,Oxford Lane Capital Corp. 5.00% Notes due 2027,,,USA
EPR,EPR Properties Common Stock,,,USA
TVTX,"Travere Therapeutics, Inc. Common Stock",,,USA
KRC,Kilroy Realty Corporation Common Stock,,,USA
CAAP,Corporacion America Airports SA Common Shares,,,USA
MKTX,"MarketAxess Holdings, Inc. Common Stock",,,USA
CBT,Cabot Corporation Common Stock,,,USA
NWE,"NorthWestern Energy Group, Inc. Common Stock",,,USA
COLD,"Americold Realty Trust, Inc. Common Stock",,,USA
ELC,"Entergy Louisiana, Inc. Collateral Trust Mortgage Bonds, 4.875 % Series due September 1, 2066",,,USA
SFBS,"ServisFirst Bancshares, Inc. Common Stock",,,USA
RDW,Redwire Corporation Common Stock,,,USA
OXLCL,Oxford Lane Capital Corp. 6.75% Notes due 2031,,,USA
TXG,"10x Genomics, Inc. Class A Common Stock",,,USA
CVSA,Covista Inc. Common Shares,,,USA
PFSI,"PennyMac Financial Services, Inc. Common Stock",,,USA
MANE,"Veradermics, Incorporated Common Stock",,,USA
CVCO,"Cavco Industries, Inc. Common Stock When Issued",,,USA
COCO,"The Vita Coco Company, Inc. Common Stock",,,USA
LASR,"nLIGHT, Inc. Common Stock",,,USA
OLED,Universal Display Corporation Common Stock,,,USA
OXLCO,"Oxford Lane Capital Corp. Preferred Stock Shares, 6.00% Series 2029",,,USA
SLM,SLM Corporation Common Stock,,,USA
UCTT,"Ultra Clean Holdings, Inc. Common Stock",,,USA
BRC,Brady Corporation Common Stock,,,USA
UWMC,UWM Holdings Corporation Class A Common Stock,,,USA
FULT,Fulton Financial Corporation Common Stock,,,USA
REGCP,Regency Centers Corporation 6.25% Series A Cumulative Redeemable Preferred Stock,,,USA
BETA,"Beta Technologies, Inc. Class A Common Stock",,,USA
ENVA,"Enova International, Inc. Common Stock",,,USA
SKT,Tanger Inc. Common Stock,,,USA
HIMX,"Himax Technologies, Inc. American Depositary Shares",,,USA
RELY,"Remitly Global, Inc. Common Stock",,,USA
TREX,"Trex Company, Inc. Common Stock",,,USA
BCO,Brinks Company (The) Common Stock,,,USA
AZZ,AZZ Inc.,,,USA
RDNT,"RadNet, Inc. Common Stock",,,USA
USAC,"USA Compression Partners, LP Common Units Representing Limited Partner Interests",,,USA
PI,"Impinj, Inc. Common Stock",,,USA
PONY,Pony AI Inc. American Depositary Shares ,,,USA
KEN,Kenon Holdings Ltd. Ordinary Shares,,,USA
ERAS,"Erasca, Inc. Common Stock",,,USA
MAT,"Mattel, Inc. Common Stock",,,USA
MNSO,"MINISO Group Holding Limited American Depositary Shares, each representing four Ordinary Shares",,,USA
SKY,"Champion Homes, Inc. Common Stock",,,USA
PDI,PIMCO Dynamic Income Fund Common Stock,,,USA
XXI,"Twenty One Capital, Inc. Class A Common Stock",,,USA
PLNT,"Planet Fitness, Inc. Common Stock",,,USA
SEZL,Sezzle Inc. Common Stock,,,USA
CRK,"Comstock Resources, Inc. Common Stock",,,USA
MNDY,monday.com Ltd. Ordinary Shares,,,USA
LIVN,LivaNova PLC Ordinary Shares,,,USA
NTSK,"Netskope, Inc. Class A Common Stock",,,USA
MRX,Marex Group plc Ordinary Shares,,,USA
CRGY,Crescent Energy Company Class A Common Stock,,,USA
REGCO,Regency Centers Corporation 5.875% Series B Cumulative Redeemable Preferred Stock,,,USA
POST,"Post Holdings, Inc. Common Stock",,,USA
WPP,WPP plc American Depositary Shares,,,USA
EWTX,"Edgewise Therapeutics, Inc. Common Stock",,,USA
ZGN,Ermenegildo Zegna N.V. Ordinary Shares,,,USA
LOPE,"Grand Canyon Education, Inc. Common Stock",,,USA
VNT,Vontier Corporation Common Stock ,,,USA
VCYT,"Veracyte, Inc. Common Stock",,,USA
UCB,"United Community Banks, Inc. Common Stock",,,USA
DAN,Dana Incorporated Common Stock ,,,USA
OII,"Oceaneering International, Inc. Common Stock",,,USA
INOD,Innodata Inc. Common Stock,,,USA
LMND,"Lemonade, Inc. Common Stock",,,USA
HP,"Helmerich & Payne, Inc. Common Stock",,,USA
MMED,"MiniMed Group, Inc. Common Stock",,,USA
PHI,PLDT Inc. Sponsored ADR,,,USA
FRMI,Fermi Inc. Common Stock,,,USA
GFF,Griffon Corporation Common Stock,,,USA
THO,"Thor Industries, Inc. Common Stock",,,USA
QLYS,"Qualys, Inc. Common Stock",,,USA
WING,Wingstop Inc. Common Stock,,,USA
LBTYA,Liberty Global Ltd. Class A Common Shares,,,USA
MWA,MUELLER WATER PRODUCTS Common Stock,,,USA
LION,Lionsgate Studios Corp Common Shares,,,USA
ORLA,Orla Mining Ltd. Common Shares,,,USA
PII,Polaris Inc. Common Stock,,,USA
HGV,Hilton Grand Vacations Inc. Common Stock ,,,USA
MANU,Manchester United Ltd. Class A Ordinary Shares,,,USA
CATY,Cathay General Bancorp Common Stock,,,USA
IRT,"Independence Realty Trust, Inc. Common Stock",,,USA
HHH,Howard Hughes Holdings Inc. Common Stock,,,USA
NNNN,Anbio Biotechnology Class A Ordinary Shares,,,USA
STNG,Scorpio Tankers Inc. Common Shares,,,USA
INSW,"International Seaways, Inc. Common Stock ",,,USA
VECO,Veeco Instruments Inc. Common Stock,,,USA
WAY,Waystar Holding Corp. Common Stock,,,USA
BNL,"Broadstone Net Lease, Inc. Common Stock",,,USA
LIF,"Life360, Inc. Common Stock",,,USA
EXTR,"Extreme Networks, Inc. Common Stock",,,USA
OPLN,"OPENLANE, Inc. Common Stock",,,USA
TAC,TransAlta Corporation Ordinary Shares,,,USA
ATMU,Atmus Filtration Technologies Inc. Common Stock,,,USA
YSS,York Space Systems Inc. Common Stock,,,USA
SLGN,Silgan Holdings Inc. Common Stock,,,USA
CPRX,"Catalyst Pharmaceuticals, Inc. Common Stock",,,USA
DORM,"Dorman Products, Inc. Common Stock",,,USA
UNMA,Unum Group 6.250% Junior Subordinated Notes due 2058,,,USA
NAMS,NewAmsterdam Pharma Company N.V. Ordinary Shares,,,USA
VRNS,"Varonis Systems, Inc. Common Stock",,,USA
VEON,VEON Ltd. ADS,,,USA
TPC,Tutor Perini Corporation Common Stock,,,USA
INDB,Independent Bank Corp. Common Stock,,,USA
WBI,WaterBridge Infrastructure LLC Class A Shares Representing Limited Liability Company Interests,,,USA
BTU,Peabody Energy Corporation Common Stock ,,,USA
LBTYK,Liberty Global Ltd. Class C Common Shares,,,USA
KTB,"Kontoor Brands, Inc. Common Stock ",,,USA
KNSA,"Kiniksa Pharmaceuticals International, plc Class A Ordinary Shares",,,USA
DOCS,"Doximity, Inc. Class A Common Stock",,,USA
CNS,Cohen & Steers Inc Common Stock,,,USA
MMSI,"Merit Medical Systems, Inc. Common Stock",,,USA
MIAX,"Miami International Holdings, Inc. Common Stock",,,USA
FBP,First BanCorp. New Common Stock,,,USA
ORKA,"Oruka Therapeutics, Inc. Common Stock",,,USA
KC,Kingsoft Cloud Holdings Limited American Depositary Shares,,,USA
AEHR,Aehr Test Systems Common Stock,,,USA
RNST,Renasant Corporation Common Stock,,,USA
BMI,"Badger Meter, Inc. Common Stock",,,USA
JOE,St. Joe Company (The) Common Stock,,,USA
CII,"BlackRock Enhanced Large Cap Core Fund, Inc. Common Stock",,,USA
BTE,Baytex Energy Corp Common Shares,,,USA
NVST,Envista Holdings Corporation Common Stock,,,USA
ACAD,ACADIA Pharmaceuticals Inc. Common Stock,,,USA
ASBA,Associated Banc-Corp 6.625% Fixed-Rate Reset Subordinated Notes due 2033,,,USA
BOX,"Box, Inc. Class A Common Stock",,,USA
WSFS,WSFS Financial Corporation Common Stock,,,USA
APLE,"Apple Hospitality REIT, Inc. Common Shares",,,USA
INFQ,"Infleqtion, Inc. Common Stock",,,USA
BANF,BancFirst Corporation Common Stock,,,USA
TDW,Tidewater Inc. Common Stock,,,USA
RNG,"RingCentral, Inc. Class A Common Stock",,,USA
EE,"Excelerate Energy, Inc. Class A Common Stock",,,USA
BFH,"Bread Financial Holdings, Inc. Common Stock",,,USA
LEU,Centrus Energy Corp. Class A Common Stock,,,USA
KFY,Korn Ferry Common Stock,,,USA
SA,"Seabridge Gold, Inc. Ordinary Shares (Canada)",,,USA
SKE,Skeena Resources Limited Common Shares,,,USA
CRNX,"Crinetics Pharmaceuticals, Inc. Common Stock",,,USA
CDP,COPT Defense Properties Common Shares of Beneficial Interest,,,USA
GPI,"Group 1 Automotive, Inc. Common Stock",,,USA
OTTR,Otter Tail Corporation Common Stock,,,USA
HAFN,Hafnia Limited Common Shares,,,USA
BBAR,Banco BBVA Argentina S.A. ADS,,,USA
YETI,"YETI Holdings, Inc. Common Stock",,,USA
BBWI,"Bath & Body Works, Inc.",,,USA
PENG,"Penguin Solutions, Inc. Common Stock",,,USA
CVBF,CVB Financial Corporation Common Stock,,,USA
SXI,Standex International Corporation Common Stock,,,USA
PVH,PVH Corp. Common Stock,,,USA
FG,"F&G Annuities & Life, Inc. Common Stock",,,USA
CNK,"Cinemark Holdings Inc Cinemark Holdings, Inc. Common Stock",,,USA
PTRN,Pattern Group Inc. Series A Common Stock,,,USA
ITRI,"Itron, Inc. Common Stock",,,USA
NG,Novagold Resources Inc.,,,USA
NSIT,"Insight Enterprises, Inc. Common Stock",,,USA
KAI,Kadant Inc Common Stock,,,USA
BHF,"Brighthouse Financial, Inc. Common Stock",,,USA
BILL,"BILL Holdings, Inc. Common Stock",,,USA
KEEL,Keel Infrastructure Corp. Common Stock,,,USA
ADEA,Adeia Inc. Common Stock,,,USA
RUM,Rumble Inc. Class A Common Stock,,,USA
CLBT,Cellebrite DI Ltd. Ordinary Shares,,,USA
VGNT,Versigent PLC Ordinary Shares,,,USA
MHO,"M/I Homes, Inc. Common Stock",,,USA
ABG,Asbury Automotive Group Inc Common Stock,,,USA
FULTP,"Fulton Financial Corporation Depositary Shares, Each Representing a 1/40th Interest in a Share of Fixed Rate Non-Cumulative Perpetual Preferred Stock, Series A",,,USA
ARIS,Aris Mining Corporation Common Shares,,,USA
RUN,Sunrun Inc. Common Stock,,,USA
IRTC,"iRhythm Holdings, Inc. Common Stock",,,USA
CALM,"Cal-Maine Foods, Inc. Common Stock",,,USA
STUB,"StubHub Holdings, Inc. Class A Common Stock",,,USA
OGN,Organon & Co. Common Stock ,,,USA
JOYY,JOYY Inc. American Depositary Shares,,,USA
BELFB,Bel Fuse Inc. Class B Common Stock,,,USA
OSIS,"OSI Systems, Inc. Common Stock (DE)",,,USA
DTB,DTE Energy Company 2020 Series G 4.375% Junior Subordinated Debentures due 2080,,,USA
NAN,Nuveen New York Quality Municipal Income Fund Common Stock,,,USA
DTG,DTE Energy Company 2021 Series E 4.375% Junior Subordinated Debentures,,,USA
HGTY,"Hagerty, Inc. Class A Common Stock",,,USA
SUNC,"SunocoCorp LLC Common Units, representing limited liability company interests",,,USA
ANF,Abercrombie & Fitch Company Common Stock,,,USA
AB,AllianceBernstein Holding L.P.  Units,,,USA
DLO,DLocal Limited Class A Common Shares,,,USA
FIBK,"First Interstate BancSystem, Inc. Common Stock (DE)",,,USA
GPGI,"GPGI, Inc. Class A Common Stock",,,USA
NTRSO,"Northern Trust Corporation Depositary Shares Each Representing a 1/1,000th Interest in a Share of Series E Non-Cumulative Perpetual Preferred Stock",,,USA
SOUN,"SoundHound AI, Inc Class A Common Stock",,,USA
VKTX,"Viking Therapeutics, Inc. Common Stock",,,USA
AVA,Avista Corporation Common Stock,,,USA
GBDC,"Golub Capital BDC, Inc. Common Stock",,,USA
BKU,"BankUnited, Inc. Common Stock",,,USA
BATRA,"Atlanta Braves Holdings, Inc. Series A Common Stock",,,USA
SIG,Signet Jewelers Limited Common Shares,,,USA
CVI,CVR Energy Inc. Common Stock,,,USA
BEAM,Beam Therapeutics Inc. Common Stock,,,USA
CGAU,Centerra Gold Inc. Common Shares,,,USA
ICUI,"ICU Medical, Inc. Common Stock",,,USA
AAP,Advance Auto Parts Inc.,,,USA
MSGE,Madison Square Garden Entertainment Corp. Class A Common Stock,,,USA
KN,Knowles Corporation Common Stock,,,USA
GEO,Geo Group Inc (The) REIT,,,USA
DAVE,Dave Inc. Class A Common Stock,,,USA
SLG,SL Green Realty Corp Common Stock,,,USA
SII,Sprott Inc. Common Shares,,,USA
ARLP,"Alliance Resource Partners, L.P. Common Units representing Limited Partners Interests",,,USA
CBU,"Community Financial System, Inc. Common Stock",,,USA
NP,Neptune Insurance Holdings Inc. Class A Common Stock,,,USA
WSBC,"WesBanco, Inc. Common Stock",,,USA
AAUC,Allied Gold Corporation Common Shares,,,USA
COLM,Columbia Sportswear Company Common Stock,,,USA
NSA,National Storage Affiliates Trust Common Shares of Beneficial Interest,,,USA
FHB,"First Hawaiian, Inc. Common Stock",,,USA
NHI,"National Health Investors, Inc. Common Stock",,,USA
SMG,Scotts Miracle-Gro Company (The) Common Stock,,,USA
AZUL,"Azul S.A. American Depositary Shares, each representing two (2) Common Shares",,,USA
SKYW,"SkyWest, Inc. Common Stock",,,USA
MCHB,Mechanics Bancorp Class A Common Stock,,,USA
ASO,"Academy Sports and Outdoors, Inc. Common Stock",,,USA
FUL,H. B. Fuller Company Common Stock,,,USA
TDC,Teradata Corporation Common Stock,,,USA
CSQ,Calamos Strategic Total Return Common Stock,,,USA
AGO,Assured Guaranty Ltd. Common Stock,,,USA
NATL,NCR Atleos Corporation Common Stock,,,USA
KBH,KB Home Common Stock,,,USA
CLMT,"Calumet, Inc. Common Stock",,,USA
CC,Chemours Company (The) Common Stock,,,USA
TE,T1 Energy Inc. Common Stock,,,USA
ARCB,ArcBest Corporation Common Stock,,,USA
FIZZ,National Beverage Corp. Common Stock,,,USA
VC,Visteon Corporation Common Stock,,,USA
GNW,Genworth Financial Inc Common Stock,,,USA
SHOO,"Steven Madden, Ltd. Common Stock",,,USA
BULL,Webull Corporation Class A Ordinary Shares,,,USA
WOLF,"Wolfspeed, Inc. Common Stock New",,,USA
PPLI,People Incorporated Common Stock,,,USA
BWLP,BW LPG Limited Common Shares,,,USA
BFAM,Bright Horizons Family Solutions Inc. Common Stock,,,USA
RHI,Robert Half Inc. Common Stock,,,USA
TLX,Telix Pharmaceuticals Limited American Depositary Shares,,,USA
TENB,"Tenable Holdings, Inc. Common Stock",,,USA
EFXT,Enerflex Ltd Common Shares,,,USA
NN,NextNav Inc. Common Stock,,,USA
ARX,Accelerant Holdings Class A Common Shares,,,USA
KYIV,Kyivstar Group Ltd. Common Shares,,,USA
UNFI,"United Natural Foods, Inc. Common Stock",,,USA
CMCM,"Cheetah Mobile Inc. American Depositary Shares, each representing fifty (50) Class A Ordinary Shares",,,USA
ERO,Ero Copper Corp. Common Shares,,,USA
FFBC,First Financial Bancorp. Common Stock,,,USA
TNGX,"Tango Therapeutics, Inc.",,,USA
RWTN,"Redwood Trust, Inc. 9.125% Senior Notes Due 2029",,,USA
DNLI,Denali Therapeutics Inc. Common Stock,,,USA
ETOR,eToro Group Ltd. Class A Common Shares,,,USA
AMPX,"Amprius Technologies, Inc. Common Stock",,,USA
CON,"Concentra Group Holdings Parent, Inc. Common Stock",,,USA
HWKN,"Hawkins, Inc. Common Stock",,,USA
MMS,"Maximus, Inc. Common Stock",,,USA
BHE,"Benchmark Electronics, Inc. Common Stock",,,USA
AADX,"Applied Aerospace & Defense, Inc. Common Stock",,,USA
RWTO,"Redwood Trust, Inc. 9.00% Senior Notes Due 2029",,,USA
HAE,Haemonetics Corporation Common Stock,,,USA
CAKE,Cheesecake Factory Incorporated (The) Common Stock,,,USA
HSAI,"Hesai Group American Depositary Share, each ADS represents one Class B ordinary share",,,USA
CHEF,"The Chefs' Warehouse, Inc. Common Stock",,,USA
BATRK,"Atlanta Braves Holdings, Inc. Series C Common Stock",,,USA
AMBA,"Ambarella, Inc. Ordinary Shares",,,USA
OPCH,"Option Care Health, Inc. Common Stock",,,USA
CTRI,"Centuri Holdings, Inc. Common Stock",,,USA
ITGR,Integer Holdings Corporation Common Stock,,,USA
GPK,Graphic Packaging Holding Company,,,USA
BELFA,Bel Fuse Inc. Class A Common Stock,,,USA
FGN,"F&G Annuities & Life, Inc. 7.950% Senior Notes due 2053",,,USA
PPTA,Perpetua Resources Corp. Common Shares,,,USA
AVNT,Avient Corporation Common Stock,,,USA
PRK,Park National Corporation Common Stock,,,USA
ATRO,Astronics Corporation Common Stock,,,USA
RLX,"RLX Technology Inc. American Depositary Shares, each representing the right to receive one (1) Class A ordinary share",,,USA
SFNC,Simmons First National Corporation Class A Common Stock,,,USA
FOUR,"Shift4 Payments, Inc. Class A Common Stock",,,USA
FSLY,"Fastly, Inc. Class A Common Stock",,,USA
ALHC,"Alignment Healthcare, Inc. Common Stock",,,USA
BXMT,"Blackstone Mortgage Trust, Inc. Common Stock",,,USA
CWK,Cushman & Wakefield Ltd. Common Shares,,,USA
LBRDP,Liberty Broadband Corporation Series A Cumulative Redeemable Preferred Stock,,,USA
RCUS,"Arcus Biosciences, Inc. Common Stock",,,USA
UPST,"Upstart Holdings, Inc. Common stock",,,USA
DNN,Denison Mines Corp Ordinary Shares (Canada),,,USA
HAYW,"Hayward Holdings, Inc. Common Stock",,,USA
GPOR,Gulfport Energy Corporation Common Shares,,,USA
USLM,"United States Lime & Minerals, Inc. Common Stock",,,USA
FSK,FS KKR Capital Corp. Common Stock,,,USA
ZIM,ZIM Integrated Shipping Services Ltd. Ordinary Shares,,,USA
ELF,"e.l.f. Beauty, Inc. Common Stock",,,USA
CURB,Curbline Properties Corp. Common Stock,,,USA
KALU,Kaiser Aluminum Corporation Common Stock,,,USA
LXP,LXP Industrial Trust Common Stock (Maryland REIT),,,USA
PHIN,PHINIA Inc. Common Stock,,,USA
HIW,"Highwoods Properties, Inc. Common Stock",,,USA
DYN,"Dyne Therapeutics, Inc. Common Stock",,,USA
APAM,Artisan Partners Asset Management Inc. Class A Common Stock,,,USA
SBLK,Star Bulk Carriers Corp. Common Shares,,,USA
BOH,Bank of Hawaii Corporation Common Stock,,,USA
AWR,American States Water Company Common Stock,,,USA
NTCT,"NetScout Systems, Inc. Common Stock",,,USA
VTMX,"Corporacion Inmobiliaria Vesta, S.A.B de C.V. American Depositary Shares, each representing ten (10) Common Shares",,,USA
CRVL,CorVel Corp. Common Stock,,,USA
MPT,"Medical Properties Trust, Inc. common stock",,,USA
GRBK,"Green Brick Partners, Inc. Common Stock",,,USA
OUST,"Ouster, Inc. Common Stock",,,USA
VAC,Marriott Vacations Worldwide Corporation Common Stock,,,USA
BANC,"Banc of California, Inc. Common Stock",,,USA
LFST,"LifeStance Health Group, Inc. Common Stock",,,USA
WRBY,Warby Parker Inc. Class A Common Stock,,,USA
BKV,BKV Corporation Common Stock,,,USA
WIX,Wix.com Ltd. Ordinary Shares,,,USA
BSM,"Black Stone Minerals, L.P. Common units representing limited partner interests",,,USA
TTAM,Titan America SA Common Shares,,,USA
NHC,National HealthCare Corporation Common Stock,,,USA
SBCF,Seacoast Banking Corporation of Florida Common Stock,,,USA
AKR,Acadia Realty Trust Common Stock,,,USA
CCC,CCC Intelligent Solutions Holdings Inc. Common Stock,,,USA
GEF,Greif Inc. Class A Common Stock,,,USA
DK,"Delek US Holdings, Inc. Common Stock",,,USA
MZTI,The Marzetti Company Common Stock,,,USA
HTGC,"Hercules Capital, Inc. Common Stock",,,USA
CPK,Chesapeake Utilities Corporation Common Stock,,,USA
PFS,"Provident Financial Services, Inc Common Stock",,,USA
CECO,CECO Environmental Corp. Common Stock,,,USA
HG,"Hamilton Insurance Group, Ltd. Class B Common Shares",,,USA
WT,"WisdomTree, Inc. Common Stock",,,USA
BGSI,Boyd Group Services Inc. Common Shares,,,USA
RH,RH Common Stock,,,USA
EROK,"EagleRock Land, LLC Class A shares representing limited liability company interests",,,USA
NIC,Nicolet Bankshares Inc. Common Stock,,,USA
ADPT,Adaptive Biotechnologies Corporation Common Stock,,,USA
EXPO,"Exponent, Inc. Common Stock",,,USA
FSM,Fortuna Mining Corp. Common Shares,,,USA
ATKR,Atkore Inc. Common Stock,,,USA
UNIT,Uniti Group Inc. Common Stock,,,USA
POWWP,Outdoor Holding Company 8.75% Series A Cumulative Redeemable Perpetual Preferred Stock,,,USA
TR,"Tootsie Roll Industries, Inc. Common Stock",,,USA
DBRG,"DigitalBridge Group, Inc.",,,USA
GRAL,"GRAIL, Inc. Common Stock ",,,USA
SDRL,Seadrill Limited Common Shares,,,USA
DBD,Diebold Nixdorf Incorporated Common stock,,,USA
TRMD,TORM plc Class A Common Stock,,,USA
IPAR,"Interparfums, Inc. Common Stock",,,USA
CSAN,Cosan S.A. ADS,,,USA
WOR,"Worthington Enterprises, Inc. Common Shares",,,USA
HLIO,"Helios Technologies, Inc. Common Stock",,,USA
OLN,Olin Corporation Common Stock,,,USA
BKD,Brookdale Senior Living Inc. Common Stock,,,USA
BRZE,"Braze, Inc. Class A Common Stock",,,USA
PATK,"Patrick Industries, Inc. Common Stock",,,USA
PSNY,Polestar Automotive Holding UK PLC Class A ADS,,,USA
PK,Park Hotels & Resorts Inc. Common Stock ,,,USA
VOYG,"Voyager Technologies, Inc. Class A Common Stock",,,USA
UE,Urban Edge Properties Common Shares of Beneficial Interest,,,USA
QTWO,"Q2 Holdings, Inc. Common Stock",,,USA
AVEX,AEVEX Corp. Class A Common Stock,,,USA
PCTTU,"PureCycle Technologies, Inc. Unit",,,USA
VISN,"Vistance Networks, Inc. Common Stock",,,USA
DX,"Dynex Capital, Inc. Common Stock",,,USA
AYA,Aya Gold & Silver Inc. Common Shares,,,USA
AEO,"American Eagle Outfitters, Inc. Common Stock",,,USA
TGB,"Taseko Mines, Ltd. Common Stock",,,USA
RLAY,"Relay Therapeutics, Inc. Common Stock",,,USA
PARR,"Par Pacific Holdings, Inc.  Common Stock",,,USA
IHS,IHS Holding Limited Ordinary Shares,,,USA
ZIONP,"Zions Bancorporation, N.A. Depositary Shares (Each representing 1/40th Interest in a Share of Series A Floating-Rate Non-Cumulative Perpetual Preferred Stock)",,,USA
DKL,"Delek Logistics Partners, L.P. Common Units representing Limited Partner Interests",,,USA
GPCR,Structure Therapeutics Inc. American Depositary Shares,,,USA
BW,"Babcock & Wilcox Enterprises, Inc. Common Stock",,,USA
ATS,ATS Corporation Common Shares,,,USA
HYMC,Hycroft Mining Holding Corporation Class A Common Stock,,,USA
VNET,"VNET Group, Inc. American Depositary Shares",,,USA
WK,Workiva Inc. Class A Common Stock,,,USA
ARQT,"Arcutis Biotherapeutics, Inc. Common Stock",,,USA
LPL,"LG Display Co, Ltd AMERICAN DEPOSITORY SHARES",,,USA
EOSE,"Eos Energy Enterprises, Inc. Class A Common Stock",,,USA
BWIN,"The Baldwin Insurance Group, Inc. Class A Common Stock",,,USA
EXK,Endeavour Silver Corporation Ordinary Shares (Canada),,,USA
NMIH,NMI Holdings Inc. Common Stock,,,USA
FTAIM,FTAI Aviation Ltd. 9.500% Fixed-Rate Reset Series D Cumulative Perpetual Redeemable Preferred Shares,,,USA
PLMR,"Palomar Holdings, Inc. Common stock",,,USA
FBK,FB Financial Corporation Common Stock,,,USA
AMR,"Alpha Metallurgical Resources, Inc. Common Stock",,,USA
WDFC,WD-40 Company Common Stock,,,USA
SVM,Silvercorp Metals Inc. Common Shares,,,USA
CALY,Callaway Golf Company Common Stock,,,USA
KLRA,"Kailera Therapeutics, Inc. Common Stock",,,USA
IRON,"Disc Medicine, Inc. Common Stock",,,USA
MGEE,"MGE Energy, Inc",,,USA
CDNL,Cardinal Infrastructure Group Inc. Class A Common Stock,,,USA
CWT,California Water Service Group Common Stock,,,USA
FA,First Advantage Corporation Common Stock,,,USA
AAMI,Acadian Asset Management Inc. Common Stock,,,USA
EEFT,"Euronet Worldwide, Inc. Common Stock",,,USA
NMFCZ,New Mountain Finance Corporation 8.250% Notes due 2028,,,USA
PRVA,"Privia Health Group, Inc. Common Stock",,,USA
MGRC,McGrath RentCorp Common Stock,,,USA
DFTX,"Definium Therapeutics, Inc. Common Shares",,,USA
PTON,"Peloton Interactive, Inc. Class A Common Stock",,,USA
KD,"Kyndryl Holdings, Inc. Common Stock",,,USA
HUBG,"Hub Group, Inc. Class A Common Stock",,,USA
SAH,"Sonic Automotive, Inc. Common Stock",,,USA
PAY,"Paymentus Holdings, Inc. Class A Common Stock",,,USA
WTTR,"Select Water Solutions, Inc. Class A common stock",,,USA
FRSH,Freshworks Inc. Class A Common Stock,,,USA
COHU,"Cohu, Inc. Common Stock",,,USA
WAFD,"WaFd, Inc. Common Stock",,,USA
FCPT,"Four Corners Property Trust, Inc. Common Stock",,,USA
PENN,"PENN Entertainment, Inc. Common Stock",,,USA
VVX,"V2X, Inc. Common Stock",,,USA
GDV,Gabelli Dividend & Income Trust Common Shares of Beneficial Interest,,,USA
STNE,StoneCo Ltd. Class A Common Shares,,,USA
DHT,"DHT Holdings, Inc.",,,USA
ASH,Ashland Inc. Common Stock,,,USA
DGII,Digi International Inc. Common Stock,,,USA
ROG,Rogers Corporation Common Stock,,,USA
ALMS,Alumis Inc. Common Stock,,,USA
TARS,"Tarsus Pharmaceuticals, Inc. Common Stock",,,USA
TMC,TMC the metals company Inc. Common Stock,,,USA
SUPN,"Supernus Pharmaceuticals, Inc. Common Stock",,,USA
WHR,Whirlpool Corporation Common Stock,,,USA
WERN,"Werner Enterprises, Inc. Common Stock",,,USA
MFAO,"MFA Financial, Inc. 9.000% Senior Notes due 2029",,,USA
TRN,"Trinity Industries, Inc. Common Stock",,,USA
MFAN,"MFA Financial, Inc. 8.875% Senior Notes due 2029",,,USA
GRDN,"Guardian Pharmacy Services, Inc. Class A Common Stock",,,USA
TRMK,Trustmark Corporation Common Stock,,,USA
NMRK,"Newmark Group, Inc. Class A Common Stock",,,USA
IDYA,"IDEAYA Biosciences, Inc. Common Stock",,,USA
IVT,InvenTrust Properties Corp. Common Stock,,,USA
HOG,"Harley-Davidson, Inc. Common Stock",,,USA
FTAIN,FTAI Aviation Ltd. 8.25% Fixed - Rate Reset Series C Cumulative Perpetual Redeemable Preferred Shares,,,USA
PAGS,PagSeguro Digital Ltd. Class A Common Shares,,,USA
NESR,National Energy Services Reunited Corp Ordinary Shares,,,USA
TALO,"Talos Energy, Inc. Common Stock",,,USA
NYAX,Nayax Ltd. Ordinary Shares,,,USA
INTR,Inter & Co. Inc. Class A Common Shares,,,USA
CUBI,"Customers Bancorp, Inc Common Stock",,,USA
TOWN,TowneBank Common Stock,,,USA
BWNB,"Babcock & Wilcox Enterprises, Inc. 6.50% Senior Notes due 2026",,,USA
FRME,First Merchants Corporation Common Stock,,,USA
QUBT,Quantum Computing Inc. Common Stock,,,USA
PCT,"PureCycle Technologies, Inc. Common stock",,,USA
AGYS,"Agilysys, Inc. Common Stock (DE)",,,USA
KMT,Kennametal Inc. Common Stock,,,USA
HAWK,"HawkEye 360, Inc. Common Stock",,,USA
DXPE,"DXP Enterprises, Inc. Common Stock",,,USA
HUN,Huntsman Corporation Common Stock,,,USA
NAMSW,NewAmsterdam Pharma Company N.V. Warrant,,,USA
NIQ,NIQ Global Intelligence plc Ordinary Shares,,,USA
WSBCO,"WesBanco, Inc. Depositary Shares each representing 1/40th interest in a share of 7.375% Fixed-Rate Reset Non-Cumulative Perpetual Preferred Stock, Series B",,,USA
ANDE,"Andersons, Inc. (The) Common Stock",,,USA
HTFL,"Heartflow, Inc. Common Stock",,,USA
ICHR,Ichor Holdings Ordinary Shares,,,USA
CENT,Central Garden & Pet Company Common Stock,,,USA
UTI,Universal Technical Institute Inc Common Stock,,,USA
SPNT,SiriusPoint Ltd. Common Shares,,,USA
CARG,"CarGurus, Inc. Class A Common Stock ",,,USA
TMDX,"TransMedics Group, Inc. Common Stock",,,USA
NOVTU,Novanta Inc. Tangible Equity Units,,,USA
DNOW,DNOW Inc. Common Stock,,,USA
FBNC,First Bancorp Common Stock,,,USA
CALX,"Calix, Inc Common Stock",,,USA
KWR,Quaker Houghton Common Stock,,,USA
DJT,Trump Media & Technology Group Corp. Common Stock,,,USA
OSW,OneSpaWorld Holdings Limited Common Shares,,,USA
WRD,WeRide Inc. American Depositary Shares,,,USA
TNK,Teekay Tankers Ltd.,,,USA
FRPT,"Freshpet, Inc. Common Stock",,,USA
NBTB,NBT Bancorp Inc. Common Stock,,,USA
BCC,"Boise Cascade, L.L.C. Common Stock",,,USA
WU,Western Union Company (The) Common Stock,,,USA
LCLN,"Lincoln International, Inc. Class A Common Stock",,,USA
BBT,Beacon Financial Corporation Common stock,,,USA
VERA,"Vera Therapeutics, Inc. Class A Common Stock",,,USA
UAA,"Under Armour, Inc. Class A Common Stock",,,USA
AMBP,Ardagh Metal Packaging S.A. Ordinary Shares,,,USA
MTX,Minerals Technologies Inc. Common Stock,,,USA
MLCO,Melco Resorts & Entertainment Limited American Depositary Shares,,,USA
HTO,H2O America Common Stock,,,USA
POET,POET Technologies Inc. Common Shares,,,USA
DAC,Danaos Corporation Common Stock,,,USA
DRH,Diamondrock Hospitality Company Common Stock,,,USA
MFICL,MidCap Financial Investment Corporation 8.00% Notes due 2028,,,USA
AERO,"Grupo Aeromexico, S.A.B. de C.V. American Depositary Shares (each representing ten (10) Common Shares)",,,USA
CMPR,Cimpress plc Ordinary Shares (Ireland),,,USA
CLDX,"Celldex Therapeutics, Inc.",,,USA
BAND,Bandwidth Inc. Class A Common Stock,,,USA
ABM,ABM Industries Incorporated Common Stock,,,USA
LCII,LCI Industries,,,USA
BUSE,First Busey Corporation Class A Common Stock,,,USA
HE,"Hawaiian Electric Industries, Inc. Common Stock",,,USA
ACHC,"Acadia Healthcare Company, Inc. Common Stock",,,USA
ADAMI,"Adamas Trust, Inc. 9.125% Senior Notes Due 2029",,,USA
NOG,"Northern Oil and Gas, Inc. Common Stock",,,USA
AVPT,"AvePoint, Inc. Class A Common Stock",,,USA
UA,"Under Armour, Inc. Class C Common Stock",,,USA
NTB,Bank of N.T. Butterfield & Son Limited (The) Voting Ordinary Shares,,,USA
NGVT,Ingevity Corporation Common Stock ,,,USA
MH,"McGraw Hill, Inc. Common Stock",,,USA
RARE,Ultragenyx Pharmaceutical Inc. Common Stock,,,USA
NEXT,NextDecade Corporation Common Stock,,,USA
MNR,Mach Natural Resources LP Common Units representing Limited Partner Interests,,,USA
RNW,ReNew Energy Global plc Class A Ordinary Shares,,,USA
BBAI,"BigBear.ai, Inc. Common Stock",,,USA
SHAK,"Shake Shack, Inc. Class A Common Stock",,,USA
ATEN,"A10 Networks, Inc. Common Stock",,,USA
ADAMM,"Adamas Trust, Inc. 7.875% Series E Fixed-to-Floating Rate Cumulative Redeemable Preferred Stock",,,USA
CXW,"CoreCivic, Inc. Common Stock",,,USA
AESI,Atlas Energy Solutions Inc. Common Stock,,,USA
BLBD,Blue Bird Corporation Common Stock,,,USA
CTOS,"Custom Truck One Source, Inc. Common Stock",,,USA
CEPU,Central Puerto S.A. American Depositary Shares (each represents ten Common Shares),,,USA
PBI,Pitney Bowes Inc. Common Stock,,,USA
DCO,Ducommun Incorporated Common Stock,,,USA
WLY,"John Wiley & Sons, Inc. Common Stock",,,USA
WLYB,"John Wiley & Sons, Inc. Common Stock",,,USA
PMTU,PennyMac Mortgage Investment Trust 8.50% Senior Notes due 2028,,,USA
AXGN,"Axogen, Inc. Common Stock",,,USA
PDFS,"PDF Solutions, Inc. Common Stock",,,USA
ESTA,Establishment Labs Holdings Inc. Common Shares,,,USA
RAMP,"LiveRamp Holdings, Inc. Common Stock",,,USA
BKE,"Buckle, Inc. (The) Common Stock",,,USA
IMOS,ChipMOS TECHNOLOGIES INC. American Depositary Shares,,,USA
EFSC,Enterprise Financial Services Corporation Common Stock,,,USA
TBBK,The Bancorp Inc Common Stock,,,USA
IMNM,"Immunome, Inc. Common Stock",,,USA
ALRM,"Alarm.com Holdings, Inc. Common Stock",,,USA
LCID,"Lucid Group, Inc. Common Stock",,,USA
DRD,DRDGOLD Limited American Depositary Shares,,,USA
AMSC,American Superconductor Corporation Common Stock,,,USA
CHA,Chagee Holdings Limited American Depositary Shares,,,USA
BRUN,Boost Run Inc. Class A Common Stock,,,USA
PHVS,Pharvaris N.V. Ordinary Shares,,,USA
BANR,Banner Corporation Common Stock,,,USA
MBIN,Merchants Bancorp Common Stock,,,USA
CYD,China Yuchai International Limited Common Stock,,,USA
PLBL,Polibeli Group Ltd Class A Ordinary Shares,,,USA
CENTA,Central Garden & Pet Company Class A Common Stock Nonvoting,,,USA
ADAML,"Adamas Trust, Inc. 6.875% Series F Fixed-to-Floating Rate Cumulative Redeemable Preferred Stock, $0.01 par value per share",,,USA
BUSEP,"First Busey Corporation Depositary Shares, Each Representing a 1/40thInterest in a Share of 8.25% Fixed-Rate Series B Non-Cumulative Perpetual Preferred Stock, $0.001 par value",,,USA
BGR,BlackRock Energy and Resources Trust,,,USA
WS,"Worthington Steel, Inc. Common Shares",,,USA
HTH,Hilltop Holdings Inc.,,,USA
BTX,BlackRock Technology and Private Equity Term Trust Common Shares of Beneficial Interest,,,USA
CPRI,Capri Holdings Limited Ordinary Shares,,,USA
CDLR,Cadeler A/S American Depositary Share (each representing four (4) Ordinary Shares),,,USA
FUN,Six Flags Entertainment Corporation Common Stock New,,,USA
HNI,HNI Corporation Common Stock,,,USA
MCRI,"Monarch Casino & Resort, Inc. Common Stock",,,USA
ELVN,"Enliven Therapeutics, Inc. Common Stock",,,USA
GCMG,GCM Grosvenor Inc. Class A Common Stock,,,USA
BCRX,"BioCryst Pharmaceuticals, Inc. Common Stock",,,USA
PBH,Prestige Consumer Healthcare Inc. Common Stock,,,USA
IMAX,Imax Corporation Common Stock,,,USA
SHLS,"Shoals Technologies Group, Inc. Class A Common Stock",,,USA
SHO,"Sunstone Hotel Investors, Inc. Sunstone Hotel Investors, Inc. Common Shares",,,USA
CXT,"Crane NXT, Co. Common Stock",,,USA
PRDO,Perdoceo Education Corporation Common Stock,,,USA
LMAT,"LeMaitre Vascular, Inc. Common Stock",,,USA
KOD,Kodiak Sciences Inc Common Stock,,,USA
ARR,"ARMOUR Residential REIT, Inc.",,,USA
ADAMN,"Adamas Trust, Inc. 8.00% Series D Fixed-to-Floating Rate Cumulative Redeemable Preferred Stock",,,USA
IE,Ivanhoe Electric Inc. Common Stock,,,USA
VERX,"Vertex, Inc. Class A Common Stock",,,USA
MGNI,"Magnite, Inc. Common Stock",,,USA
AUPH,Aurinia Pharmaceuticals Inc Ordinary Shares,,,USA
DRVN,Driven Brands Holdings Inc. Common Stock,,,USA
TNET,"TriNet Group, Inc. Common Stock",,,USA
FLOC,Flowco Holdings Inc. Class A Common Stock,,,USA
BRSL,"Brightstar Lottery PLC Trading under the Legal Name to begin at the market open on July 21, 2025. Ordinary Shares",,,USA
FORTY,Formula Systems (1985) Ltd. American Depositary Shares,,,USA
SYBT,"Stock Yards Bancorp, Inc. Common Stock",,,USA
PLUS,ePlus inc. Common Stock,,,USA
ASTH,Astrana Health Inc. Common Stock,,,USA
CLBK,"Columbia Financial, Inc. Common Stock",,,USA
CLOV,"Clover Health Investments, Corp. Class A Common Stock",,,USA
SOC,Sable Offshore Corp. Common Stock,,,USA
NVCR,NovoCure Limited Ordinary Shares,,,USA
NMM,Navios Maritime Partners LP Common Units Representing Limited Partner Interests,,,USA
DHC,Diversified Healthcare Trust Common Shares of Beneficial Interest,,,USA
BLX,"Banco Latinoamericano de Comercio Exterior, S.A.",,,USA
NWBI,"Northwest Bancshares, Inc. Common Stock",,,USA
MLYS,"Mineralys Therapeutics, Inc. Common Stock",,,USA
NTLA,"Intellia Therapeutics, Inc. Common Stock",,,USA
SPSC,"SPS Commerce, Inc. Common Stock",,,USA
GRC,Gorman-Rupp Company (The) Common Stock,,,USA
NWN,Northwest Natural Holding Company Common Stock,,,USA
SEM,Select Medical Holdings Corporation Common Stock,,,USA
DEI,"Douglas Emmett, Inc. Common Stock",,,USA
CIMN,Chimera Investment Corporation 9.000% Senior Notes due 2029,,,USA
LC,LendingClub Corporation Common Stock,,,USA
ATHM,"Autohome Inc. American Depositary Shares, each representing four class A ordinary shares.",,,USA
SFB,Stifel Financial Corporation 5.20% Senior Notes due 2047,,,USA
PUMP,ProPetro Holding Corp. Common Stock,,,USA
RXRX,"Recursion Pharmaceuticals, Inc. Class A Common Stock",,,USA
NKTR,Nektar Therapeutics  Common Stock,,,USA
UMBFO,"UMB Financial Corporation Depositary Shares Each Representing a 1/400th Interest in a Share of 7.750% Fixed-Rate Reset Non-Cumulative Perpetual Preferred Stock, Series B",,,USA
NGL,NGL ENERGY PARTNERS LP Common Units representing Limited Partner Interests,,,USA
PGNY,"Progyny, Inc. Common Stock",,,USA
NEXA,Nexa Resources S.A. Common Shares,,,USA
GNL,"Global Net Lease, Inc. Common Stock",,,USA
TSAT,Telesat Corporation Class A Common Shares and Class B Variable Voting Shares ,,,USA
IOSP,Innospec Inc. Common Stock,,,USA
NEOG,Neogen Corporation Common Stock,,,USA
OMCL,"Omnicell, Inc. Common Stock ($0.001 par value)",,,USA
XRAY,DENTSPLY SIRONA Inc. Common Stock,,,USA
EZPW,"EZCORP, Inc. Class A Non Voting Common Stock",,,USA
TRVI,"Trevi Therapeutics, Inc. Common Stock",,,USA
AGM,Federal Agricultural Mortgage Corporation Common Stock,,,USA
BHC,Bausch Health Companies Inc. Common Stock,,,USA
RVT,"Royce Small-Cap Trust, Inc. Common Stock",,,USA
IOVA,"Iovance Biotherapeutics, Inc. Common Stock",,,USA
FIGS,"FIGS, Inc. Class A Common Stock",,,USA
AIN,Albany International Corporation Common Stock,,,USA
PRKS,United Parks & Resorts Inc. Common Stock,,,USA
HCM,HUTCHMED (China) Limited American Depositary Shares,,,USA
GTY,Getty Realty Corporation Common Stock,,,USA
ZLAB,Zai Lab Limited American Depositary Shares,,,USA
INVX,"Innovex International, Inc. Common Stock",,,USA
OFG,OFG Bancorp Common Stock,,,USA
SONO,"Sonos, Inc. Common Stock",,,USA
BXDC,Blackstone Digital Infrastructure Trust Inc. Common Stock,,,USA
STC,Stewart Information Services Corporation Common Stock,,,USA
WB,Weibo Corporation American Depositary Share,,,USA
MESO,Mesoblast Limited American Depositary Shares,,,USA
FCF,First Commonwealth Financial Corporation Common Stock,,,USA
OCUL,"Ocular Therapeutix, Inc. Common Stock",,,USA
KYN,"Kayne Anderson Energy Infrastructure Fund, Inc.",,,USA
GEL,"Genesis Energy, L.P. Common Units",,,USA
HCI,"HCI Group, Inc. Common Stock",,,USA
TY,Tri Continental Corporation Common Stock,,,USA
CDZIP,"Cadiz, Inc. Depositary Shares",,,USA
PEB,Pebblebrook Hotel Trust Common Shares of Beneficial Interest,,,USA
HRMY,"Harmony Biosciences Holdings, Inc. Common Stock",,,USA
STEL,"Stellar Bancorp, Inc. Common Stock",,,USA
USAS,"Americas Gold and Silver Corporation Common Shares, no par value",,,USA
NBHC,National Bank Holdings Corporation Common Stock,,,USA
GRND,Grindr Inc. Common Stock,,,USA
NTST,NetSTREIT Corp. Common Stock,,,USA
TGLS,Tecnoglass Inc. Ordinary Shares,,,USA
CTS,CTS Corporation Common Stock,,,USA
SPB,"Spectrum Brands Holdings, Inc. Common Stock",,,USA
GENB,"Generate Biomedicines, Inc. Common Stock",,,USA
XPRO,Expro Group Holdings N.V. Common Stock,,,USA
CMRE,Costamare Inc. Common Stock $0.0001 par value,,,USA
INTA,"Intapp, Inc. Common Stock",,,USA
PDO,PIMCO Dynamic Income Opportunities Fund Common Shares of Beneficial Interest,,,USA
ABCL,AbCellera Biologics Inc. Common Shares,,,USA
LWLG,"Lightwave Logic, Inc. Common Stock",,,USA
STOK,"Stoke Therapeutics, Inc. Common Stock",,,USA
FIVN,"Five9, Inc. Common Stock",,,USA
WMK,"Weis Markets, Inc. Common Stock",,,USA
TIC,"TIC Solutions, Inc. Common Stock",,,USA
SKYT,"SkyWater Technology, Inc. Common Stock",,,USA
PLSE,"Pulse Biosciences, Inc Common Stock (DE)",,,USA
QFIN,"Qfin Holdings, Inc. American Depositary Shares",,,USA
HWCPZ,Hancock Whitney Corporation 6.25% Subordinated Notes due 2060,,,USA
ASAN,"Asana, Inc. Class A Common Stock",,,USA
PLAB,"Photronics, Inc. Common Stock",,,USA
PAX,Patria Investments Limited Class A Common Shares,,,USA
ECO,Okeanis Eco Tankers Corp. Common Stock,,,USA
ADMA,ADMA Biologics Inc Common Stock,,,USA
OZKAP,Bank OZK 4.625% Series A Non-Cumulative Perpetual Preferred Stock,,,USA
LKFT,Lakefront Biotherapeutics American Depositary Shares,,,USA
PLGO,Pelagos Insurance Capital Limited Common Shares,,,USA
ALG,"Alamo Group, Inc. Common Stock",,,USA
FBYD,"Falcon's Beyond Global, Inc. Class A Common Stock",,,USA
HMN,Horace Mann Educators Corporation Common Stock,,,USA
PLPC,Preformed Line Products Company Common Stock,,,USA
MD,"Pediatrix Medical Group, Inc. Common Stock",,,USA
SLDE,"Slide Insurance Holdings, Inc. Common Stock",,,USA
VET,Vermilion Energy Inc. Common (Canada),,,USA
ZYME,Zymeworks Inc. Common Stock,,,USA
BLDP,"Ballard Power Systems, Inc. Common Shares",,,USA
JSM,"Navient Corporation 6% Senior Notes due December 15, 2043",,,USA
MUJ,"Blackrock MuniHoldings New Jersey Quality Fund, Inc. Common Stock",,,USA
ENVX,Enovix Corporation Common Stock,,,USA
VCEL,Vericel Corporation Common Stock,,,USA
STRA,"Strategic Education, Inc. Common Stock",,,USA
AMBQ,"Ambiq Micro, Inc. Common Stock",,,USA
RCAT,"Red Cat Holdings, Inc. Common Stock",,,USA
MIY,"Blackrock MuniYield Michigan Quality Fund, Inc. Common Stock",,,USA
CNXN,"PC Connection, Inc. Common Stock",,,USA
APPN,Appian Corporation Class A Common Stock,,,USA
JBLU,JetBlue Airways Corporation Common Stock,,,USA
NUVB,Nuvation Bio Inc. Class A Common Stock,,,USA
SRCE,1st Source Corporation Common Stock,,,USA
RAPP,"Rapport Therapeutics, Inc. Common Stock",,,USA
KSS,Kohl's Corporation Common Stock,,,USA
KOS,Kosmos Energy Ltd. Common Shares (DE),,,USA
ADNT,Adient plc Ordinary Shares ,,,USA
SGRY,"Surgery Partners, Inc. Common Stock",,,USA
CBZ,"CBIZ, Inc. Common Stock",,,USA
RQI,Cohen & Steers Quality Income Realty Fund Inc Common Shares,,,USA
TRINI,Trinity Capital Inc. 7.875% Notes Due 2029,,,USA
NBTX,Nanobiotix S.A. American Depositary Shares,,,USA
TRINZ,Trinity Capital Inc. 7.875% Notes due 2029,,,USA
SKWD,"Skyward Specialty Insurance Group, Inc. Common Stock",,,USA
LTC,"LTC Properties, Inc. Common Stock",,,USA
PRLB,"Proto Labs, Inc. Common stock",,,USA
LAC,Lithium Americas Corp. Common Shares,,,USA
ANIP,"ANI Pharmaceuticals, Inc.",,,USA
CHCO,City Holding Company Common Stock,,,USA
WD,"Walker & Dunlop, Inc Common Stock",,,USA
FLYW,Flywire Corporation Voting Common Stock,,,USA
ZD,"Ziff Davis, Inc. Common Stock",,,USA
QURE,uniQure N.V. Ordinary Shares,,,USA
WTFCN,"Wintrust Financial Corporation Depositary Shares, Each Representing a 1/1,000th Interest in a Share of 7.875% Fixed-Rate Reset Non-Cumulative Perpetual Preferred StocK",,,USA
CMPS,COMPASS Pathways Plc American Depository Shares,,,USA
SRPT,"Sarepta Therapeutics, Inc. Common Stock (DE)",,,USA
VSTS,Vestis Corporation Common Stock,,,USA
AFGB,"American Financial Group, Inc. 5.875% Subordinated Debentures due 2059",,,USA
AGRO,Adecoagro S.A. Common Shares,,,USA
CNXC,Concentrix Corporation Common Stock,,,USA
MHD,"Blackrock MuniHoldings Fund, Inc. Common Stock",,,USA
ARCO,Arcos Dorados Holdings Inc. Class A Shares,,,USA
LOB,"Live Oak Bancshares, Inc. Common Stock",,,USA
HURN,Huron Consulting Group Inc. Common Stock,,,USA
UFPT,"UFP Technologies, Inc. Common Stock",,,USA
LPG,Dorian LPG Ltd. Common Stock,,,USA
AMRC,"Ameresco, Inc. Class A Common Stock",,,USA
ALKT,"Alkami Technology, Inc. Common Stock",,,USA
ECPG,Encore Capital Group Inc Common Stock,,,USA
TILE,"Interface, Inc. Common Stock",,,USA
SID,Companhia Siderurgica Nacional S.A. Common Stock,,,USA
WLTH,Wealthfront Corporation Common Stock,,,USA
PAYO,Payoneer Global Inc. Common Stock,,,USA
AIP,"Arteris, Inc. Common Stock",,,USA
BOBS,"Bob's Discount Furniture, Inc. Common Stock",,,USA
BHVN,Biohaven Ltd. Common Shares ,,,USA
AGIO,"Agios Pharmaceuticals, Inc. Common Stock",,,USA
EPAC,Enerpac Tool Group Corp. Common Stock,,,USA
OXLC,Oxford Lane Capital Corp. Common Stock,,,USA
GLOB,Globant S.A. Common Shares,,,USA
MQ,"Marqeta, Inc. Class A Common Stock",,,USA
VRDN,"Viridian Therapeutics, Inc. Common Stock",,,USA
AAPG,Ascentage Pharma Group International American Depository Shares,,,USA
SION,"Sionna Therapeutics, Inc. Common Stock",,,USA
VPG,"Vishay Precision Group, Inc. Common Stock",,,USA
SMA,"SmartStop Self Storage REIT, Inc. Common Stock",,,USA
MQY,"Blackrock MuniYield Quality Fund, Inc. Common Stock",,,USA
GENVR,Gen Digital Inc. Contingent Value Rights,,,USA
TPB,"Turning Point Brands, Inc. Common Stock",,,USA
EFC,Ellington Financial Inc. Common Stock ,,,USA
TFIN,"Triumph Financial, Inc. Common Stock",,,USA
NCNO,"nCino, Inc. Common Stock",,,USA
TSHA,"Taysha Gene Therapies, Inc. Common Stock",,,USA
ECAT,BlackRock ESG Capital Allocation Term Trust Common Shares of Beneficial Interest,,,USA
BCAT,BlackRock Capital Allocation Term Trust Common Shares of Beneficial Interest,,,USA
XHR,"Xenia Hotels & Resorts, Inc. Common Stock",,,USA
BL,"BlackLine, Inc. Common Stock",,,USA
GLP,Global Partners LP Common Units representing Limited Partner Interests,,,USA
EVCM,EverCommerce Inc. Common Stock,,,USA
SLS,"SELLAS Life Sciences Group, Inc. Common Stock",,,USA
IIPR,"Innovative Industrial Properties, Inc. Common Stock",,,USA
BRAI,Braiin Limited Common Stock,,,USA
TSLX,"Sixth Street Specialty Lending, Inc. Common Stock",,,USA
OPRA,Opera Limited American Depositary Shares,,,USA
SAM,"Boston Beer Company, Inc. (The) Common Stock",,,USA
LILAK,Liberty Latin America Ltd. Class C Common Stock,,,USA
SLSR,Solaris Resources Inc. Common Shares,,,USA
NVAX,"Novavax, Inc. Common Stock",,,USA
ADUS,Addus HomeCare Corporation Common Stock,,,USA
TH,Target Hospitality Corp. Common Stock,,,USA
SILA,"Sila Realty Trust, Inc. Common Stock",,,USA
WGS,GeneDx Holdings Corp. Class A Common Stock,,,USA
CASH,"Pathward Financial, Inc. Common Stock",,,USA
RZC,"Reinsurance Group of America, Incorporated 7.125% Fixed-Rate Reset Subordinated Debentures due 2052",,,USA
KRP,Kimbell Royalty Partners Common Units Representing Limited Partner Interests,,,USA
LILA,Liberty Latin America Ltd. Class A Common Stock,,,USA
STGW,Stagwell Inc. Class A Common Stock,,,USA
RZB,"Reinsurance Group of America, Incorporated 5.75% Fixed-To-Floating Rate Subordinated Debentures due 2056",,,USA
ATAI,AtaiBeckley Inc. Common Stock,,,USA
IMKTA,"Ingles Markets, Incorporated Class A Common Stock",,,USA
RBCAA,"Republic Bancorp, Inc. Class A Common Stock",,,USA
ADAMZ,"Adamas Trust, Inc. 7.000% Series G Cumulative Redeemable Preferred Stock, $0.01 par value per share",,,USA
FSUN,FirstSun Capital Bancorp Common Stock,,,USA
DCOM,"Dime Commercial Bancshares, Inc. Common Stock",,,USA
PVLA,"Palvella Therapeutics, Inc. Common Stock",,,USA
GAB,"Gabelli Equity Trust, Inc. (The) Common Stock",,,USA
GABC,"German American Bancorp, Inc. Common Stock",,,USA
SGML,Sigma Lithium Corporation Common Shares,,,USA
NNAVW,NextNav Inc. Warrant,,,USA
BVC,BitVentures Limited Ordinary Shares,,,USA
BDJ,Blackrock Enhanced Equity Dividend Trust,,,USA
GENI,Genius Sports Limited Ordinary Shares,,,USA
INVA,"Innoviva, Inc. Common Stock",,,USA
NHPAP,"National Healthcare Properties, Inc. 7.375% Series A Cumulative Redeemable Perpetual Preferred Stock",,,USA
FTRE,Fortrea Holdings Inc. Common Stock,,,USA
AFGD,"American Financial Group, Inc. 5.625% Subordinated Debentures due 2060",,,USA
NWL,Newell Brands Inc. Common Stock,,,USA
ETV,Eaton Vance Corporation Eaton Vance Tax-Managed Buy-Write Opportunities Fund Common Shares of Beneficial Interest,,,USA
STBA,"S&T Bancorp, Inc. Common Stock",,,USA
FRA,Blackrock Floating Rate Income Strategies Fund Inc  Common Stock,,,USA
NVRI,Enviri Corporation Common Stock,,,USA
COTY,Coty Inc. Class A Common Stock,,,USA
GT,The Goodyear Tire & Rubber Company Common Stock,,,USA
UZD,"Array Digital Infrastructure, Inc. 6.250% Senior Notes due 2069",,,USA
MYI,"Blackrock MuniYield Quality Fund III, Inc Common Stock",,,USA
DV,"DoubleVerify Holdings, Inc. Common Stock",,,USA
BPOPM,"Popular, Inc. Popular Capital Trust II - 6.125% Cumulative Monthly Income Trust Preferred Securities",,,USA
CAPR,"Capricor Therapeutics, Inc. Common Stock",,,USA
TCBK,TriCo Bancshares Common Stock,,,USA
CCS,"Century Communities, Inc. Common Stock",,,USA
TYRA,"Tyra Biosciences, Inc. Common Stock",,,USA
NBR,Nabors Industries Ltd.,,,USA
CRML,Critical Metals Corp. Ordinary Shares,,,USA
NHPBP,"National Healthcare Properties, Inc. 7.125% Series B Cumulative Redeemable Perpetual Preferred Stock",,,USA
HTZ,"Hertz Global Holdings, Inc Common Stock",,,USA
MUC,"Blackrock MuniHoldings California Quality Fund, Inc.  Common Stock",,,USA
HOPE,"Hope Bancorp, Inc. Common Stock",,,USA
RES,"RPC, Inc. Common Stock",,,USA
LAR,Lithium Argentina AG Common Shares,,,USA
LINC,Lincoln Educational Services Corporation Common Stock,,,USA
FLNG,FLEX LNG Ltd. Ordinary Shares,,,USA
RLJ,RLJ Lodging Trust Common Shares of Beneficial Interest $0.01 par value,,,USA
SNDX,"Syndax Pharmaceuticals, Inc. Common Stock",,,USA
GHRS,GH Research PLC Ordinary Shares,,,USA
MUA,"Blackrock MuniAssets Fund, Inc Common Stock",,,USA
CLVT,Clarivate Plc Ordinary Shares,,,USA
AMLX,"Amylyx Pharmaceuticals, Inc. Common Stock",,,USA
AGL,"agilon health, inc. Common Stock",,,USA
HLIT,Harmonic Inc. Common Stock,,,USA
SFL,SFL Corporation Ltd,,,USA
FRMEP,First Merchants Corporation Depository Shares,,,USA
XNET,Xunlei Limited American Depositary Shares,,,USA
NRIX,"Nurix Therapeutics, Inc. Common stock",,,USA
WBTN,WEBTOON Entertainment Inc. Common stock,,,USA
NCV,Virtus Convertible & Income Fund Common Shares of Beneficial Interest,,,USA
SNDA,"Sonida Senior Living, Inc. Common Stock",,,USA
DCH,Dauch Corporation Common Stock,,,USA
BKT,BlackRock Income Trust Inc. (The),,,USA
BFC,Bank First Corporation Common Stock,,,USA
ALGT,Allegiant Travel Company Common Stock,,,USA
DXC,DXC Technology Company Common Stock ,,,USA
BORR,Borr Drilling Limited Common Shares,,,USA
OXSQG,Oxford Square Capital Corp. 5.50% Notes due 2028,,,USA
FLO,"Flowers Foods, Inc. Common Stock",,,USA
TRIN,Trinity Capital Inc. Common Stock,,,USA
UMAC,"Unusual Machines, Inc. Common Stock",,,USA
VIR,"Vir Biotechnology, Inc. Common Stock",,,USA
AVBP,"ArriVent BioPharma, Inc. Common Stock",,,USA
CNOB,"ConnectOne Bancorp, Inc. Common Stock",,,USA
AEVA,"Aeva Technologies, Inc. Common Stock",,,USA
SLVM,Sylvamo Corporation Common Stock,,,USA
AI,"C3.ai, Inc. Class A Common Stock",,,USA
PRCT,PROCEPT BioRobotics Corporation Common Stock,,,USA
QCRH,"QCR Holdings, Inc. Common Stock",,,USA
KW,Kennedy-Wilson Holdings Inc. Common Stock,,,USA
GAM,"General American Investors, Inc. Common Stock",,,USA
WKC,World Kinect Corporation Common Stock,,,USA
ALNT,Allient Inc. Common Stock,,,USA
FMC,FMC Corporation Common Stock,,,USA
BY,"Byline Bancorp, Inc. Common Stock",,,USA
SLNHP,"Soluna Holdings, Inc 9.0% Series A Cumulative Perpetual Preferred Stock ",,,USA
REX,REX American Resources Corporation,,,USA
AOSL,Alpha and Omega Semiconductor Limited Common Shares,,,USA
ANAB,"AnaptysBio, Inc. Common Stock",,,USA
BAK,Braskem SA ADR,,,USA
ECCC,Eagle Point Credit Company 6.50% Series C Term Preferred Stock due 2031,,,USA
LZB,La-Z-Boy Incorporated Common Stock,,,USA
ALMR,"Alamar Biosciences, Inc. Common Stock",,,USA
MAN,ManpowerGroup Common Stock,,,USA
STAA,STAAR Surgical Company Common Stock,,,USA
OBK,"Origin Bancorp, Inc. Common Stock",,,USA
AFGC,"American Financial Group, Inc. 5.125% Subordinated Debentures due 2059",,,USA
KARO,Karooooo Ltd. Ordinary Shares,,,USA
WLDN,"Willdan Group, Inc. Common Stock",,,USA
LKFN,Lakeland Financial Corporation Common Stock,,,USA
PRGO,Perrigo Company plc Ordinary Shares,,,USA
NEO,"NeoGenomics, Inc. Common Stock",,,USA
BKSY,BlackSky Technology Inc. Class A Common Stock,,,USA
NICM,Nicola Mining Inc. American Depositary Shares,,,USA
MBX,"MBX Biosciences, Inc. Common Stock",,,USA
CBL,"CBL & Associates Properties, Inc. Common Stock",,,USA
RYZ,Ryerson Holding Corporation Common Stock,,,USA
GLUE,"Monte Rosa Therapeutics, Inc. Common Stock",,,USA
AAT,"American Assets Trust, Inc. Common Stock",,,USA
CSWC,Capital Southwest Corporation Common Stock,,,USA
ECCV,Eagle Point Credit Company 5.375% Notes due 2029,,,USA
CNL,Collective Mining Ltd. Common Shares,,,USA
ACDC,ProFrac Holding Corp. Class A Common Stock,,,USA
UZE,"Array Digital Infrastructure, Inc. 5.500% Senior Notes due 2070",,,USA
LIND,Lindblad Expeditions Holdings Inc. Common Stock,,,USA
FOR,Forestar Group Inc Common Stock ,,,USA
ARI,"Apollo Commercial Real Estate Finance, Inc",,,USA
GBX,"Greenbrier Companies, Inc. (The) Common Stock",,,USA
MRTN,"Marten Transport, Ltd. Common Stock",,,USA
AVAH,Aveanna Healthcare Holdings Inc. Common Stock,,,USA
TNC,Tennant Company Common Stock,,,USA
PWP,Perella Weinberg Partners Class A Common Stock,,,USA
UZF,"Array Digital Infrastructure, Inc. 5.500% Senior Notes due 2070",,,USA
KALV,"KalVista Pharmaceuticals, Inc. Common Stock",,,USA
HLX,"Helix Energy Solutions Group, Inc. Common Stock",,,USA
HLMN,Hillman Solutions Corp. Common Stock,,,USA
NVGS,Navigator Holdings Ltd. Ordinary Shares (Marshall Islands),,,USA
TRS,TriMas Corporation Common Stock,,,USA
ECVT,Ecovyst Inc. Common Stock,,,USA
SEPN,"Septerna, Inc. Common Stock",,,USA
SVV,"Savers Value Village, Inc. Common Stock",,,USA
CRI,"Carter's, Inc. Common Stock",,,USA
MAZE,"Maze Therapeutics, Inc. Common Stock",,,USA
NRP,Natural Resource Partners LP Limited Partnership,,,USA
ARLO,"Arlo Technologies, Inc. Common Stock",,,USA
HBNB,Hotel101 Global Holdings Corp. Class A Ordinary Shares,,,USA
HCSG,"Healthcare Services Group, Inc. Common Stock",,,USA
EVTC,"Evertec, Inc. Common Stock",,,USA
KMPR,Kemper Corporation,,,USA
ADTN,"ADTRAN Holdings, Inc. Common Stock",,,USA
ARRY,"Array Technologies, Inc. Common Stock",,,USA
FDP,"Fresh Del Monte Produce, Inc. Common Stock",,,USA
ELVR,Elevra Lithium Limited American Depository Shares,,,USA
KMPB,Kemper Corporation 5.875% Fixed-Rate Reset Junior Subordinated Debentures due 2062,,,USA
IDT,IDT Corporation Class B Common Stock,,,USA
RXT,"Rackspace Technology, Inc. Common Stock",,,USA
DAO,"Youdao, Inc. American Depositary Shares, each representing one Class A Ordinary Share",,,USA
JJSF,J & J Snack Foods Corp. Common Stock,,,USA
LEG,"Leggett & Platt, Incorporated Common Stock",,,USA
TRIP,"TripAdvisor, Inc. Common Stock",,,USA
YSWY,"Yesway, Inc. Class A Common Stock",,,USA
NOMD,Nomad Foods Limited Ordinary Shares,,,USA
RVLV,"Revolve Group, Inc. Class A Common Stock",,,USA
IMCR,Immunocore Holdings plc American Depositary Shares,,,USA
VMET,Versamet Royalties Corporation Common Stock,,,USA
CEVA,"CEVA, Inc. Common Stock",,,USA
ATRC,"AtriCure, Inc. Common Stock",,,USA
PFBC,Preferred Bank Common Stock,,,USA
MLTX,MoonLake Immunotherapeutics Class A Ordinary Shares,,,USA
CCEC,Capital Clean Energy Carriers Corp. Common Share,,,USA
PGEN,"Precigen, Inc. Common Stock",,,USA
DMRA,"Damora Therapeutics, Inc. Common Stock",,,USA
KDK,"Kodiak AI, Inc. Common Stock ",,,USA
OLPX,"Olaplex Holdings, Inc. Common Stock",,,USA
PURR,Hyperliquid Strategies Inc Common Stock,,,USA
PRG,"PROG Holdings, Inc. Common Stock",,,USA
IPX,IperionX Limited American Depositary Share,,,USA
IART,Integra LifeSciences Holdings Corporation Common Stock,,,USA
IMTX,Immatics N.V. Ordinary Shares,,,USA
MPLT,"MapLight Therapeutics, Inc. Common Stock",,,USA
NNE,Nano Nuclear Energy Inc. Common Stock,,,USA
IAUX,i-80 Gold Corp. Common Shares,,,USA
GSL,Global Ship Lease Inc New Class A Common Shares,,,USA
WLFC,Willis Lease Finance Corporation Common Stock,,,USA
WINA,Winmark Corporation Common Stock,,,USA
HYLN,Hyliion Holdings Corp. Class A Common Stock,,,USA
PBT,Permian Basin Royalty Trust Common Stock,,,USA
DMLP,"Dorchester Minerals, L.P. Common Units Representing Limited Partnership Interests",,,USA
BFLY,"Butterfly Network, Inc. Class A Common Stock",,,USA
GIII,"G-III Apparel Group, LTD. Common Stock",,,USA
RVMDW,"Revolution Medicines, Inc. Warrant",,,USA
URGN,UroGen Pharma Ltd. Ordinary Shares,,,USA
TTI,"Tetra Technologies, Inc. Common Stock",,,USA
ULCC,"Frontier Group Holdings, Inc. Common Stock",,,USA
LU,"Lufax Holding Ltd American Depositary Shares, each representing two (2) Ordinary Shares",,,USA
VZLA,Vizsla Silver Corp. Common Shares,,,USA
BCAX,Bicara Therapeutics Inc. Common Stock,,,USA
PAHC,Phibro Animal Health Corporation Class A Common Stock,,,USA
INBX,"Inhibrx Biosciences, Inc. Common Stock",,,USA
AFGE,"American Financial Group, Inc. 4.500% Subordinated Debentures due 2060",,,USA
ORC,"Orchid Island Capital, Inc. Common Stock",,,USA
ARDX,"Ardelyx, Inc. Common Stock",,,USA
TNDM,"Tandem Diabetes Care, Inc. Common Stock",,,USA
LOMA,Loma Negra Compania Industrial Argentina Sociedad Anonima ADS,,,USA
PRGS,Progress Software Corporation Common Stock (DE),,,USA
DOLE,Dole plc Ordinary Shares,,,USA
LSPD,Lightspeed Commerce Inc. Subordinate Voting Shares,,,USA
AHCO,AdaptHealth Corp. Common Stock,,,USA
BLFS,"BioLife Solutions, Inc. Common Stock",,,USA
WABC,Westamerica Bancorporation Common Stock,,,USA
CSIQ,Canadian Solar Inc. Common Shares (ON),,,USA
TDOC,"Teladoc Health, Inc. Common Stock",,,USA
UVV,Universal Corporation Common Stock,,,USA
CMP,Compass Minerals Intl Inc Common Stock,,,USA
ENOV,Enovis Corporation Common Stock,,,USA
DFH,"Dream Finders Homes, Inc. Class A Common Stock",,,USA
PGY,Pagaya Technologies Ltd. Class A Ordinary Shares,,,USA
AFYA,Afya Limited Class A Common Shares,,,USA
ALX,"Alexander's, Inc. Common Stock",,,USA
WWW,"Wolverine World Wide, Inc. Common Stock",,,USA
BLKB,"Blackbaud, Inc. Common Stock",,,USA
YELP,Yelp Inc. Common Stock,,,USA
LADR,Ladder Capital Corp Class A Common Stock,,,USA
TWO,Two Harbors Investment Corp,,,USA
ITRN,Ituran Location and Control Ltd. Ordinary Shares,,,USA
TBLA,Taboola.com Ltd. Ordinary Shares,,,USA
CDRE,"Cadre Holdings, Inc. Common Stock",,,USA
HROW,"Harrow, Inc. Common Stock",,,USA
ENR,"Energizer Holdings, Inc. Common Stock",,,USA
SPH,"Suburban Propane Partners, L.P. Common Stock",,,USA
MRVI,"Maravai LifeSciences Holdings, Inc. Class A Common Stock",,,USA
WEN,Wendy's Company (The) Common Stock,,,USA
UMH,"UMH Properties, Inc. Common Stock",,,USA
UAMY,United States Antimony Corporation Common Stock,,,USA
BHRB,Burke & Herbert Financial Services Corp. Common Stock,,,USA
NSSC,"NAPCO Security Technologies, Inc. Common Stock",,,USA
NSP,"Insperity, Inc. Common Stock",,,USA
DSGR,"Distribution Solutions Group, Inc. Common Stock",,,USA
PDS,Precision Drilling Corporation Common Stock,,,USA
UAN,"CVR Partners, LP Common Units representing Limited Partner Interests",,,USA
GSHD,"Goosehead Insurance, Inc. Class A Common Stock",,,USA
ATEX,Anterix Inc. Common Stock,,,USA
SHAZ,"SharonAI Holdings, Inc. Class A Common Stock",,,USA
RMIX,"Suncrete, Inc. Class A Common Stock",,,USA
MUX,McEwen Inc. Common Stock,,,USA
XPEL,"XPEL, Inc. Common Stock",,,USA
PSNL,"Personalis, Inc. Common Stock",,,USA
PRA,ProAssurance Corporation Common Stock,,,USA
AMAL,Amalgamated Financial Corp. Common Stock (DE),,,USA
GHM,Graham Corporation Common Stock,,,USA
PEBO,Peoples Bancorp Inc. Common Stock,,,USA
CXM,"Sprinklr, Inc. Class A Common Stock",,,USA
CNOBP,"ConnectOne Bancorp, Inc. Depositary Shares, each representing a 1/40th interest in a share of 5.25% Fixed-Rate Reset Non-Cumulative Perpetual Preferred Stock, Series A",,,USA
NAK,"Northern Dynasty Minerals, Ltd. Common Stock",,,USA
TMP,Tompkins Financial Corporation Common Stock,,,USA
VTOL,"Bristow Group, Inc. Common Stock",,,USA
TROX,Tronox Holdings plc Ordinary Shares (UK),,,USA
ICFI,"ICF International, Inc. Common Stock",,,USA
ATLC,Atlanticus Holdings Corporation Common Stock,,,USA
VIA,"Via Transportation, Inc. Class A Common Stock",,,USA
EYE,"National Vision Holdings, Inc. Common Stock",,,USA
IRS,IRSA Inversiones Y Representaciones S.A. Global Depositary Shares (Each representing ten shares of Common Stock),,,USA
NMAX,"Newsmax, Inc. Class B Common Stock",,,USA
NPKI,NPK International Inc. Common Stock,,,USA
ARDT,"Ardent Health, Inc. Common Stock",,,USA
TUYA,"Tuya Inc. American Depositary Shares, each representing one Class A Ordinary Share",,,USA
PRCH,"Porch Group, Inc. Common Stock",,,USA
RDWR,Radware Ltd. Ordinary Shares,,,USA
OI,"O-I Glass, Inc. Common Stock",,,USA
KYIVW,Kyivstar Group Ltd. Warrant,,,USA
SIFY,Sify Technologies Limited American Depositary Shares,,,USA
CCO,"Clear Channel Outdoor Holdings, Inc. Common Stock",,,USA
CTBI,"Community Trust Bancorp, Inc. Common Stock",,,USA
GCT,GigaCloud Technology Inc Class A Ordinary Shares,,,USA
HTLD,"Heartland Express, Inc. Common Stock",,,USA
ATEC,"Alphatec Holdings, Inc. Common Stock",,,USA
ODC,Oil-Dri Corporation Of America Common Stock,,,USA
INSP,"Inspire Medical Systems, Inc. Common Stock",,,USA
PRSU,"Pursuit Attractions and Hospitality, Inc. Common Stock",,,USA
SATL,Satellogic Inc. Class A Common Stock,,,USA
EDN,Empresa Distribuidora Y Comercializadora Norte S.A. (Edenor) American Depositary Shares,,,USA
FINV,FinVolution Group American Depositary Shares,,,USA
GILT,Gilat Satellite Networks Ltd. Ordinary Shares,,,USA
WAFDP,"WaFd, Inc. Depositary Shares",,,USA
BKKT,"Bakkt, Inc. Class A Common Stock",,,USA
AMC,"AMC Entertainment Holdings, Inc. Class A Common Stock",,,USA
NCZ,Virtus Convertible & Income Fund II Common Shares of Beneficial Interest,,,USA
TDAY,"USA TODAY Co., Inc. Common Stock",,,USA
PLTK,Playtika Holding Corp. Common Stock,,,USA
IRMD,iRadimed Corporation Common Stock,,,USA
CDNA,"CareDx, Inc. Common Stock",,,USA
KMTS,"Kestra Medical Technologies, Ltd. Common Stock",,,USA
GOLD,"Gold.com, Inc. Common Stock",,,USA
FMBH,"First Mid Bancshares, Inc. Common Stock",,,USA
AMN,AMN Healthcare Services Inc,,,USA
PICS,PicS N.V. Class A Common Shares,,,USA
COAG,"Hemab Therapeutics Holdings, Inc. Common Stock",,,USA
LNN,Lindsay Corporation Common Stock,,,USA
ASTE,"Astec Industries, Inc. Common Stock",,,USA
SDGR,"Schrodinger, Inc. Common Stock",,,USA
MBINM,"Merchants Bancorp Depositary Shares, Each Representing a 1/40th Interest in a Share of 8.25% Fixed-Rate Reset Series D Non-Cumulative Perpetual Preferred Stock",,,USA
SCCD,Sachem Capital Corp. 6.00% Notes due 2026,,,USA
NWPX,"NWPX Infrastructure, Inc. Common Stock",,,USA
HLF,Herbalife Ltd. Common Shares,,,USA
IMPPP,Imperial Petroleum Inc. 8.75% Series A Cumulative Redeemable Perpetual Preferred Shares,,,USA
SCCG,Sachem Capital Corp. 8.00% Notes due 2027,,,USA
LGIH,"LGI Homes, Inc. Common Stock",,,USA
SCCF,Sachem Capital Corp. 7.125% Notes due 2027,,,USA
WVE,Wave Life Sciences Ltd. Ordinary Shares,,,USA
SCL,Stepan Company Common Stock,,,USA
AVNS,"Avanos Medical, Inc. Common Stock",,,USA
GIC,Global Industrial Company Common Stock,,,USA
KOPN,Kopin Corporation Common Stock,,,USA
ALVO,Alvotech Ordinary Shares,,,USA
SCCE,Sachem Capital Corp. 6.00% Notes due 2027,,,USA
THRM,Gentherm Inc Common Stock,,,USA
DJTWW,Trump Media & Technology Group Corp. Warrants,,,USA
ZBIO,"Zenas BioPharma, Inc. Common Stock",,,USA
ASM,Avino Silver & Gold Mines Ltd. Common Shares (Canada),,,USA
NRGV,"Energy Vault Holdings, Inc. Common Stock",,,USA
HIVE,HIVE Digital Technologies Ltd. Common Shares,,,USA
JKS,JinkoSolar Holding Company Limited American Depositary Shares (each representing 4 Common Shares),,,USA
LQDT,"Liquidity Services, Inc. Common Stock",,,USA
MBINL,"Merchants Bancorp Depositary Shares, Each Representing a 1/40thInterest in a Share of 7.25% Fixed Rate Series E Non-CumulativePerpetual Preferred Stock, without par value",,,USA
XIFR,"XPLR Infrastructure, LP Common Units representing limited partner interests",,,USA
SBR,Sabine Royalty Trust Common Stock,,,USA
ABSI,Absci Corporation Common Stock,,,USA
LFMDP,"LifeMD, Inc. 8.875% Series A Cumulative Perpetual Preferred Stock",,,USA
SBH,"Sally Beauty Holdings, Inc. (Name to be changed from Sally Holdings, Inc.) Common Stock",,,USA
ASA,ASA  Gold and Precious Metals Limited,,,USA
PSEC,Prospect Capital Corporation Common Stock,,,USA
DQ,"DAQO New Energy Corp. American Depositary Shares, each representing five ordinary shares",,,USA
XZO,"Exzeo Group, Inc. Common Stock",,,USA
BV,"BrightView Holdings, Inc. Common Stock",,,USA
HFWA,Heritage Financial Corporation Common Stock,,,USA
EVLV,"Evolv Technologies Holdings, Inc. Class A Common Stock",,,USA
ROCK,"Gibraltar Industries, Inc. Common Stock",,,USA
FCEL,"FuelCell Energy, Inc. Common Stock",,,USA
MMI,"Marcus & Millichap, Inc. Common Stock",,,USA
AVLN,Avalyn Pharma Inc. Common Stock,,,USA
SBET,"Sharplink, Inc. Common Stock",,,USA
APPS,"Digital Turbine, Inc. Common Stock",,,USA
UFCS,"United Fire Group, Inc. Common Stock",,,USA
UVSP,Univest Financial Corporation Common Stock,,,USA
MCB,Metropolitan Bank Holding Corp. Common Stock,,,USA
PXED,"Phoenix Education Partners, Inc. Common Stock",,,USA
PDM,"Piedmont Realty Trust, Inc. Class A Common Stock",,,USA
NAT,Nordic American Tankers Limited Common Stock,,,USA
DSL,DoubleLine Income Solutions Fund Common Shares of Beneficial Interests,,,USA
METC,"Ramaco Resources, Inc. Class A Common Stock",,,USA
CIM,Chimera Investment Corporation Common Stock,,,USA
JBGS,JBG SMITH Properties Common Shares ,,,USA
UHAL,U-Haul Holding Company Common Stock,,,USA
LPTH,"LightPath Technologies, Inc. Class A Common Stock",,,USA
OPK,"OPKO Health, Inc. Common Stock",,,USA
DEA,"Easterly Government Properties, Inc. Common Stock",,,USA
OSBC,"Old Second Bancorp, Inc. Common Stock",,,USA
FUBO,FuboTV Inc. Class A Common Stock,,,USA
AKTS,"Aktis Oncology, Inc. Common stock",,,USA
ASST,"Strive, Inc. Class A Common Stock",,,USA
TEN,Tsakos Energy Navigation Ltd Common Shares,,,USA
EVEX,"Eve Holding, Inc. Common Stock",,,USA
ELE,Elemental Royalty Corporation Common Stock,,,USA
AGBK,AGI Inc Class A Common Shares,,,USA
BTZ,BlackRock Credit Allocation Income Trust,,,USA
REAL,"The RealReal, Inc. Common Stock",,,USA
GOODN,Gladstone Commercial Corporation 6.625% Series E Cumulative Redeemable Preferred Stock,,,USA
INDI,"indie Semiconductor, Inc. Class A Common Stock",,,USA
SAFE,Safehold Inc. New Common Stock ,,,USA
CVLG,"Covenant Logistics Group, Inc. Class A Common Stock",,,USA
MNKD,MannKind Corporation Common Stock,,,USA
SVRA,Savara Inc. Common Stock,,,USA
PTA,Cohen & Steers Tax-Advantaged Preferred Securities and Income Fund Common Shares of Beneficial Interest,,,USA
DEC,Diversified Energy Company Common Stock,,,USA
OMDA,"Omada Health, Inc. Common Stock",,,USA
LIFE,Ethos Technologies Inc. Class A Common Stock,,,USA
UPWK,Upwork Inc. Common Stock,,,USA
BST,BlackRock Science and Technology Trust Common Shares of Beneficial Interest,,,USA
OCSL,Oaktree Specialty Lending Corporation Common Stock,,,USA
OPY,"Oppenheimer Holdings, Inc. Class A Common Stock (DE)",,,USA
IGIC,International General Insurance Holdings Ltd. Ordinary Share,,,USA
CCB,Coastal Financial Corporation Common Stock,,,USA
ABR,Arbor Realty Trust Common Stock,,,USA
SVC,Service Properties Trust Common Stock,,,USA
MBC,"MasterBrand, Inc. Common Stock",,,USA
PZZA,"Papa John's International, Inc. Common Stock",,,USA
XERS,"Xeris Biopharma Holdings, Inc. Common Stock",,,USA
UPBD,"Upbound Group, Inc. Common Stock",,,USA
WYFI,"WhiteFiber, Inc. Ordinary Shares",,,USA
CRSR,"Corsair Gaming, Inc. Common Stock",,,USA
COLL,"Collegium Pharmaceutical, Inc. Common Stock",,,USA
HTFC,Horizon Technology Finance Corporation 6.25% Notes due 2027,,,USA
SMPL,The Simply Good Foods Company Common Stock,,,USA
CNMD,CONMED Corporation Common Stock,,,USA
GPRE,Green Plains Inc. Common Stock,,,USA
CRON,Cronos Group Inc. Common Share,,,USA
AZTA,"Azenta, Inc.",,,USA
SOUNW,"SoundHound AI, Inc. Warrant",,,USA
GNK,Genco Shipping & Trading Limited Ordinary Shares New (Marshall Islands),,,USA
DLX,Deluxe Corporation Common Stock,,,USA
HPK,"HighPeak Energy, Inc. Common Stock",,,USA
PNTG,"The Pennant Group, Inc. Common Stock ",,,USA
LUCK,Lucky Strike Entertainment Corporation Class A Common Stock,,,USA
QDEL,QuidelOrtho Corporation Common Stock,,,USA
HBT,"HBT Financial, Inc. Common Stock",,,USA
IQ,"iQIYI, Inc. American Depositary Shares",,,USA
NHP,"National Healthcare Properties, Inc. Class A Common Stock",,,USA
DBVT,DBV Technologies S.A. American Depositary Shares,,,USA
DCBG,"Dime Commercial Bancshares, Inc. 9.000% Junior Subordinated Notes",,,USA
ETW,Eaton Vance Corporation Eaton Vance Tax-Managed Global Buy-Write Opportunites Fund Common Shares of Beneficial Interest,,,USA
LUXE,"LuxExperience B.V. American Depositary Shares, each representing one Ordinary Share",,,USA
PLOW,"Douglas Dynamics, Inc. Common Stock",,,USA
EYPT,"EyePoint, Inc. Common Stock",,,USA
AMPL,"Amplitude, Inc. Class A Common Stock",,,USA
RNP,"Cohen & Steers REIT and Preferred and Income Fund, Inc. Common Shares",,,USA
AEF,"abrdn Emerging Markets ex-China Fund, Inc. Common Stock",,,USA
TWFG,"TWFG, Inc. Class A Common Stock",,,USA
OCFC,OceanFirst Financial Corp. Common Stock,,,USA
GSBD,"Goldman Sachs BDC, Inc. Common Stock",,,USA
HSLV,Highlander Silver Corp. Common Shares,,,USA
ACVA,ACV Auctions Inc. Class A Common Stock,,,USA
BCX,BlackRock Resources Common Shares of Beneficial Interest,,,USA
MGRT,Mega Fortune Company Limited Ordinary Shares,,,USA
PSUS,"Pershing Square USA, Ltd. Common Shares",,,USA
AORT,"Artivion, Inc. Common Stock",,,USA
BRBR,"BellRing Brands, Inc. Common Stock ",,,USA
BULLW,Webull Corporation Warrants,,,USA
MLKN,"MillerKnoll, Inc. Common Stock",,,USA
CSR,D/B/A Centerspace Common Stock,,,USA
LMB,"Limbach Holdings, Inc. Common Stock",,,USA
RZLV,Rezolve AI PLC Ordinary Shares,,,USA
SAFT,"Safety Insurance Group, Inc. Common Stock",,,USA
ASPI,ASP Isotopes Inc. Common Stock,,,USA
RUMBW,Rumble Inc. Warrant,,,USA
ENHA,Enhanced Group Inc. Class A Common Stock,,,USA
SBGI,"Sinclair, Inc. Class A Common Stock",,,USA
TBN,Tamboran Resources Corporation Common stock,,,USA
LZ,"LegalZoom.com, Inc. Common Stock",,,USA
VRTS,"Virtus Investment Partners, Inc. Common Stock",,,USA
CFFN,"Capitol Federal Financial, Inc. Common Stock",,,USA
UVE,UNIVERSAL INSURANCE HOLDINGS INC Common Stock,,,USA
TK,Teekay Corporation Ltd. Common Stock,,,USA
EEX,"Emerald Holding, Inc. Common Stock",,,USA
SENEB,Seneca Foods Corp. Class B Common Stock,,,USA
CRVS,"Corvus Pharmaceuticals, Inc. Common Stock",,,USA
NBN,Northeast Bank Common Stock,,,USA
ACEL,"Accel Entertainment, Inc. ",,,USA
GOODO,"Gladstone Commercial Corporation 6.00% Series G Cumulative Redeemable Preferred Stock, par value $0.001 per share",,,USA
SBSI,"Southside Bancshares, Inc. Common Stock",,,USA
WSR,Whitestone REIT Common Shares,,,USA
VYX,NCR Voyix Corporation Common Stock,,,USA
UTZ,Utz Brands Inc Class A Common Stock ,,,USA
INNV,InnovAge Holding Corp. Common Stock,,,USA
MSEX,Middlesex Water Company Common Stock,,,USA
FSCO,FS Credit Opportunities Corp. Common Stock,,,USA
BUR,Burford Capital Limited Ordinary Shares,,,USA
APEI,"American Public Education, Inc. Common Stock",,,USA
ABTC,American Bitcoin Corp. Class A Common Stock,,,USA
AIZN,"Assurant, Inc. 5.25% Subordinated Notes due 2061",,,USA
SIGIP,"Selective Insurance Group, Inc. Depositary Shares, each representing a 1/1,000th interest in a share of 4.60% Non-Cumulative Preferred Stock, Series B",,,USA
SENEA,Seneca Foods Corp. Class A Common Stock,,,USA
FMN,Federated Hermes Premier Municipal Income Fund,,,USA
RHLD,Resolute Holdings Management Common Stock ,,,USA
GDRX,"GoodRx Holdings, Inc. Class A Common Stock",,,USA
SCSC,"ScanSource, Inc. Common Stock",,,USA
KBDC,"Kayne Anderson BDC, Inc. Common Stock",,,USA
PSF,"Cohen & Steers Select Preferred and Income Fund, Inc. Common Stock",,,USA
DFIN,"Donnelley Financial Solutions, Inc. Common Stock ",,,USA
HBNC,"Horizon Bancorp, Inc. Common Stock",,,USA
PDX,PIMCO Dynamic Income Strategy Fund Common Shares of Beneficial Interest,,,USA
MCBS,"MetroCity Bankshares, Inc. Common Stock",,,USA
GOOS,Canada Goose Holdings Inc. Subordinate Voting Shares,,,USA
RERE,ATRenew Inc. American Depositary Shares (every three of which representing two Class A ordinary shares),,,USA
HMH,HMH Holding Inc. Class A Common Stock,,,USA
KODK,Eastman Kodak Company Common New,,,USA
TRUP,"Trupanion, Inc. Common Stock",,,USA
EQBK,"Equity Bancshares, Inc. Class A Common Stock",,,USA
MBINN,Merchants Bancorp Depositary Shares Preferred Series C,,,USA
SCHL,Scholastic Corporation Common Stock,,,USA
AEBI,Aebi Schmidt Holding AG Common Stock ,,,USA
COUR,"Coursera, Inc. Common Stock",,,USA
DAKT,"Daktronics, Inc. Common Stock",,,USA
MFA,"MFA Financial, Inc.",,,USA
SLI,Standard Lithium Ltd. Common Shares,,,USA
USPH,"U.S. Physical Therapy, Inc. Common Stock",,,USA
AIO,Virtus Artificial Intelligence & Technology Opportunities Fund Common Shares of Beneficial Interest,,,USA
ARHS,"Arhaus, Inc. Class A Common Stock",,,USA
AVR,Anteris Technologies Global Corp. Common Stock,,,USA
NPK,"National Presto Industries, Inc. Common Stock",,,USA
ESQ,"Esquire Financial Holdings, Inc. Common Stock",,,USA
ASIC,Ategrity Specialty Insurance Company Holdings Common Stock,,,USA
OLMA,"Olema Pharmaceuticals, Inc. Common Stock",,,USA
NUTX,Nutex Health Inc. Common Stock,,,USA
HEPS,D-Market Electronic Services & Trading American Depositary Shares,,,USA
BFST,"Business First Bancshares, Inc. Common Stock",,,USA
LXU,"LSB Industries, Inc. Common Stock",,,USA
PSIX,"Power Solutions International, Inc. Common Stock",,,USA
IMSR,Terrestrial Energy Inc. Common Stock  ,,,USA
WOOF,"Petco Health and Wellness Company, Inc. Class A Common Stock",,,USA
FSBC,Five Star Bancorp Common Stock,,,USA
GAINZ,Gladstone Investment Corporation 4.875% Notes due 2028,,,USA
CRAI,"CRA International, Inc. Common Stock",,,USA
TRST,TrustCo Bank Corp NY Common Stock,,,USA
BHFAL,"Brighthouse Financial, Inc. 6.25% Junior Subordinated Debentures due 2058",,,USA
CCNE,CNB Financial Corporation Common Stock,,,USA
HQH,abrdn Healthcare Investors Shares of Beneficial Interest,,,USA
RWAYL,Runway Growth Finance Corp. 7.50% Notes due 2027,,,USA
EPC,Edgewell Personal Care Company Common Stock,,,USA
MBWM,Mercantile Bank Corporation Common Stock,,,USA
CPF,Central Pacific Financial Corp New,,,USA
ESRT,"Empire State Realty Trust, Inc. Class A Common Stock",,,USA
HAFC,Hanmi Financial Corporation Common Stock,,,USA
SPTX,"Seaport Therapeutics, Inc. Common Stock",,,USA
DRTS,Alpha Tau Medical Ltd. Ordinary Shares,,,USA
LANDO,Gladstone Land Corporation 6.00% Series B Cumulative Redeemable Preferred Stock,,,USA
VLRS,"Controladora Vuela Compania de Aviacion, S.A.B. de C.V. American Depositary Shares, each representing ten (10) Ordinary Participation Certificates",,,USA
TIGR,UP Fintech Holding Ltd American Depositary Share representing fifteen Class A Ordinary Shares,,,USA
UTL,UNITIL Corporation Common Stock,,,USA
BJRI,"BJ's Restaurants, Inc. Common Stock",,,USA
TCBIO,"Texas Capital Bancshares, Inc. Depositary Shares 5.75% Fixed Rate Non-Cumulative Perpetual Preferred Stock Series B",,,USA
SPRY,"ARS Pharmaceuticals, Inc. Common Stock",,,USA
FTK,"Flotek Industries, Inc. Common Stock",,,USA
BFS,"Saul Centers, Inc. Common Stock",,,USA
BHFAO,"Brighthouse Financial, Inc. Depositary Shares 6.75% Non-Cumulative Preferred Stock, Series B",,,USA
HNRG,Hallador Energy Company Common Stock,,,USA
GTM,ZoomInfo Technologies Inc Common Stock,,,USA
ANNX,"Annexon, Inc. Common Stock",,,USA
MYE,"Myers Industries, Inc. Common Stock",,,USA
PCRX,"Pacira BioSciences, Inc. Common Stock",,,USA
RPC,"Ridgepost Capital, Inc. Class A Common Stock",,,USA
MFIC,MidCap Financial Investment Corporation Common Stock,,,USA
XNCR,"Xencor, Inc. Common Stock",,,USA
NBBK,"NB Bancorp, Inc. Common Stock",,,USA
JCAP,"Jefferson Capital, Inc. Common Stock",,,USA
PMT,PennyMac Mortgage Investment Trust Common Shares of Beneficial Interest,,,USA
AIAI,AIAI Holdings Corporation Class A Common Stock,,,USA
AMTB,Amerant Bancorp Inc. Class A Common Stock,,,USA
CGEM,"Cullinan Therapeutics, Inc. Common Stock",,,USA
NEWP,New Pacific Metals Corp. Common Shares,,,USA
MGTX,MeiraGTx Holdings plc Ordinary Shares,,,USA
JBSS,"John B. Sanfilippo & Son, Inc. Common Stock",,,USA
LANDP,Gladstone Land Corporation 6.00% Series C Cumulative Redeemable Preferred Stock,,,USA
IVA,Inventiva S.A. American Depository Shares,,,USA
AUROW,"Aurora Innovation, Inc. Warrant",,,USA
BANFP,BancFirst Corporation - BFC Capital Trust II Cumulative Trust Preferred Securities,,,USA
BBDC,"Barings BDC, Inc. Common Stock",,,USA
PHAR,"Pharming Group N.V. ADS, each representing 10 ordinary shares",,,USA
SHEN,Shenandoah Telecommunications Co Common Stock,,,USA
CPAC,Cementos Pacasmayo S.A.A. American Depositary Shares (Each representing five Common Shares),,,USA
BHFAP,"Brighthouse Financial, Inc. Depositary Shares 6.6% Non-Cumulative Preferred Stock, Series A",,,USA
SUPV,Grupo Supervielle S.A. American Depositary Shares each Representing five Class B shares,,,USA
SG,"Sweetgreen, Inc. Class A Common Stock",,,USA
JBIO,"Jade Biosciences, Inc. Common Stock",,,USA
SMP,"Standard Motor Products, Inc. Common Stock",,,USA
CERT,"Certara, Inc. Common Stock",,,USA
HDL,SUPER HI INTERNATIONAL HOLDING LTD. American Depositary Shares,,,USA
TALK,"Talkspace, Inc. Common Stock",,,USA
TRNS,"Transcat, Inc. Common Stock",,,USA
ARKO,ARKO Corp. Common Stock,,,USA
CRCT,"Cricut, Inc. Class A Common Stock",,,USA
CRTO,Criteo S.A. American Depositary Shares,,,USA
CCOI,"Cogent Communications Holdings, Inc.",,,USA
TRON,Tron Inc. Common Stock,,,USA
INMD,InMode Ltd. Ordinary Shares,,,USA
JMIA,"Jumia Technologies AG American Depositary Shares, each representing two Ordinary Shares",,,USA
ABUS,Arbutus Biopharma Corporation Common Stock,,,USA
BCSF,"Bain Capital Specialty Finance, Inc. Common Stock",,,USA
NB,NioCorp Developments Ltd. Common Stock,,,USA
KFRC,"Kforce, Inc. Common Stock",,,USA
BMM,Blue Moon Metals Inc. Common Shares,,,USA
INR,"Infinity Natural Resources, Inc. Class A Common Stock",,,USA
CAC,Camden National Corporation Common Stock,,,USA
ABX,"Abacus Global Management, Inc. Class A Common Stock",,,USA
LYTS,LSI Industries Inc. Common Stock,,,USA
EFOR,"Everforth, Inc. Common Stock",,,USA
LXRX,"Lexicon Pharmaceuticals, Inc. Common Stock",,,USA
TBPH,"Theravance Biopharma, Inc. Ordinary Shares",,,USA
MOMO,Hello Group Inc. American Depositary Shares,,,USA
ALOY,REalloys Inc. Common Stock,,,USA
THFF,First Financial Corporation Common Stock,,,USA
JANX,"Janux Therapeutics, Inc. Common Stock",,,USA
MTUS,Metallus Inc. Common Shares,,,USA
MTAL,Metals Acquisition Corp. II Class A Ordinary Shares,,,USA
GO,Grocery Outlet Holding Corp. Common Stock,,,USA
EVC,Entravision Communications Corporation Common Stock,,,USA
FMNB,Farmers National Banc Corp. Common Stock,,,USA
MOV,Movado Group Inc. Common Stock,,,USA
DSP,Viant Technology Inc. Class A Common Stock,,,USA
ROOT,"Root, Inc. Class A Common Stock",,,USA
CAPL,CrossAmerica Partners LP Common Units representing limited partner interests,,,USA
ORIC,"Oric Pharmaceuticals, Inc. Common Stock",,,USA
RJET,Republic Airways Holdings Inc. Common Stock,,,USA
GLIBA,Liberty Capital Corporation Series A GCI Group Common Stock,,,USA
LBRX,LB Pharmaceuticals Inc Common Stock,,,USA
WRLD,World Acceptance Corporation Common Stock,,,USA
EGBN,"Eagle Bancorp, Inc. Common Stock",,,USA
PFLT,PennantPark Floating Rate Capital Ltd. Common Stock,,,USA
GLIBK,Liberty Capital Corporation Series C GCI Group Common Stock,,,USA
CCU,"Compania Cervecerias Unidas, S.A. Common Stock",,,USA
AMPH,"Amphastar Pharmaceuticals, Inc. Common Stock",,,USA
YALA,"Yalla Group Limited American Depositary Shares, each representing one Class A Ordinary Share",,,USA
SSYS,"Stratasys, Ltd. Ordinary Shares (Israel)",,,USA
SANA,"Sana Biotechnology, Inc. Common Stock",,,USA
ADSE,ADS-TEC ENERGY PLC Ordinary Shares,,,USA
MPB,Mid Penn Bancorp Common Stock,,,USA
NXDR,"Nextdoor Holdings, Inc. Class A Common Stock",,,USA
OBE,Obsidian Energy Ltd. Common Shares,,,USA
VFSWW,VinFast Auto Ltd. Warrant,,,USA
NX,Quanex Building Products Corporation Common Stock,,,USA
ADAM,"Adamas Trust, Inc. Common Stock",,,USA
ODV,Osisko Development Corp. Common Shares,,,USA
SWMR,"Swarmer, Inc Common Stock",,,USA
METCB,"Ramaco Resources, Inc. Class B Common Stock",,,USA
REPL,"Replimune Group, Inc. Common Stock",,,USA
CYRX,"CryoPort, Inc. Common Stock",,,USA
LAES,SEALSQ Corp Ordinary Shares,,,USA
HCMA,HCM III Acquisition Corp. Class A Ordinary Share,,,USA
EIG,Employers Holdings Inc Common Stock,,,USA
WLKP,Westlake Chemical Partners LP Common Units representing limited partner interests,,,USA
KOP,Koppers Holdings Inc. Common Stock,,,USA
FCBC,"First Community Bankshares, Inc. (VA) Common Stock",,,USA
LOT,Lotus Technology Inc. American Depositary Shares,,,USA
SPIR,"Spire Global, Inc. Class A Common Stock",,,USA
ESPR,"Esperion Therapeutics, Inc. Common Stock",,,USA
AHG,Akso Health Group ADS,,,USA
CRESY,Cresud S.A.C.I.F. y A. American Depositary Shares,,,USA
CODI,D/B/A Compass Diversified Holdings Shares of Beneficial Interest,,,USA
ANL,Adlai Nortye Ltd. American Depositary Shares,,,USA
BOW,Bowhead Specialty Holdings Inc. Common Stock,,,USA
SXC,"SunCoke Energy, Inc. Common Stock",,,USA
BBSI,"Barrett Business Services, Inc. Common Stock",,,USA
APOG,"Apogee Enterprises, Inc. Common Stock",,,USA
MATW,Matthews International Corporation Class A Common Stock,,,USA
PCTTW,"PureCycle Technologies, Inc. Warrant",,,USA
WGO,"Winnebago Industries, Inc. Common Stock",,,USA
HTB,"HomeTrust Bancshares, Inc. Common Stock",,,USA
LMRI,"Lumexa Imaging Holdings, Inc. Common Stock",,,USA
ETON,"Eton Pharmaceuticals, Inc. Common Stock",,,USA
GROY,Gold Royalty Corp. Common Shares,,,USA
GSBC,"Great Southern Bancorp, Inc. Common Stock",,,USA
KRO,Kronos Worldwide Inc Common Stock,,,USA
REPX,"Riley Exploration Permian, Inc. Common Stock",,,USA
PHAT,"Phathom Pharmaceuticals, Inc. Common Stock",,,USA
SPFI,"South Plains Financial, Inc. Common Stock",,,USA
AGNT,"eXp World Holdings, Inc. Common Stock",,,USA
EVGO,EVgo Inc. Class A Common Stock,,,USA
HTZWW,"Hertz Global Holdings, Inc Warrant",,,USA
KURA,"Kura Oncology, Inc. Common Stock",,,USA
PGC,Peapack-Gladstone Financial Corporation Common Stock,,,USA
JLHL,Julong Holding Limited Class A Ordinary Shares,,,USA
GERN,Geron Corporation Common Stock,,,USA
VOR,Vor Biopharma Inc. Common Stock,,,USA
SSII,SS Innovations International Inc. Common Stock,,,USA
HZO,"MarineMax, Inc.  (FL) Common Stock",,,USA
URG,Ur Energy Inc Common Shares (Canada),,,USA
GSM,Ferroglobe PLC Ordinary Shares,,,USA
TMQ,Trilogy Metals Inc. Common Stock,,,USA
ODTX,"Odyssey Therapeutics, Inc. Common Stock",,,USA
IBTA,"Ibotta, Inc. Class A Common Stock",,,USA
RDVT,"Red Violet, Inc. Common Stock ",,,USA
TXO,"TXO Partners, L.P. Common Units Representing Limited Partner Interests",,,USA
SMBC,"Southern Missouri Bancorp, Inc. Common Stock",,,USA
RILYN,"BRC Group Holdings, Inc. 6.50% Senior Notes Due 2026",,,USA
CCBG,Capital City Bank Group Common Stock,,,USA
HPP,"Hudson Pacific Properties, Inc. Common Stock",,,USA
CGBD,"Carlyle Secured Lending, Inc. Common Stock",,,USA
BIOA,"BioAge Labs, Inc. Common Stock",,,USA
NMFC,New Mountain Finance Corporation Common Stock,,,USA
MNTN,"MNTN, Inc. Class A Common Stock",,,USA
DC,Dakota Gold Corp. Common Stock,,,USA
AVO,"Mission Produce, Inc. Common Stock",,,USA
NIE,Virtus Equity & Convertible Income Fund Common Shares of Beneficial Interest,,,USA
GFR,Greenfire Resources Ltd. Common Shares,,,USA
RILYG,"BRC Group Holdings, Inc. 5.00% Senior Notes due 2026",,,USA
MITN,"TPG Mortgage Investment Trust, Inc. 9.500% Senior Notes due 2029",,,USA
SLDP,"Solid Power, Inc. Class A Common Stock",,,USA
EVMN,"Evommune, Inc. Common Stock",,,USA
MITP,"TPG Mortgage Investment Trust, Inc. 9.500% Senior Notes due 2029",,,USA
FOXF,Fox Factory Holding Corp. Common Stock,,,USA
VTS,"Vitesse Energy, Inc. Common Stock",,,USA
OMER,Omeros Corporation Common Stock,,,USA
FPH,"Five Point Holdings, LLC Class A Common Shares",,,USA
KRNT,Kornit Digital Ltd. Ordinary Shares,,,USA
GEGGL,"Great Elm Group, Inc.  7.25% Notes due 2027",,,USA
HSTM,"HealthStream, Inc. Common Stock",,,USA
CBRL,"Cracker Barrel Old Country Store, Inc Common Stock",,,USA
ORRF,"Orrstown Financial Services, Inc. Common Stock",,,USA
NXRT,"NexPoint Residential Trust, Inc. Common Stock",,,USA
SKYH,Sky Harbour Group Corporation Class A Common Stock,,,USA
CCNEP,"CNB Financial Corporation Depositary Shares, each representing a 1/40th ownership interest in a share of 7.125% Series A Fixed-Rate Non-Cumulative Perpetual Preferred Stock",,,USA
PD,"PagerDuty, Inc. Common Stock",,,USA
WEST,Westrock Coffee Company Common Stock,,,USA
SABR,Sabre Corporation Common Stock,,,USA
DRUG,Bright Minds Biosciences Inc. Common Stock,,,USA
IVR,INVESCO MORTGAGE CAPITAL INC Common Stock,,,USA
NAVI,Navient Corporation Common Stock,,,USA
EFSCP,"Enterprise Financial Services Corporation Depositary Shares Each Representing a 1/40th Interest in a Share of 5% Fixed Rate Non-Cumulative Perpetual Preferred Stock, Series A",,,USA
DJCO,Daily Journal Corp. (S.C.) Common Stock,,,USA
BVS,Bioventus Inc. Class A Common Stock,,,USA
GDOT,"Green Dot Corporation Class A Common Stock, $0.001 par value",,,USA
BRSP,"BrightSpire Capital, Inc. Class A Common Stock",,,USA
NABL,"N-able, Inc. Common Stock",,,USA
CWH,"Camping World Holdings, Inc. Class A Common Stock",,,USA
QNC,Quantum eMotion Corp. Common Shares,,,USA
OPFI,OppFi Inc. Class A Common Stock,,,USA
ALRS,Alerus Financial Corporation Common Stock,,,USA
FISI,"Financial Institutions, Inc. Common Stock",,,USA
MAKO,Mako Mining Corp Common Stock,,,USA
MTA,Metalla Royalty & Streaming Ltd. Common Shares,,,USA
MITK,"Mitek Systems, Inc. Common Stock",,,USA
NFGC,New Found Gold Corp Common Shares,,,USA
SLRC,SLR Investment Corp. Common Stock,,,USA
NEWTP,"NewtekOne, Inc. Depositary Shares, Non-Cumulative Perpetual Preferred Stock, Series B",,,USA
TMCR,The Metals Royalty Company Inc. Common Stock,,,USA
AVTX,"Avalo Therapeutics, Inc. Common Stock",,,USA
RSKD,Riskified Ltd. Class A Ordinary Shares,,,USA
FDUS,Fidus Investment Corporation Common Stock,,,USA
SLDB,Solid Biosciences Inc. Common Stock,,,USA
FEIM,"Frequency Electronics, Inc. Common Stock",,,USA
SMBK,"SmartFinancial, Inc. Common Stock",,,USA
CBLL,"CeriBell, Inc. Common Stock",,,USA
VTEX,VTEX Class A Common Shares,,,USA
DGICB,"Donegal Group, Inc. Class B Common Stock",,,USA
ISOU,IsoEnergy Ltd. Common Shares,,,USA
BZH,"Beazer Homes USA, Inc. Common Stock",,,USA
TBLD,Thornburg Income Builder Opportunities Trust Common Stock,,,USA
BHFAN,"Brighthouse Financial, Inc. Depositary shares, each representing a 1/1,000th interest in a share of 5.375% Non-Cumulative Preferred Stock, Series C",,,USA
IBCP,Independent Bank Corporation Common Stock,,,USA
ALLO,"Allogene Therapeutics, Inc. Common Stock",,,USA
GRPN,"Groupon, Inc. Common Stock",,,USA
AURA,"Aura Biosciences, Inc. Common Stock",,,USA
ANRO,"Alto Neuroscience, Inc. Common Stock",,,USA
SCZM,Santacruz Silver Mining Ltd. Common Shares,,,USA
FBIOP,"Fortress Biotech, Inc. 9.375% Series A Cumulative Redeemable Perpetual Preferred Stock",,,USA
NOAH,Noah Holdings Limited American Depositary Shares,,,USA
CUBB,"Customers Bancorp, Inc 5.375% Subordinated Notes Due 2034",,,USA
SHBI,Shore Bancshares Inc Common Stock,,,USA
MRLN,"Merlin, Inc. Common Stock",,,USA
CTMX,"CytomX Therapeutics, Inc. Common Stock",,,USA
NTGR,"NETGEAR, Inc. Common Stock",,,USA
JBI,"Janus International Group, Inc. Common Stock",,,USA
PKE,Park Aerospace Corp. Common Stock,,,USA
OCS,Oculis Holding AG Ordinary shares,,,USA
VEL,"Velocity Financial, Inc. Common Stock",,,USA
BTQ,BTQ Technologies Corp. Common Stock,,,USA
FOF,"Cohen & Steers Closed-End Opportunity Fund, Inc. Common Stock",,,USA
YB,Yuanbao Inc. American Depositary Shares,,,USA
QNST,"QuinStreet, Inc. Common Stock",,,USA
MGRE,"Affiliated Managers Group, Inc. 6.750% Junior Subordinated Notes due 2064",,,USA
BSTZ,BlackRock Science and Technology Term Trust Common Shares of Beneficial Interest,,,USA
EVER,"EverQuote, Inc. Class A Common Stock",,,USA
BH,Biglari Holdings Inc. Class B Common Stock,,,USA
CADL,"Candel Therapeutics, Inc. Common Stock",,,USA
CTO,"CTO Realty Growth, Inc. Common Stock",,,USA
BWMX,"Betterware de Mexico, S.A.P.I. de C.V. Ordinary Shares",,,USA
OXM,"Oxford Industries, Inc. Common Stock",,,USA
SWBI,"Smith & Wesson Brands, Inc. Common Stock",,,USA
CGNT,Cognyte Software Ltd. Ordinary Shares,,,USA
DSGN,"Design Therapeutics, Inc. Common Stock",,,USA
HSHP,Himalaya Shipping Ltd. Common Shares,,,USA
RSVR,"Reservoir Media, Inc. Common Stock",,,USA
NGVC,"Natural Grocers by Vitamin Cottage, Inc. Common Stock",,,USA
CRMD,CorMedix Inc. Common Stock,,,USA
MEC,"Mayville Engineering Company, Inc. Common Stock",,,USA
RWT,"Redwood Trust, Inc. Common Stock",,,USA
DLY,DoubleLine Yield Opportunities Fund Common Shares of Beneficial Interest,,,USA
MRAM,"Everspin Technologies, Inc. Common Stock",,,USA
NXP,Nuveen Select Tax Free Income Portfolio Common Stock,,,USA
AXG,Solowin Holdings Class A Ordinary Share,,,USA
NEWTI,"NewtekOne, Inc. 8.00% Fixed Rate Senior Notes due 2028",,,USA
EH,EHang Holdings Limited ADS,,,USA
BALY,Bally's Corporation Common Stock,,,USA
NEWTG,"NewtekOne, Inc. 8.50% Fixed Rate Senior Notes due 2029",,,USA
RLMD,"Relmada Therapeutics, Inc. Common Stock",,,USA
WRN,Western Copper and Gold Corporation Common Stock,,,USA
CWBC,Community West Bancshares Common Stock,,,USA
ZVRA,"Zevra Therapeutics, Inc. Common Stock",,,USA
SIBN,"SI-BONE, Inc. Common Stock",,,USA
SDHC,Smith Douglas Homes Corp. Class A Common Stock,,,USA
BBOT,"BridgeBio Oncology Therapeutics, Inc. Common Stock  ",,,USA
KELYB,"Kelly Services, Inc. Class B Common Stock",,,USA
RMT,"Royce Micro-Cap Trust, Inc. Common Stock",,,USA
GRNT,"Granite Ridge Resources, Inc. Common Stock",,,USA
FBRT,"Franklin BSP Realty Trust, Inc. Common Stock",,,USA
ACRS,"Aclaris Therapeutics, Inc. Common Stock",,,USA
TIPT,Tiptree Inc. Common Stock,,,USA
CSTL,"Castle Biosciences, Inc. Common Stock",,,USA
HOV,"Hovnanian Enterprises, Inc. Class A Common Stock",,,USA
VRRM,Verra Mobility Corporation Class A Common Stock,,,USA
SB,"Safe Bulkers, Inc Common Stock ($0.001 par value)",,,USA
VMO,Invesco Municipal Opportunity Trust Common Stock,,,USA
TRTX,"TPG RE Finance Trust, Inc. Common Stock",,,USA
TCBX,"Third Coast Bancshares, Inc. Common Stock",,,USA
RILYT,"BRC Group Holdings, Inc. 6.00% Senior Notes Due 2028",,,USA
ASC,Ardmore Shipping Corporation Common Stock,,,USA
THM,"International Tower Hill Mines, Ltd. Ordinary Shares (Canada)",,,USA
SERV,Serve Robotics Inc. Common Stock,,,USA
SGP,"SpyGlass Pharma, Inc. Common Stock",,,USA
XFLT,XAI Octagon Floating Rate & Alternative Income Trust Common Shares of Beneficial Interest,,,USA
RILYL,"BRC Group Holdings, Inc. Depositary Shares each representing 1/1000th in a share of 7.375% Series B Cumulative Perpetual Preferred Stock, par value $0.0001",,,USA
OPENW,"Opendoor Technologies Inc  Series K Warrants, each whole warrant exercisable to purchase one share of Common Stock at an exercise price of $9.00 per warrant",,,USA
BTBT,"Bit Digital, Inc. Ordinary Shares",,,USA
HY,"Hyster-Yale, Inc. Class A common stock",,,USA
VINP,Vinci Compass Investments Ltd. Class A Common Shares,,,USA
INN,"Summit Hotel Properties, Inc. Common Stock",,,USA
ELA,Envela Corporation Common Stock,,,USA
HRTG,"Heritage Insurance Holdings, Inc. Common Stock",,,USA
RILYP,"BRC Group Holdings, Inc. Depositary Shares, each representing a 1/1000th fractional interest in a share of Series A Cumulative Perpetual Preferred Stock",,,USA
GMTL,Guardian Metal Resources PLC ADS,,,USA
TOYO,"TOYO Co., Ltd Ordinary Shares",,,USA
BTGO,"BitGo Holdings, Inc. Class A Common Stock",,,USA
NCDL,Nuveen Churchill Direct Lending Corp. Common Stock,,,USA
SWIM,"Latham Group, Inc. Common Stock",,,USA
IHRT,"iHeartMedia, Inc. Class A Common Stock",,,USA
TRAX,"First Tracks Biotherapeutics, Inc. Ordinary Shares ",,,USA
HIPO,Hippo Holdings Inc. Common Stock,,,USA
CNNE,"Cannae Holdings, Inc. Common Stock",,,USA
KE,"Kimball Electronics, Inc. Common Stock",,,USA
WASH,"Washington Trust Bancorp, Inc. Common Stock",,,USA
RMR,The RMR Group Inc. Class A Common Stock,,,USA
CCSI,"Consensus Cloud Solutions, Inc. Common Stock",,,USA
ONT,"Onterris, Inc. Common Stock",,,USA
FWRG,"First Watch Restaurant Group, Inc. Common Stock",,,USA
CARE,"Carter Bankshares, Inc. Common Stock",,,USA
OIO,OIO Group Ordinary Shares,,,USA
CLB,Core Laboratories Inc. Common Stock,,,USA
BHFAM,"Brighthouse Financial, Inc. Depositary shares each representing a 1/1,000th Interest in a Share of 4.625% Non-Cumulative Preferred Stock, Series D",,,USA
GAIN,Gladstone Investment Corporation Business Development Company,,,USA
RGR,"Sturm, Ruger & Company, Inc. Common Stock",,,USA
PRME,"Prime Medicine, Inc. Common Stock",,,USA
OFRM,"Once Upon a Farm, PBC Common Stock",,,USA
PSTL,"Postal Realty Trust, Inc. Class A Common Stock",,,USA
CLYM,"Climb Bio, Inc. Common Stock",,,USA
MAMA,"Mama's Creations, Inc. Common Stock",,,USA
BCAL,California BanCorp Common Stock,,,USA
HIFS,Hingham Institution for Savings Common Stock,,,USA
DGICA,"Donegal Group, Inc. Class A Common Stock",,,USA
TDUP,ThredUp Inc. Class A Common Stock,,,USA
BBNX,"Beta Bionics, Inc. Common Stock",,,USA
MCS,Marcus Corporation (The) Common Stock,,,USA
BRBI,BRBI BR Partners S.A. ADSs,,,USA
NDMO,Nuveen Dynamic Municipal Opportunities Fund Common Shares of Beneficial Interest,,,USA
HQ,Horizon Quantum Holdings Ltd. Class A Ordinary Shares,,,USA
CRMLW,Critical Metals Corp. Warrants,,,USA
SMC,Summit Midstream Corporation Common Stock,,,USA
BLMN,"Bloomin' Brands, Inc. Common Stock",,,USA
VBNK,VersaBank Common Shares,,,USA
RR,Richtech Robotics Inc. Class B Common Stock,,,USA
GOOD,Gladstone Commercial Corporation Real Estate Investment Trust,,,USA
AROW,Arrow Financial Corporation Common Stock,,,USA
WTI,"W&T Offshore, Inc. Common Stock",,,USA
NUAI,"New Era Energy & Digital, Inc. Common Stock",,,USA
RILYZ,"BRC Group Holdings, Inc. 5.25% Senior Notes due 2028",,,USA
FET,"Forum Energy Technologies, Inc. Common Stock",,,USA
CASS,"Cass Information Systems, Inc Common Stock",,,USA
TLRY,"Tilray Brands, Inc. Common Stock ",,,USA
CLFD,"Clearfield, Inc. Common Stock",,,USA
SSSSL,SuRo Capital Corp. 6.00% Notes due 2026,,,USA
MLAB,"Mesa Laboratories, Inc. Common Stock",,,USA
GYRE,"Gyre Therapeutics, Inc. Common Stock",,,USA
PHR,"Phreesia, Inc. Common Stock",,,USA
PAR,PAR Technology Corporation Common Stock,,,USA
NPB,"Northpointe Bancshares, Inc. Common Stock",,,USA
CSHR,CoinShares PLC Ordinary Shares,,,USA
TATT,TAT Technologies Ltd. Ordinary Shares,,,USA
CSV,"Carriage Services, Inc. Common Stock",,,USA
NFBK,"Northfield Bancorp, Inc. Common Stock (Delaware)",,,USA
PFIS,Peoples Financial Services Corp. Common Stock,,,USA
ASIX,AdvanSix Inc. Common Stock ,,,USA
RRBI,"Red River Bancshares, Inc. Common Stock",,,USA
BHB,"Bar Harbor Bankshares, Inc. Common Stock",,,USA
WHFCL,"WhiteHorse Finance, Inc. 7.875% Notes due 2028",,,USA
GMRS,GMR Solutions Inc. Class A Common Stock,,,USA
MSBI,"Midland States Bancorp, Inc. Common Stock",,,USA
DDL,Dingdong (Cayman) Limited American Depositary Shares (each two representing three Ordinary Shares),,,USA
ILPT,Industrial Logistics Properties Trust Common Shares of Beneficial Interest,,,USA
PACK,Ranpak Holdings Corp Class A Common Stock,,,USA
MG,Mistras Group Inc Common Stock,,,USA
IIM,Invesco Value Municipal Income Trust Common Stock,,,USA
IMMX,"Immix Biopharma, Inc. Common Stock",,,USA
AGMB,AgomAb Therapeutics NV American Depositary Shares,,,USA
NMCO,Nuveen Municipal Credit Opportunities Fund Common Shares,,,USA
EGY,"VAALCO Energy, Inc.  Common Stock",,,USA
IDR,"Idaho Strategic Resources, Inc. Common Stock",,,USA
GDYN,"Grid Dynamics Holdings, Inc. Class A Common Stock",,,USA
GAU,Galiano Gold Inc.,,,USA
HELE,Helen of Troy Limited Common Stock,,,USA
CTRN,"Citi Trends, Inc. Common Stock",,,USA
DDI,"DoubleDown Interactive Co., Ltd. American Depository Shares",,,USA
ELMT,The Elmet Group Co. Common Stock,,,USA
SD,"SandRidge Energy, Inc. Common Stock",,,USA
ASTL,Algoma Steel Group Inc. Common Shares,,,USA
RYAM,Rayonier Advanced Materials Inc. Common Stock,,,USA
AMSF,"AMERISAFE, Inc. Common Stock",,,USA
CTGO,Contango Silver & Gold Inc. Common Stock,,,USA
ORN,"Orion Group Holdings, Inc. Common",,,USA
ANGX,"Angel Studios, Inc. Class A Common Stock",,,USA
PRAA,"PRA Group, Inc. Common Stock",,,USA
VLGEA,"Village Super Market, Inc. Class A Common Stock",,,USA
GPRK,Geopark Ltd Common Shares,,,USA
BWMN,Bowman Consulting Group Ltd. Common Stock,,,USA
CABA,"Cabaletta Bio, Inc. Common Stock",,,USA
HUYA,"HUYA Inc. American depositary shares, each  representing one Class A ordinary share",,,USA
BWAY,BrainsWay Ltd. American Depositary Shares,,,USA
ODD,ODDITY Tech Ltd. Class A Ordinary Shares,,,USA
ALT,"Altimmune, Inc. Common Stock",,,USA
TCMD,"Tactile Systems Technology, Inc. Common Stock",,,USA
AIOT,"PowerFleet, Inc. Common Stock",,,USA
AGCC,Agencia Comercial Spirits Ltd Class A Ordinary Shares,,,USA
MGR,"Affiliated Managers Group, Inc. 5.875% Junior Subordinated Notes due 2059",,,USA
DNUT,"Krispy Kreme, Inc. Common Stock",,,USA
MDXG,"MiMedx Group, Inc Common Stock",,,USA
TITN,Titan Machinery Inc. Common Stock,,,USA
DNA,"Ginkgo Bioworks Holdings, Inc. Class A Common Stock",,,USA
INV,"Innventure, Inc. Common Stock",,,USA
KRT,Karat Packaging Inc. Common Stock,,,USA
NEXN,Nexxen International Ltd. Ordinary Shares,,,USA
VELO,"Velo3D, Inc. Common stock",,,USA
UHT,Universal Health Realty Income Trust Common Stock,,,USA
ZSQR,Z Squared Inc. Common Stock,,,USA
RIGL,"Rigel Pharmaceuticals, Inc. Common Stock",,,USA
IRWD,"Ironwood Pharmaceuticals, Inc. Class A Common Stock",,,USA
IIIN,"Insteel Industries, Inc. Common Stock",,,USA
CTKB,"Cytek Biosciences, Inc. Common Stock",,,USA
CERS,Cerus Corporation Common Stock,,,USA
PROK,ProKidney Corp. Class A Ordinary Shares,,,USA
LEGH,Legacy Housing Corporation Common Stock (TX),,,USA
GOGO,Gogo Inc. Common Stock,,,USA
CRNC,Cerence Inc. Common Stock,,,USA
NPCE,"Neuropace, Inc. Common Stock",,,USA
KRUS,"Kura Sushi USA, Inc. Class A Common Stock",,,USA
IIIV,"i3 Verticals, Inc. Class A Common Stock",,,USA
FLGT,"Fulgent Genetics, Inc. Common Stock",,,USA
RFI,"Cohen & Steers Total Return Realty Fund, Inc. Common Stock",,,USA
MLR,"Miller Industries, Inc. Common Stock",,,USA
ACNB,ACNB Corporation Common Stock,,,USA
SFST,"Southern First Bancshares, Inc. Common Stock",,,USA
NRIM,Northrim BanCorp Inc Common Stock,,,USA
BWBBP,"Bridgewater Bancshares, Inc. Depositary Shares, Each Representing a 1/100th Interest in a Share of 5.875% Non-Cumulative Perpetual Preferred Stock, Series A",,,USA
PUBM,"PubMatic, Inc. Class A Common Stock",,,USA
GEMI,"Gemini Space Station, Inc. Class A Common Stock",,,USA
ELVA,Electrovaya Inc. Common Shares,,,USA
TECX,"Tectonic Therapeutic, Inc. Common Stock",,,USA
VGM,Invesco Trust for Investment Grade Municipals Common Stock (DE),,,USA
CPS,Cooper-Standard Holdings Inc. Common Stock,,,USA
MSIF,"MSC Income Fund, Inc. Common Stock",,,USA
OSPN,OneSpan Inc. Common Stock,,,USA
TASK,"TaskUs, Inc. Class A Common Stock",,,USA
ACHV,"Achieve Life Sciences, Inc. Common Shares",,,USA
CIVB,"Civista Bancshares, Inc. Common Stock",,,USA
BDN,Brandywine Realty Trust Common Stock,,,USA
SRTA,"Strata Critical Medical, Inc. Class A Common Stock",,,USA
XMAX,"XMAX, Inc. Common Stock",,,USA
RBBN,Ribbon Communications Inc. Common Stock,,,USA
VKQ,Invesco Municipal Trust Common Stock,,,USA
UNTY,"Unity Bancorp, Inc. Common Stock",,,USA
MAX,"MediaAlpha, Inc. Class A Common Stock",,,USA
ADUR,Aduro Clean Technologies Inc. Common Stock,,,USA
INDP,"Indaptus Therapeutics, Inc. Common Stock",,,USA
NRDS,"NerdWallet, Inc. Class A Common Stock",,,USA
ECX,ECARX Holdings Inc. Class A Ordinary shares,,,USA
KRNY,Kearny Financial Corp Common Stock,,,USA
CINT,CI&T Inc Class A Common Shares,,,USA
BWB,"Bridgewater Bancshares, Inc. Common Stock",,,USA
XOMA,XOMA Royalty Corporation Common Stock,,,USA
BME,Blackrock Health Sciences Trust,,,USA
MBUU,"Malibu Boats, Inc. Class A Common Stock",,,USA
CBNK,"Capital Bancorp, Inc. Common Stock",,,USA
EIKN,"Eikon Therapeutics, Inc. Common Stock",,,USA
OPTX,"Syntec Optics Holdings, Inc. Class A Common Stock",,,USA
SUJA,"Suja Life, Inc. Class A Common Stock",,,USA
ETD,Ethan Allen Interiors Inc. Common Stock,,,USA
NVEC,NVE Corporation Common Stock,,,USA
CLDT,Chatham Lodging Trust (REIT) Common Shares of Beneficial Interest,,,USA
MSBIP,"Midland States Bancorp, Inc. Depositary Shares Each Representing a 1/40th Interest in a Share of 7.750% Fixed-Rate Reset Non-Cumulative Perpetual Preferred Stock, Series A",,,USA
GRRR,Gorilla Technology Group Inc. Ordinary shares,,,USA
TPTA,"Terra Property Trust, Inc. 6.00% Notes due 2026",,,USA
ITRG,Integra Resources Corp. Common Shares,,,USA
OPTU,"Optimum Communications, Inc. Class A common stock",,,USA
FDMT,"4D Molecular Therapeutics, Inc. Common Stock",,,USA
OIS,"Oil States International, Inc. Common Stock",,,USA
UROY,Uranium Royalty Corp. Common Stock,,,USA
IQI,Invesco Quality Municipal Income Trust Common Stock,,,USA
DGXX,Digi Power X Inc. Subordinate Voting Shares,,,USA
CARS,Cars.com Inc. Common Stock ,,,USA
NGS,"Natural Gas Services Group, Inc. Common Stock",,,USA
BETR,Better Home & Finance Holding Company Class A Common Stock,,,USA
RPD,"Rapid7, Inc. Common Stock",,,USA
AQST,"Aquestive Therapeutics, Inc. Common Stock",,,USA
EBF,"Ennis, Inc. Common Stock",,,USA
WDH,Waterdrop Inc. American Depositary Shares (each representing the right to receive 10 Class A Ordinary Shares),,,USA
CD,Chaince Digital Holdings Inc. Ordinary Shares,,,USA
OLP,"One Liberty Properties, Inc. Common Stock",,,USA
ASPN,"Aspen Aerogels, Inc. Common Stock",,,USA
TRC,Tejon Ranch Co Common Stock,,,USA
AHRT,"AH Realty Trust, Inc. Common Stock",,,USA
TYG,Tortoise Energy Infrastructure Corporation Common Stock,,,USA
HBCP,"Home Bancorp, Inc. Common Stock",,,USA
VCV,Invesco California Value Municipal Income Trust Common Stock,,,USA
FIP,FTAI Infrastructure Inc. Common Stock ,,,USA
BSRR,Sierra Bancorp Common Stock,,,USA
CBIO,"Crescent Biopharma, Inc. Common Stock",,,USA
ADV,Advantage Solutions Inc. Class A Common Stock,,,USA
PACB,"Pacific Biosciences of California, Inc. Common Stock",,,USA
ABAT,American Battery Technology Company Common Stock,,,USA
TREE,"LendingTree, Inc. Common Stock",,,USA
ETO,Eaton Vance Tax-Advantage Global Dividend Opp Common Stock,,,USA
BLZE,"Backblaze, Inc. Class A Common Stock",,,USA
TWI,"Titan International, Inc. (DE) Common Stock",,,USA
SFIX,"Stitch Fix, Inc. Class A Common Stock",,,USA
IPI,"Intrepid Potash, Inc Common Stock",,,USA
ARVN,"Arvinas, Inc. Common Stock",,,USA
PRTH,"Priority Technology Holdings, Inc. Common Stock",,,USA
ALMU,"Aeluma, Inc. Common Stock",,,USA
UXIN,Uxin Limited ADS,,,USA
ANGO,"AngioDynamics, Inc. Common Stock",,,USA
GLRE,"Greenlight Capital Re, Ltd. Class A Ordinary Shares",,,USA
LAB,Standard BioTools Inc. Common Stock,,,USA
SES,SES AI Corporation Class A Common Stock,,,USA
CHCT,Community Healthcare Trust Incorporated Common Stock,,,USA
EVH,"Evolent Health, Inc Class A Common Stock",,,USA
VALN,Valneva SE American Depositary Shares,,,USA
FTHY,First Trust High Yield Opportunities 2027 Term Fund Common Stock,,,USA
ACIC,American Coastal Insurance Corporation Common Stock,,,USA
SSTK,"Shutterstock, Inc. Common Stock",,,USA
PRTA,Prothena Corporation plc Ordinary Shares,,,USA
KYTX,"Kyverna Therapeutics, Inc. Common Stock",,,USA
FBIZ,"First Business Financial Services, Inc. Common Stock",,,USA
MGRB,"Affiliated Managers Group, Inc. 4.750% Junior Subordinated Notes due 2060",,,USA
CWCO,Consolidated Water Co. Ltd. Ordinary Shares,,,USA
CAL,"Caleres, Inc. Common Stock",,,USA
JOUT,Johnson Outdoors Inc. Class A Common Stock,,,USA
YORW,York Water Company (The) Common Stock,,,USA
KLC,"KinderCare Learning Companies, Inc. Common Stock",,,USA
MSC,"Studio City International Holdings Limited American depositary shares, each representing four  Class A ordinary shares",,,USA
LXFR,Luxfer Holdings PLC Ordinary Shares,,,USA
PKOH,Park-Ohio Holdings Corp. Common Stock,,,USA
WILC,"G. Willi-Food International,  Ltd. Ordinary Shares",,,USA
OOMA,"Ooma, Inc. Common Stock",,,USA
PANL,Pangaea Logistics Solutions Ltd. Common Shares,,,USA
STRO,"Sutro Biopharma, Inc. Common Stock",,,USA
SPCE,"Virgin Galactic Holdings, Inc. Common Stock",,,USA
XRN,Chiron Real Estate Inc. Common Stock,,,USA
TOI,"The Oncology Institute, Inc. Common Stock",,,USA
SCVL,"Shoe Carnival, Inc. Common Stock",,,USA
STRZ,Starz Entertainment Corp. Common Shares,,,USA
CTEV,Claritev Corporation Class A Common Stock,,,USA
COFS,"ChoiceOne Financial Services, Inc. Common Stock",,,USA
OSS,"One Stop Systems, Inc. Common Stock",,,USA
ESEA,Euroseas Ltd. Common Stock (Marshall Islands),,,USA
KIDS,OrthoPediatrics Corp. Common Stock,,,USA
OCGN,"Ocugen, Inc. Common Stock",,,USA
OVID,Ovid Therapeutics Inc. Common Stock,,,USA
HTT,"High Templar Tech Limited American depositary shares, each representing one Class A ordinary share",,,USA
GUT,Gabelli Utility Trust (The) Common Stock,,,USA
DBI,Designer Brands Inc. Class A Common Stock,,,USA
MNRO,"Monro, Inc. Common Stock",,,USA
CTNM,"Contineum Therapeutics, Inc. Class A Common Stock",,,USA
CCCC,"C4 Therapeutics, Inc. Common Stock",,,USA
ALTI,"AlTi Global, Inc. Class A Common Stock",,,USA
ZKH,"ZKH Group Limited American Depositary Shares, each representing thirty-five (35) Class A Ordinary Shares",,,USA
BBBY,"Bed Bath & Beyond, Inc. Common Stock",,,USA
PSFE,Paysafe Limited Common Shares,,,USA
WEAV,"Weave Communications, Inc. Common Stock",,,USA
GCBC,"Greene County Bancorp, Inc. Common Stock",,,USA
MOBI,"Mobia Medical, Inc. Common Stock",,,USA
ULH,"Universal Logistics Holdings, Inc. Common Stock",,,USA
OBT,"Orange County Bancorp, Inc. Common Stock",,,USA
MVST,"Microvast Holdings, Inc. Common Stock",,,USA
XRX,Xerox Holdings Corporation Common Stock,,,USA
IMXI,"International Money Express, Inc. Common Stock",,,USA
DCBO,Docebo Inc. Common Shares,,,USA
PDLB,"Ponce Financial Group, Inc. Common Stock",,,USA
ETB,Eaton Vance Tax-Managed Buy-Write Income Fund Eaton Vance Tax-Managed Buy-Write Income Fund Common Shares of Beneficial Interest,,,USA
ACTG,Acacia Research Corporation (Acacia Tech) Common Stock,,,USA
KREF,KKR Real Estate Finance Trust Inc. Common Stock,,,USA
SKBL,Skyline Builders Group Holding Limited Class A Ordinary Shares,,,USA
FRPH,"FRP Holdings, Inc. Common Stock",,,USA
MFI,mF International Limited Class A Ordinary Shares,,,USA
DDD,3D Systems Corporation Common Stock,,,USA
MEI,"Methode Electronics, Inc. Common Stock",,,USA
BBW,"Build-A-Bear Workshop, Inc. Common Stock",,,USA
FPI,Farmland Partners Inc. Common Stock,,,USA
GLOO,"Gloo Holdings, Inc. Class A Common Stock",,,USA
SUPX,SuperX AI Technology Limited Ordinary Shares,,,USA
MTW,"Manitowoc Company, Inc. (The) Common Stock",,,USA
CGC,Canopy Growth Corporation Common Shares,,,USA
NRC,NRC Health Common Stock,,,USA
ITIC,Investors Title Company Common Stock,,,USA
WAVE,Eco Wave Power Global AB (publ) American Depositary Shares,,,USA
SPT,"Sprout Social, Inc Class A Common Stock",,,USA
HQL,abrdn Life Sciences Investors Shares of Beneficial Interest,,,USA
MYGN,"Myriad Genetics, Inc. Common Stock",,,USA
BLW,Blackrock Limited Duration Income Trust,,,USA
CLNE,Clean Energy Fuels Corp. Common Stock,,,USA
AUTL,Autolus Therapeutics plc American Depositary Share,,,USA
GLAD,Gladstone Capital Corporation Common Stock,,,USA
VREX,Varex Imaging Corporation Common Stock,,,USA
AIV,Apartment Investment and Management Company Common Stock,,,USA
FSTR,L.B. Foster Company Common Stock,,,USA
CDRO,"Codere Online Luxembourg, S.A. Ordinary Shares",,,USA
PSNYW,Polestar Automotive Holding UK PLC Class C-1 ADS (ADW),,,USA
SGMT,Sagimet Biosciences Inc. Series A Common Stock,,,USA
EBS,Emergent BioSolutions Inc. Common Stock,,,USA
EOLS,"Evolus, Inc. Common Stock",,,USA
RZLT,"Rezolute, Inc. Common Stock (NV)",,,USA
NGNE,Neurogene Inc. Common Stock ,,,USA
LSAK,"Lesaka Technologies, Inc. Common Stock",,,USA
GCO,Genesco Inc. Common Stock,,,USA
QUIK,QuickLogic Corporation Common Stock,,,USA
GEVO,"Gevo, Inc. Common Stock",,,USA
MGRD,"Affiliated Managers Group, Inc. 4.200% Junior Subordinated Notes due 2061",,,USA
CLPT,"ClearPoint Neuro, Inc. Common Stock",,,USA
EVN,Eaton Vance Municipal Income Trust Common Stock,,,USA
LZM,Lifezone Metals Limited Ordinary Shares,,,USA
AMCX,AMC Global Media Inc. Class A Common Stock,,,USA
ALTO,"Alto Ingredients, Inc. Common Stock",,,USA
SVCO,"Silvaco Group, Inc. Common Stock",,,USA
NKLR,Terra Innovatum Global N.V. Ordinary shares,,,USA
ERII,"Energy Recovery, Inc. Common Stock",,,USA
CCRN,"Cross Country Healthcare, Inc. Common Stock $0.0001 Par Value",,,USA
KMDA,Kamada Ltd. Ordinary Shares,,,USA
CLMB,"Climb Global Solutions, Inc. Common Stock",,,USA
CBAN,"Colony Bankcorp, Inc. Common Stock",,,USA
BWFG,"Bankwell Financial Group, Inc. Common Stock",,,USA
CCAP,"Crescent Capital BDC, Inc. Common stock",,,USA
ICCM,IceCure Medical Ltd. Ordinary Shares,,,USA
BSVN,Bank7 Corp. Common stock,,,USA
MATV,"Mativ Holdings, Inc. Common Stock",,,USA
FJET,"Starfighters Space, Inc. Common Stock",,,USA
LDI,"loanDepot, Inc. Class A Common Stock",,,USA
LOCO,"El Pollo Loco Holdings, Inc. Common Stock",,,USA
TROO,"TROOPS, Inc. Ordinary Shares ",,,USA
EPRX,Eupraxia Pharmaceuticals Inc. Common Stock,,,USA
VITL,"Vital Farms, Inc. Common Stock",,,USA
GBFH,GBank Financial Holdings Inc. Common Stock,,,USA
GRVY,"GRAVITY Co., Ltd. American Depository Shares",,,USA
SGU,Star Group L.P. Common Stock,,,USA
OFIX,Orthofix Medical Inc. Common Stock (DE),,,USA
BMRC,Bank of Marin Bancorp Common Stock,,,USA
BLND,"Blend Labs, Inc. Class A Common Stock",,,USA
NPWR,NET Power Inc. Class A Common Stock,,,USA
FVR,"FrontView REIT, Inc. Common Stock",,,USA
BOC,Boston Omaha Corporation Class A Common Stock,,,USA
NATH,"Nathan's Famous, Inc. Common Stock",,,USA
GTN,"Gray Media, Inc. Common Stock",,,USA
CMCL,Caledonia Mining Corporation Plc Common Shares,,,USA
KELYA,"Kelly Services, Inc. Class A Common Stock",,,USA
MAGN,Magnera Corporation Common Stock,,,USA
VHI,"Valhi, Inc. Common Stock",,,USA
DDT,Dillard's Capital Trust I,,,USA
ROMA,Roma Green Finance Limited Class A Ordinary Shares,,,USA
API,"Agora, Inc. American Depositary Shares",,,USA
DUOT,"Duos Technologies Group, Inc. Common Stock",,,USA
WTBA,West Bancorporation Common Stock,,,USA
TSSI,"TSS, Inc. Common Stock",,,USA
RBB,RBB Bancorp Common Stock,,,USA
CMDB,Costamare Bulkers Holdings Limited Common Stock,,,USA
ZUMZ,Zumiez Inc. Common Stock,,,USA
BYND,"Beyond Meat, Inc. Common Stock",,,USA
OEC,Orion S.A. Common Shares,,,USA
PBFS,"Pioneer Bancorp, Inc. Common Stock",,,USA
CMCO,Columbus McKinnon Corporation Common Stock,,,USA
UPB,"Upstream Bio, Inc. Common Stock",,,USA
CNXU,Conexeu Sciences Inc. Common Stock,,,USA
OPAL,OPAL Fuels Inc. Class A Common Stock,,,USA
BBCP,"Concrete Pumping Holdings, Inc. Common Stock",,,USA
AIRS,"AirSculpt Technologies, Inc. Common Stock",,,USA
LAND,Gladstone Land Corporation Common Stock,,,USA
BXC,Bluelinx Holdings Inc. Common Stock,,,USA
RLGT,"Radiant Logistics, Inc. Common Stock",,,USA
MTRX,Matrix Service Company Common Stock,,,USA
GOTU,Gaotu Techedu Inc. American Depositary Shares,,,USA
NOA,North American Construction Group Ltd. Common Shares (no par),,,USA
CBK,"Commercial Bancgroup, Inc. Common Stock",,,USA
MPTI,"M-tron Industries, Inc. Common Stock",,,USA
DVLT,Datavault AI Inc. Common Stock,,,USA
MNPR,Monopar Therapeutics Inc. Common Stock,,,USA
REA,"Rare Earths Americas, Inc. Common Stock",,,USA
IBEX,IBEX Limited Common Shares,,,USA
ALIT,"Alight, Inc. Class A Common Stock",,,USA
ATNI,"ATN International, Inc. Common Stock",,,USA
LEO,"BNY Mellon Strategic Municipals, Inc. Common Stock",,,USA
MTC,"MMTec, Inc. Common Shares",,,USA
SAY,Saratoga Investment Corp 8.125% Notes due 2027,,,USA
YEXT,"Yext, Inc. Common Stock",,,USA
IPSC,"Century Therapeutics, Inc. Common Stock",,,USA
AIRJ,AirJoule Technologies Corporation Class A Common Stock,,,USA
SAZ,Saratoga Investment Corp 8.50% Notes due 2028,,,USA
MTLS,Materialise NV American Depositary Shares,,,USA
SAJ,Saratoga Investment Corp 8.00% Notes due 2027,,,USA
VOXR,Vox Royalty Corp. Common Stock,,,USA
SDHY,PGIM Short Duration High Yield Opportunities Fund Common Shares,,,USA
ISTR,Investar Holding Corporation Common Stock,,,USA
CURR,Currenc Group Inc. Ordinary Shares,,,USA
CYH,"Community Health Systems, Inc. Common Stock",,,USA
FRBA,First Bank Common Stock,,,USA
NC,"NACCO Industries, Inc. Common Stock",,,USA
VKI,Invesco Advantage Municipal Income Trust II Common Shares of Beneficial Interest (DE),,,USA
TBRG,"TruBridge, Inc. Common Stock",,,USA
BMBL,Bumble Inc. Class A Common Stock,,,USA
SAT,Saratoga Investment Corp 6.00% Notes due 2027,,,USA
PAYS,"Paysign, Inc. Common Stock",,,USA
SATLW,Satellogic Inc. Warrant,,,USA
CVEO,Civeo Corporation (Canada) Common Shares,,,USA
LTBR,Lightbridge Corporation Common Stock,,,USA
QUAD,"Quad Graphics, Inc Class A Common Stock",,,USA
RNGR,"Ranger Energy Services, Inc. Class A Common Stock",,,USA
PLAY,"Dave & Buster's Entertainment, Inc. Common Stock",,,USA
ATLCZ,Atlanticus Holdings Corporation 9.25% Senior Notes due 2029,,,USA
LND,Brasilagro Brazilian Agric Real Estate Co Sponsored ADR (Brazil),,,USA
NEGG,"Newegg Commerce, Inc. Common Shares",,,USA
GBLI,"Global Indemnity Group, LLC Class A Common Stock ",,,USA
OABI,"OmniAb, Inc. Common Stock",,,USA
PDYN,Palladyne AI Corp. Common Stock,,,USA
RMNI,"Rimini Street, Inc. (DE) Common Stock",,,USA
CMPX,"Compass Therapeutics, Inc. Common Stock",,,USA
FMAO,"Farmers & Merchants Bancorp, Inc. Common Stock",,,USA
CDZI,"CADIZ, Inc. Common Stock",,,USA
ASMB,"Assembly Biosciences, Inc. Common Stock",,,USA
NEWT,"NewtekOne, Inc. Common Stock",,,USA
AVBC,"Avidia Bancorp, Inc. Common Stock",,,USA
ATLCL,Atlanticus Holdings Corporation 6.125% Senior Notes due 2026,,,USA
TACO,Berto Acquisition Corp. Ordinary Shares,,,USA
SIDU,"Sidus Space, Inc. Class A Common Stock",,,USA
SOR,"Source Capital, Inc. Cmn Shs of BI",,,USA
RZLVW,Rezolve AI PLC Warrants,,,USA
ALLT,Allot Ltd. Ordinary Shares,,,USA
BNTC,Benitec Biopharma Inc. Common Stock,,,USA
XFOR,"X4 Pharmaceuticals, Inc. Common Stock",,,USA
IRD,"Opus Genetics, Inc. Common Stock",,,USA
VMD,"Viemed Healthcare, Inc. Common Shares",,,USA
ORBS,Eightco Holdings Inc. Common Stock,,,USA
CV,"CapsoVision, Inc. Common Stock",,,USA
SMWB,Similarweb Ltd. Ordinary Shares,,,USA
VNDA,Vanda Pharmaceuticals Inc. Common Stock,,,USA
LXEO,"Lexeo Therapeutics, Inc. Common Stock",,,USA
PLBC,Plumas Bancorp,,,USA
XPER,Xperi Inc. Common Stock ,,,USA
CZNC,Citizens & Northern Corp Common Stock,,,USA
DCTH,"Delcath Systems, Inc. Common Stock",,,USA
SNDL,SNDL Inc. Common Shares,,,USA
SSSS,SuRo Capital Corp. Common Stock,,,USA
CATX,"Perspective Therapeutics, Inc. Common Stock",,,USA
FTW,Presidio Production Company Class A Common Stock,,,USA
FRST,Primis Financial Corp. Common Stock,,,USA
FVRR,"Fiverr International Ltd. Ordinary Shares, no par value",,,USA
LX,LexinFintech Holdings Ltd. American Depositary Shares,,,USA
DIN,"Dine Brands Global, Inc. Common Stock",,,USA
STTK,"Shattuck Labs, Inc. Common Stock",,,USA
HVT,"Haverty Furniture Companies, Inc. Common Stock",,,USA
GNE,Genie Energy Ltd. Class B Common Stock Stock,,,USA
SAR,Saratoga Investment Corp New,,,USA
MCFT,"MasterCraft Boat Holdings, Inc. Common Stock",,,USA
KNOP,KNOT Offshore Partners LP Common Units representing Limited Partner Interests,,,USA
BNED,"Barnes & Noble Education, Inc Common Stock",,,USA
HNST,"The Honest Company, Inc. Common Stock",,,USA
PKBK,"Parke Bancorp, Inc. Common Stock",,,USA
KTF,DWS Municipal Income Trust,,,USA
SHMD,SCHMID Group N.V. Class A Ordinary Shares,,,USA
ACCO,Acco Brands Corporation Common Stock,,,USA
PBYI,Puma Biotechnology Inc Common Stock,,,USA
PRE,Prenetics Global Limited Class A Ordinary Share,,,USA
ATLCP,"Atlanticus Holdings Corporation 7.625% Series B Cumulative Perpetual Preferred Stock, no par value per share",,,USA
RGNX,REGENXBIO Inc. Common Stock,,,USA
LWAY,"Lifeway Foods, Inc. Common Stock",,,USA
SOPH,SOPHiA GENETICS SA Ordinary Shares,,,USA
SOHU,Sohu.com Limited American Depositary Shares,,,USA
CMTG,"Claros Mortgage Trust, Inc. Common Stock",,,USA
PMO,Putnam Municipal Opportunities Trust Common Stock,,,USA
AVIR,"Atea Pharmaceuticals, Inc. Common Stock",,,USA
PCB,PCB Bancorp Common Stock,,,USA
VUZI,Vuzix Corporation Common Stock,,,USA
MCI,Barings Corporate Investors Common Stock,,,USA
ATOM,Atomera Incorporated Common Stock,,,USA
IONR,ioneer Ltd American Depositary Shares,,,USA
ZURA,Zura Bio Limited Class A Ordinary Shares,,,USA
MGPI,"MGP Ingredients, Inc.",,,USA
MVBF,MVB Financial Corp. Common Stock,,,USA
GLSI,"Greenwich LifeSciences, Inc. Common Stock",,,USA
CUB,Lionheart Holdings Class A Ordinary Shares,,,USA
NATR,"Nature's Sunshine Products, Inc. Common Stock",,,USA
REAX,"The Real Brokerage, Inc. Common Shares",,,USA
GSIT,GSI Technology Common Stock,,,USA
PPT,Putnam Premier Income Trust Common Stock,,,USA
PHOE,Phoenix Asia Holdings Limited Ordinary Shares,,,USA
MLP,"Maui Land & Pineapple Company, Inc. Common Stock",,,USA
CION,CION Investment Corporation Common Stock,,,USA
MWC,"Micware Co., Ltd. American Depositary Shares",,,USA
VGZ,Vista Gold Corp Common Stock,,,USA
SVREW,SaverOne 2014 Ltd. Warrant,,,USA
ARQQ,Arqit Quantum Inc. Ordinary Shares,,,USA
BCML,BayCom Corp Common Stock,,,USA
TRX,TRX Gold Corporation Common Stock,,,USA
FBRX,"Forte Biosciences, Inc. Common Stock",,,USA
LRMR,"Larimar Therapeutics, Inc. Common Stock",,,USA
GASS,"StealthGas, Inc. Common Stock",,,USA
ENTA,"Enanta Pharmaceuticals, Inc. Common Stock",,,USA
NNDM,Nano Dimension Ltd. American Depositary Shares,,,USA
NAUT,"Nautilus Biotechnology, Inc. Common Stock",,,USA
LE,"Lands' End, Inc. Common Stock",,,USA
VLN,Valens Semiconductor Ltd. Ordinary Shares,,,USA
RILY,"BRC Group Holdings, Inc. Common Stock",,,USA
USCB,"USCB Financial Holdings, Inc. Class A Common Stock",,,USA
VSTM,"Verastem, Inc. Common Stock",,,USA
NECB,"NorthEast Community Bancorp, Inc. Common Stock",,,USA
MSB,Mesabi Trust Common Stock,,,USA
WEYS,"Weyco Group, Inc. Common Stock",,,USA
AVBH,"Avidbank Holdings, Inc. Common stock",,,USA
CHSCP,CHS Inc. 8%  Cumulative Redeemable Preferred Stock,,,USA
FGBIP,"First Guaranty Bancshares, Inc. 6.75% Series A Fixed-Rate Non-Cumulative Perpetual Preferred Stock",,,USA
SLP,"Simulations Plus, Inc. Common Stock",,,USA
YMT,Yimutian Inc. American Depositary Shares,,,USA
CHMG,Chemung Financial Corp Common Stock,,,USA
WSBF,"Waterstone Financial, Inc. Common Stock (MD)",,,USA
PALI,"Palisade Bio, Inc. Common Stock",,,USA
ARTNA,Artesian Resources Corporation Class A Common Stock,,,USA
USNA,"USANA Health Sciences, Inc. Common Stock",,,USA
SHIP,Seanergy Maritime Holdings Corp. Common Stock,,,USA
TLS,Telos Corporation Common Stock,,,USA
RPAY,Repay Holdings Corporation Class A Common Stock,,,USA
MASS,908 Devices Inc. Common Stock,,,USA
STRT,STRATTEC SECURITY CORPORATION Common Stock,,,USA
AUNA,Auna SA Class A Ordinary Shares,,,USA
NCMI,"National CineMedia, Inc. Common Stock",,,USA
ABEO,Abeona Therapeutics Inc. Common Stock,,,USA
LODE,Comstock Inc. Common Stock,,,USA
RM,Regional Management Corp. Common Stock,,,USA
HUMA,"Humacyte, Inc. Common Stock",,,USA
FNLC,"First Bancorp, Inc  (ME) Common Stock",,,USA
GETY,"Getty Images Holdings, Inc. Class A Common Stock",,,USA
NWFL,Norwood Financial Corp. Common Stock,,,USA
GREEL,Greenidge Generation Holdings Inc. 8.50% Senior Notes due 2026,,,USA
FWRD,Forward Air Corporation Common Stock,,,USA
IVVD,"Invivyd, Inc. Common Stock",,,USA
BRCB,"Black Rock Coffee Bar, Inc. Class A Common Stock",,,USA
WNC,Wabash National Corporation Common Stock,,,USA
RFMZ,"RiverNorth Flexible Municipal Income Fund II, Inc. Common Stock",,,USA
PRLD,Prelude Therapeutics Incorporated Common Stock,,,USA
TCI,"Transcontinental Realty Investors, Inc. Common Stock",,,USA
ISSC,"Innovative Solutions and Support, Inc. Common Stock",,,USA
NMRA,"Neumora Therapeutics, Inc. Common Stock",,,USA
TSBK,"Timberland Bancorp, Inc. Common Stock",,,USA
DMRC,Digimarc Corporation Common Stock,,,USA
CHSCO,CHS Inc. Class B Cumulative Redeemable Preferred Stock,,,USA
FINS,Angel Oak Financial Strategies Income Term Trust Common Shares of Beneficial Interest,,,USA
BGS,"B&G Foods, Inc. Common Stock",,,USA
SLN,Silence Therapeutics Plc American Depository Share,,,USA
AII,"American Integrity Insurance Group, Inc. Common Stock",,,USA
XOMAP,XOMA Royalty Corporation 8.625% Series A Cumulative Perpetual Preferred Stock,,,USA
FUFU,BitFuFu Inc. Class A Ordinary Shares,,,USA
PERI,Perion Network Ltd. Ordinary Shares,,,USA
TCPC,BlackRock TCP Capital Corp. Common Stock,,,USA
BRCC,BRC Inc. Class A Common Stock,,,USA
ORGO,Organogenesis Holdings Inc. Class A Common Stock,,,USA
ASYS,"Amtech Systems, Inc. Common Stock",,,USA
RCKT,"Rocket Pharmaceuticals, Inc. Common Stock",,,USA
HLLY,Holley Inc. Common Stock,,,USA
PINE,"Alpine Income Property Trust, Inc. Common Stock",,,USA
XOMAO,XOMA Royalty Corporation Depositary Shares Rep Series B 8.375% Cumulative Preferred Stock,,,USA
SIGA,SIGA Technologies Inc. Common Stock,,,USA
HRZN,Horizon Technology Finance Corporation Common Stock,,,USA
CHSCL,"CHS Inc Class B Cumulative Redeemable Preferred Stock, Series 4",,,USA
FENC,Fennec Pharmaceuticals Inc. Common Stock,,,USA
GBAB,Guggenheim Taxable Municipal Bond & Investment Grade Debt Trust Common Shares of Beneficial Interest,,,USA
FBYDW,"Falcon's Beyond Global, Inc. Warrants",,,USA
OFSSH,OFS Capital Corporation 4.95% Notes due 2028,,,USA
UIS,Unisys Corporation New Common Stock,,,USA
SBC,SBC Medical Group Holdings Incorporated Common Stock,,,USA
DMAC,DiaMedica Therapeutics Inc. Common Stock,,,USA
EFT,Eaton Vance Floating Rate Income Trust Common Shares of Beneficial Interest,,,USA
FLXS,"Flexsteel Industries, Inc. Common Stock",,,USA
BGIN,Bgin Blockchain Limited Class A Ordinary Shares,,,USA
ONIT,Onity Group Inc. Common Stock,,,USA
MX,Magnachip Semiconductor Corporation Common Stock,,,USA
SWKHL,SWK Holdings Corporation 9.00% Senior Notes due 2027,,,USA
COSO,"CoastalSouth Bancshares, Inc. Common Stock",,,USA
BKTI,BK Technologies Corporation Common Stock,,,USA
FUND,"Sprott Focus Trust, Inc. Common Stock",,,USA
CHSCN,CHS Inc Preferred Class B Series 2 Reset Rate,,,USA
CZFS,"Citizens Financial Services, Inc. Common Stock",,,USA
ELLO,Ellomay Capital Ltd Ordinary Shares (Israel),,,USA
EU,enCore Energy Corp. Common Shares,,,USA
EVTL,Vertical Aerospace Ltd. Ordinary Shares,,,USA
CHSCM,"CHS Inc Class B Reset Rate Cumulative Redeemable Preferred Stock, Series 3",,,USA
SEG,Seaport Entertainment Group Inc. Common Stock,,,USA
TTGT,"TechTarget, Inc. Common Stock",,,USA
SSP,E.W. Scripps Company (The) Class A Common Stock,,,USA
ISBA,Isabella Bank Corporation Common stock,,,USA
AZ,A2Z Cust2Mate Solutions Corp. Common Shares,,,USA
VALU,"Value Line, Inc. Common Stock",,,USA
LYEL,"Lyell Immunopharma, Inc. Common Stock",,,USA
ELMD,"Electromed, Inc. Common Stock",,,USA
OFLX,"Omega Flex, Inc. Common Stock",,,USA
PMM,Putnam Managed Municipal Income Trust Common Stock,,,USA
CARL,"Carlsmed, Inc. Common Stock",,,USA
AENT,Alliance Entertainment Holding Corporation Class A Common Stock,,,USA
EGG,Enigmatig Limited Class A Ordinary Shares,,,USA
LCTX,"Lineage Cell Therapeutics, Inc. Common Stock",,,USA
LEGO,Legato Merger Corp. IV Ordinary Shares,,,USA
SI,"Shoulder Innovations, Inc. Common Stock",,,USA
ASLE,AerSale Corporation Common Stock,,,USA
NUCL,Eagle Nuclear Energy Corp. Common stock,,,USA
ALCO,"Alico, Inc. Common Stock",,,USA
CAN,Canaan Inc. American Depositary Shares,,,USA
RDNW,"RideNow Group, Inc. Class B Common Stock",,,USA
NODK,"NI Holdings, Inc. Common Stock",,,USA
JMSB,"John Marshall Bancorp, Inc. Common Stock",,,USA
PNRG,PrimeEnergy Resources Corporation Common Stock,,,USA
CIX,CompX International Inc. Common Stock,,,USA
BCYC,Bicycle Therapeutics plc American Depositary Shares,,,USA
LTRX,"Lantronix, Inc. Common Stock",,,USA
FWDI,"Forward Industries, Inc. Common Stock",,,USA
NL,"NLI Holdings, Inc. Common Stock",,,USA
FNKO,"Funko, Inc. Class A Common Stock",,,USA
NREF,"NexPoint Real Estate Finance, Inc. Common Stock",,,USA
BRBS,"Blue Ridge Bankshares, Inc. Common Stock",,,USA
AIRO,"AIRO Group Holdings, Inc. Common Stock",,,USA
OPENL,"Opendoor Technologies Inc  Series A Warrants, each whole warrant exercisable to purchase one share of Common Stock at an exercise price of $13.00 per warrant",,,USA
TENX,"Tenax Therapeutics, Inc. Common Stock",,,USA
DSX,Diana Shipping inc. common stock,,,USA
TRVG,trivago N.V. American Depositary Shares,,,USA
SENS,"Senseonics Holdings, Inc. Common Stock",,,USA
EDIT,"Editas Medicine, Inc. Common Stock",,,USA
RMMZ,"RiverNorth Managed Duration Municipal Income Fund II, Inc. Common Stock",,,USA
KWY,Kingsway Corporation Common Stock,,,USA
AIFU,AIFU Inc. Class A Ordinary Share,,,USA
MBI,MBIA Inc. Common Stock,,,USA
TKNO,"Alpha Teknova, Inc. Common Stock",,,USA
FCNCN,"First Citizens BancShares, Inc. Depositary Shares, each representing a 1/40th interest in a share of 6.625% Non-Cumulative Perpetual Preferred Stock, Series E",,,USA
ACV,Virtus Diversified Income & Convertible Fund Common Shares of Beneficial Interest,,,USA
CRNT,Ceragon Networks Ltd. Ordinary Shares,,,USA
GTE,Gran Tierra Energy Inc. Common Stock,,,USA
OIA,Invesco Municipal Income Opportunities Trust Common Stock,,,USA
IMRX,Immuneering Corporation Class A Common Stock,,,USA
FLWS,"1-800-FLOWERS.COM, Inc. Common Stock",,,USA
FCCO,First Community Corporation Common Stock,,,USA
AMRN,Amarin Corporation plc,,,USA
CXDO,"Crexendo, Inc. Common Stock",,,USA
PTLO,Portillo's Inc. Class A Common Stock,,,USA
FVCB,"FVCBankcorp, Inc. Common Stock",,,USA
OCCIN,"OFS Credit Company, Inc. 5.25% Series E Term Preferred Stock Due 2026",,,USA
YSG,"Yatsen Holding Limited American Depositary Shares, each representing twenty (20) Class A Ordinary Shares",,,USA
ESOA,Energy Services of America Corporation Common Stock,,,USA
OPENZ,"Opendoor Technologies Inc  Series Z Warrants, each whole warrant exercisable to purchase one share of Common Stock at an exercise price of $17.00 per warrant",,,USA
OSUR,"OraSure Technologies, Inc. Common Stock",,,USA
ARDC,"Ares Dynamic Credit Allocation Fund, Inc. Common Shares",,,USA
RMM,"RiverNorth Managed Duration Municipal Income Fund, Inc. Common Stock",,,USA
RC,Ready Capital Corporation Common Stock,,,USA
MIN,MFS Intermediate Income Trust Common Stock,,,USA
UP,Wheels Up Experience Inc. Class A Common Stock,,,USA
OVLY,Oak Valley Bancorp (CA) Common Stock,,,USA
SRZN,"Surrozen, Inc. Common Stock",,,USA
REI,"Ring Energy, Inc. Common Stock",,,USA
ARMP,"Armata Pharmaceuticals, Inc. Common Stock",,,USA
VFF,"Village Farms International, Inc. Common Shares",,,USA
NMG,Nouveau Monde Graphite Inc. Common Shares,,,USA
RCKY,"Rocky Brands, Inc. Common Stock",,,USA
MYFW,"First Western Financial, Inc. Common Stock",,,USA
FNRN,First Northern Community Bancorp Common stock,,,USA
PAMT,PAMT CORP Common Stock,,,USA
ACRE,Ares Commercial Real Estate Corporation Common Stock,,,USA
HCKT,Hackett Group Inc (The). Common Stock,,,USA
NAGE,"Niagen Bioscience, Inc. Common Stock",,,USA
QSI,Quantum-Si Incorporated Class A Common Stock,,,USA
TG,Tredegar Corporation Common Stock,,,USA
ELDN,"Eledon Pharmaceuticals, Inc. Common Stock",,,USA
NIOBW,NioCorp Developments Ltd. Warrant,,,USA
ZNTL,"Zentalis Pharmaceuticals, Inc. Common Stock",,,USA
BUUU,BUUU Group Limited Class A Ordinary Share,,,USA
FDBC,"Fidelity D & D Bancorp, Inc. Common Stock",,,USA
ZH,"Zhihu Inc. American Depositary Shares, each representing three (3) Class A Ordinary Shares",,,USA
TYGO,"Tigo Energy, Inc. Common Stock",,,USA
TRDA,"Entrada Therapeutics, Inc. Common Stock",,,USA
ZIP,"ZipRecruiter, Inc. Class A Common Stock",,,USA
NXDT,NexPoint Diversified Real Estate Trust Common Stock,,,USA
RWAY,Runway Growth Finance Corp. Common Stock,,,USA
MGNX,"MacroGenics, Inc. Common Stock",,,USA
BRT,BRT Apartments Corp. (MD) Common Stock,,,USA
XYF,"X Financial American Depositary Shares, each representing six Class A Ordinary Shares",,,USA
FC,Franklin Covey Company Common Stock,,,USA
XPOF,"Xponential Fitness, Inc. Class A Common Stock",,,USA
TWIN,"Twin Disc, Incorporated Common Stock",,,USA
VPV,Invesco Pennsylvania Value Municipal Income Trust Common Stock (DE),,,USA
SBMT,Silver Bow Mining Corp. Common Shares,,,USA
AFRI,Forafric Global PLC Ordinary Shares,,,USA
OTLY,Oatly Group AB American Depositary Shares,,,USA
MMT,MFS Multimarket Income Trust Common Stock,,,USA
LVWR,"LiveWire Group, Inc. Common Stock",,,USA
ELTX,"Elicio Therapeutics, Inc. Common Stock",,,USA
WNEB,"Western New England Bancorp, Inc. Common Stock",,,USA
SABS,"SAB Biotherapeutics, Inc. Common Stock",,,USA
PPIH,"Perma-Pipe International Holdings, Inc. Common Stock",,,USA
HBB,Hamilton Beach Brands Holding Company Class A Common Stock ,,,USA
LPRO,Open Lending Corporation Common Stock,,,USA
GCTS,"GCT Semiconductor Holding, Inc. Common Stock",,,USA
EOT,Eaton Vance Municipal Income Trust EATON VANCE NATIONAL MUNICIPAL OPPORTUNITIES TRUST,,,USA
CABO,"Cable One, Inc. Common Stock",,,USA
EVO,Evotec SE American Depositary Shares,,,USA
AUDC,AudioCodes Ltd. Common Stock,,,USA
PNNT,PennantPark Investment Corporation Common Stock,,,USA
ANGI,Angi Inc. Class A Common Stock,,,USA
PPHC,"Public Policy Holding Company, Inc. Common Stock",,,USA
AVXL,Anavex Life Sciences Corp. Common Stock,,,USA
MCR,MFS Charter Income Trust Common Stock,,,USA
ASUR,"Asure Software, Inc Common Stock",,,USA
FRAF,Franklin Financial Services Corporation Common Stock,,,USA
AKBA,"Akebia Therapeutics, Inc. Common Stock",,,USA
DPRO,Draganfly Inc. Common Shares,,,USA
SITC,SITE Centers Corp. Common Stock,,,USA
MKTW,"MarketWise, Inc. Class A Common Stock",,,USA
SCM,Stellus Capital Investment Corporation Common Stock,,,USA
CNDT,Conduent Incorporated Common Stock ,,,USA
CIA,"Citizens, Inc. Class A Common Stock ($1.00 Par)",,,USA
USAU,U.S. Gold Corp. Common Stock,,,USA
ATLO,Ames National Corporation Common Stock,,,USA
NUS,"Nu Skin Enterprises, Inc. Common Stock",,,USA
CNCK,Coincheck Group N.V. Ordinary Shares,,,USA
CLW,Clearwater Paper Corporation Common Stock,,,USA
FATE,"Fate Therapeutics, Inc. Common Stock",,,USA
BZAI,"Blaize Holdings, Inc. Common Stock",,,USA
NVCT,"Nuvectis Pharma, Inc. Common Stock",,,USA
FXNC,First National Corporation Common Stock,,,USA
FUNC,First United Corporation Common Stock,,,USA
MNTS,Momentus Inc. Class A Common Stock,,,USA
OCSAW,Oculis Holding AG Warrants,,,USA
AREC,American Resources Corporation Class A Common Stock,,,USA
CDXS,"Codexis, Inc. Common Stock",,,USA
ESCA,"Escalade, Incorporated Common Stock",,,USA
LAW,"CS Disco, Inc. Common Stock",,,USA
RELL,"Richardson Electronics, Ltd. Common Stock",,,USA
APC,ARKO Petroleum Corp. Class A Common Stock,,,USA
CPZ,Calamos Long/Short Equity & Dynamic Income Trust Common Stock,,,USA
AVNW,"Aviat Networks, Inc. Common Stock",,,USA
EAF,GrafTech International Ltd. Common Stock,,,USA
SGHT,"Sight Sciences, Inc. Common Stock",,,USA
PCYO,Pure Cycle Corporation Common Stock,,,USA
ECC,Eagle Point Credit Company Common Share of Beneficial Interest,,,USA
JAKK,"JAKKS Pacific, Inc. Common Stock",,,USA
TBCH,Turtle Beach Corporation Common Stock,,,USA
TARA,"Protara Therapeutics, Inc.  Common Stock",,,USA
PROF,Profound Medical Corp. Common Stock,,,USA
FLYX,"flyExclusive, Inc. Class A Common Stock",,,USA
SND,"Smart Sand, Inc. Common Stock",,,USA
SILC,Silicom Ltd Ordinary Shares,,,USA
SNFCA,Security National Financial Corporation Class A Common Stock,,,USA
MITT,"TPG Mortgage Investment Trust, Inc. Common Stock",,,USA
LEE,"Lee Enterprises, Incorporated Common Stock",,,USA
ACIU,AC Immune SA Common Stock,,,USA
HWBK,"Hawthorn Bancshares, Inc. Common Stock",,,USA
OSG,"Octave Specialty Group, Inc. Common Stock",,,USA
CHRS,"Coherus Oncology, Inc. Common Stock",,,USA
MNTK,"Montauk Renewables, Inc. Common Stock",,,USA
LOVE,The Lovesac Company Common Stock,,,USA
RDCM,Radcom Ltd. Ordinary Shares,,,USA
FOSL,"Fossil Group, Inc. Common Stock",,,USA
FCNCO,"First Citizens BancShares, Inc. 5.625% Non-Cumulative Perpetual Preferred Stock, Series C",,,USA
REFI,"Chicago Atlantic Real Estate Finance, Inc. Common Stock",,,USA
TMCI,"Treace Medical Concepts, Inc. Common Stock",,,USA
OBIO,"Orchestra BioMed Holdings, Inc. Ordinary Shares",,,USA
CBNA,"Chain Bridge Bancorp, Inc. Class A Common Stock",,,USA
ATGL,Alpha Technology Group Limited Class A Ordinary Shares,,,USA
QTTB,Q32 Bio Inc. Common Stock,,,USA
NUAIW,"New Era Energy & Digital, Inc. Warrants",,,USA
CFFI,C&F Financial Corporation Common Stock,,,USA
WHWK,"Whitehawk Therapeutics, Inc. Common Stock",,,USA
ADAG,Adagene Inc. American Depositary Shares,,,USA
BPRN,"Princeton Bancorp, Inc. Common Stock (PA)",,,USA
POWW,Outdoor Holding Company Common Stock,,,USA
LFMD,"LifeMD, Inc. Common Stock",,,USA
GLDG,GoldMining Inc. Common Shares,,,USA
LCNB,LCNB Corporation Common Stock,,,USA
FTF,Franklin Limited Duration Income Trust Common Shares of Beneficial Interest,,,USA
CMRC,"Commerce.com, Inc. Series 1 Common Stock",,,USA
VATE,INNOVATE Corp. Common Stock,,,USA
FCNCP,"First Citizens BancShares, Inc. Depositary Shares",,,USA
IMPP,Imperial Petroleum Inc. Common Shares,,,USA
RGCO,RGC Resources Inc. Common Stock,,,USA
ARL,"American Realty Investors, Inc. Common Stock",,,USA
HDSN,"Hudson Technologies, Inc. Common Stock",,,USA
TC,Token Cat Limited American Depositary Shares,,,USA
QMCO,Quantum Corporation Common Stock,,,USA
GDEV,GDEV Inc. Ordinary Shares,,,USA
PEBK,"Peoples Bancorp of North Carolina, Inc. Common Stock",,,USA
MFIN,Medallion Financial Corp. Common Stock,,,USA
EVI,"EVI Industries, Inc.  Common Stock",,,USA
VABK,Virginia National Bankshares Corporation Common Stock,,,USA
CLLS,Cellectis S.A. American Depositary Shares,,,USA
ARCT,Arcturus Therapeutics Holdings Inc. Common Stock,,,USA
SPOK,"Spok Holdings, Inc. Common Stock",,,USA
INSG,Inseego Corp. Common Stock,,,USA
OVBC,Ohio Valley Banc Corp. Common Stock,,,USA
ALTG,Alta Equipment Group Inc. Class A Common Stock,,,USA
LENZ,"LENZ Therapeutics, Inc. Common Stock",,,USA
GRABW,Grab Holdings Limited Warrant,,,USA
FBLA,"FB Bancorp, Inc. Common Stock",,,USA
LIEN,"Chicago Atlantic BDC, Inc. Common Stock",,,USA
OWLS,OBOOK Holdings Inc. Class A Common Shares,,,USA
HKD,AMTD Digital Inc. American Depositary Shares (every five of which represent two Class A Ordinary Shares),,,USA
FULC,"Fulcrum Therapeutics, Inc. Common Stock",,,USA
WALD,Waldencast plc Class A Ordinary Share,,,USA
AP,Ampco-Pittsburgh Corporation Common Stock,,,USA
TII,Titan Mining Corporation Common Shares,,,USA
SMRT,"SmartRent, Inc. Class A Common Stock",,,USA
PRHIZ,"Presurance Holdings, Inc. 9.75% Senior Unsecured Notes due 2028",,,USA
CAMP,CAMP4 Therapeutics Corporation Common Stock,,,USA
DEFT,"Defi Technologies, Inc. Common Stock",,,USA
TPVG,TriplePoint Venture Growth BDC Corp. Common Stock,,,USA
YDES,YD Bio Limited Ordinary Shares,,,USA
NERV,"Minerva Neurosciences, Inc Common Stock",,,USA
MFM,MFS Municipal Income Trust Common Stock,,,USA
NKSH,"National Bankshares, Inc. Common Stock",,,USA
JACK,Jack In The Box Inc. Common Stock,,,USA
EICA,Eagle Point Income Company Inc. 5.00% Series A Term Preferred Stock due 2026,,,USA
HELP,Cybin Inc. Common Stock,,,USA
EFSI,Eagle Financial Services Inc Common Stock,,,USA
OPRT,Oportun Financial Corporation Common Stock,,,USA
MRBK,Meridian Corporation Common Stock,,,USA
INBKZ,First Internet Bancorp 6.0% Fixed-to-Floating Rate Subordinated Notes Due 2029,,,USA
FHTX,Foghorn Therapeutics Inc. Common Stock,,,USA
IKT,"Inhibikase Therapeutics, Inc. Common Stock",,,USA
KINS,"Kingstone Companies, Inc. Common Stock",,,USA
IMMR,Immersion Corporation Common Stock,,,USA
VYGR,"Voyager Therapeutics, Inc. Common Stock",,,USA
KLTR,"Kaltura, Inc. Common Stock",,,USA
GENC,"Gencor Industries, Inc. Common Stock",,,USA
LFCR,"Lifecore Biomedical, Inc. Common Stock",,,USA
FSBW,"FS Bancorp, Inc. Common Stock",,,USA
UTMD,"Utah Medical Products, Inc. Common Stock",,,USA
INTT,inTest Corporation Common Stock,,,USA
ANNA,"AleAnna, Inc. Class A Common Stock",,,USA
VTN,Invesco Trust for Investment Grade New York Municipals Common Stock,,,USA
CHPT,"ChargePoint Holdings, Inc. Common Stock",,,USA
LMNR,Limoneira Co Common Stock,,,USA
LCUT,"Lifetime Brands, Inc. Common Stock",,,USA
PDEX,"Pro-Dex, Inc. Common Stock",,,USA
KROS,"Keros Therapeutics, Inc. Common Stock",,,USA
STRS,Stratus Properties Inc. Common Stock,,,USA
SLNH,"Soluna Holdings, Inc. Common Stock",,,USA
KULR,"KULR Technology Group, Inc. Common Stock",,,USA
HUHU,HUHUTECH International Group Inc. Ordinary Shares,,,USA
IMDX,Insight Molecular Diagnostics Inc. Common Stock,,,USA
TONX,TON Strategy Company Common Stock,,,USA
INBK,First Internet Bancorp Common Stock,,,USA
RXST,"RxSight, Inc. Common Stock",,,USA
JFIN,Jiayin Group Inc. American Depositary Shares,,,USA
CMT,Core Molding Technologies Inc Common Stock,,,USA
PLG,Platinum Group Metals Ltd. Ordinary Shares (Canada),,,USA
RNA,"Atrium Therapeutics, Inc. Common Stock",,,USA
GWRS,"Global Water Resources, Inc. Common Stock",,,USA
CGEN,Compugen Ltd. Ordinary Shares,,,USA
ALXO,ALX Oncology Holdings Inc. Common Stock,,,USA
FCAP,"First Capital, Inc. Common Stock",,,USA
SRI,"Stoneridge, Inc. Common Stock",,,USA
HITI,High Tide Inc. Common Shares,,,USA
OPBK,OP Bancorp Common Stock,,,USA
SLGL,Sol-Gel Technologies Ltd. Ordinary Shares,,,USA
DRTSW,Alpha Tau Medical Ltd. Warrant,,,USA
TBI,"TrueBlue, Inc. Common Stock",,,USA
NBP,NovaBridge Biosciences American Depositary Shares,,,USA
III,Information Services Group Inc. Common Stock,,,USA
ACB,Aurora Cannabis Inc. Common Shares,,,USA
CMTV,Community Bancorp. Common Stock,,,USA
KDKRW,"Kodiak AI, Inc. Warrants",,,USA
ETX,Eaton Vance Municipal Income 2028 Term Trust Common Shares of Beneficial Interest,,,USA
GORO,Gold Resource Corporation Common Stock,,,USA
LUCD,Lucid Diagnostics Inc. Common Stock,,,USA
EGAN,eGain Corporation Common Stock,,,USA
TGEN,Tecogen Inc. Common Stock,,,USA
VENU,Venu Holding Corporation Common Stock,,,USA
INSE,"Inspired Entertainment, Inc. Common Stock",,,USA
KPTI,Karyopharm Therapeutics Inc. Common Stock,,,USA
MPAA,"Motorcar Parts  of America, Inc. Common Stock",,,USA
CRBU,"Caribou Biosciences, Inc. Common Stock",,,USA
SY,So-Young International Inc. American Depository Shares,,,USA
GPJA,"Georgia Power Company Series 2017A 5.00% Junior Subordinated Notes due October 1, 2077",,,USA
SMHI,SEACOR Marine Holdings Inc. Common Stock ,,,USA
PMTS,CPI Card Group Inc. Common Stock,,,USA
ACH,"Accendra Health, Inc. Common Stock",,,USA
SGC,"Superior Group of Companies, Inc. Common Stock",,,USA
SMTI,Sanara MedTech Inc. Common Stock,,,USA
TLSI,"TriSalus Life Sciences, Inc. Common Stock",,,USA
AOMR,"Angel Oak Mortgage REIT, Inc. Common Stock",,,USA
EMBC,Embecta Corp. Common Stock,,,USA
KGEI,Kolibri Global Energy Inc. Common stock,,,USA
ALEC,"Alector, Inc. Common Stock",,,USA
EXOD,"Exodus Movement, Inc. Class A Common Stock",,,USA
EQ,"Equillium, Inc. Common Stock",,,USA
CPSS,"Consumer Portfolio Services, Inc. Common Stock",,,USA
CVGI,"Commercial Vehicle Group, Inc. Common Stock",,,USA
KTWO,K2 Capital Acquisition Corporation Class A Ordinary Share,,,USA
FT,Franklin Universal Trust Common Stock,,,USA
RFIL,"RF Industries, Ltd. Common Stock",,,USA
UNCY,"Unicycive Therapeutics, Inc. Common Stock",,,USA
CZWI,"Citizens Community Bancorp, Inc. Common Stock",,,USA
NKTX,"Nkarta, Inc. Common Stock",,,USA
FINW,FinWise Bancorp Common Stock,,,USA
JILL,"J. Jill, Inc. Common Stock",,,USA
OMSE,OMS Energy Technologies Inc. Ordinary Shares,,,USA
ANIK,Anika Therapeutics Inc. Common Stock,,,USA
BCBP,"BCB Bancorp, Inc. (NJ) Common Stock",,,USA
IMUX,"Immunic, Inc. Common Stock",,,USA
HNNAZ,"Hennessy Advisors, Inc. 4.875% Notes due 2026",,,USA
RDIB,Reading International Inc Class B Common Stock,,,USA
MINE,Mayfair Gold Corp. Common Shares,,,USA
BMEZ,BlackRock Health Sciences Term Trust Common Shares of Beneficial Interest,,,USA
RNAC,"Cartesian Therapeutics, Inc. Common Stock",,,USA
RICK,"RCI Hospitality Holdings, Inc. Common Stock",,,USA
FF,FutureFuel Corp.  Common shares,,,USA
SEVN,Seven Hills Realty Trust Common Stock,,,USA
AMPY,Amplify Energy Corp. Common Stock,,,USA
CURI,CuriosityStream Inc. Class A Common Stock,,,USA
ENLV,Enlivex Ltd. Ordinary Shares,,,USA
RMAX,"RE/MAX Holdings, Inc. Class A Common Stock",,,USA
KRMD,"KORU Medical Systems, Inc. Common Stock (DE)",,,USA
PESI,"Perma-Fix Environmental Services, Inc. Common Stock",,,USA
ARTV,"Artiva Biotherapeutics, Inc. Common Stock",,,USA
TNXP,Tonix Pharmaceuticals Holding Corp. Common Stock,,,USA
MDV,"Modiv Industrial, Inc. Class C Common Stock",,,USA
LANV,Lanvin Group Holdings Limited Ordinary Shares,,,USA
OZ,"Belpointe PREP, LLC Class A Units",,,USA
VIASP,"Via Renewables, Inc. 8.75% Series A Fixed-to-Floating Rate Cumulative Redeemable Perpetual Preferred Stock",,,USA
NIU,Niu Technologies American Depositary Shares,,,USA
CNTX,Context Therapeutics Inc. Common Stock,,,USA
MDWD,MediWound Ltd. Ordinary Shares,,,USA
CFBK,CF Bankshares Inc. Common Stock,,,USA
TUSK,"Mammoth Energy Services, Inc. Common Stock",,,USA
INFU,"InfuSystems Holdings, Inc. Common Stock",,,USA
STXS,"Stereotaxis, Inc. Common Stock",,,USA
TRAK,"ReposiTrak, Inc. Common Stock",,,USA
PED,Pedevco Corp. Common Stock,,,USA
JRVR,"James River Group Holdings, Inc. Common Stock",,,USA
RBKB,"Rhinebeck Bancorp, Inc. Common Stock",,,USA
ELME,Elme Communities Common Stock,,,USA
SJT,San Juan Basin Royalty Trust Common Stock,,,USA
EBMT,"Eagle Bancorp Montana, Inc. Common Stock",,,USA
ONEW,OneWater Marine Inc. Class A Common Stock,,,USA
PAL,"Proficient Auto Logistics, Inc. Common Stock",,,USA
APYX,Apyx Medical Corporation Common Stock,,,USA
FOA,Finance of America Companies Inc. Class A Common Stock,,,USA
EPSN,Epsilon Energy Ltd. Common Share,,,USA
QTRX,Quanterix Corporation Common Stock,,,USA
MNSBP,"MainStreet Bancshares, Inc. Depositary Shares",,,USA
EARN,Ellington Credit Company Common Shares of Beneficial Interest,,,USA
NLOP,Net Lease Office Properties Common Shares of Beneficial Interest,,,USA
MPV,Barings Participation Investors Common Stock,,,USA
STI,"Solidion Technology, Inc. Common Stock",,,USA
SLQT,"SelectQuote, Inc. Common Stock",,,USA
DOMO,"Domo, Inc. Class B Common Stock",,,USA
LARK,Landmark Bancorp Inc. Common Stock,,,USA
ANTA,Antalpha Platform Holding Company Class A Ordinary Shares,,,USA
JELD,"JELD-WEN Holding, Inc. Common Stock",,,USA
CBFV,"CB Financial Services, Inc. Common Stock",,,USA
OKUR,"OnKure Therapeutics, Inc. Class A Common Stock",,,USA
BVFL,"BV Financial, Inc. Common Stock",,,USA
FRD,Friedman Industries Inc. Common Stock,,,USA
FOCL,EDAP TMS S.A. American Depositary Shares,,,USA
AMTX,"Aemetis, Inc. (DE) Common Stock",,,USA
GPRO,"GoPro, Inc. Class A Common Stock",,,USA
VERI,"Veritone, Inc. Common Stock",,,USA
WW,"WW International, Inc.  Common Stock",,,USA
COOK,"Traeger, Inc. Common Stock",,,USA
SPRO,"Spero Therapeutics, Inc. Common Stock",,,USA
BRR,"ProCap Financial, Inc. Common Stock",,,USA
CSHRW,CoinShares PLC Warrants,,,USA
DERM,Journey Medical Corporation Common Stock,,,USA
TTRX,Turn Therapeutics Inc. Common Stock,,,USA
PERF,Perfect Corp. Class A Ordinary Share,,,USA
CNTN,"Canton Strategic Holdings, Inc. Common Stock",,,USA
BDSX,"Biodesix, Inc. Common Stock",,,USA
INGN,"Inogen, Inc Common Stock",,,USA
STRW,"Strawberry Fields REIT, Inc. Common Stock",,,USA
BHR,Braemar Hotels & Resorts Inc. Common Stock,,,USA
HQI,"HireQuest, Inc. Common Stock (DE)",,,USA
VHUB,"VenHub Global, Inc. Common Stock",,,USA
RCMT,"RCM Technologies, Inc. Common Stock",,,USA
TAYD,"Taylor Devices, Inc. Common Stock",,,USA
HNVR,"Hanover Bancorp, Inc. Common Stock",,,USA
HTLM,HomesToLife Ltd Ordinary Shares,,,USA
THRY,"Thryv Holdings, Inc. Common Stock",,,USA
ACU,Acme United Corporation. Common Stock,,,USA
YDDL,One and One Green Technologies. Inc Class A Ordinary Shares,,,USA
ADCT,ADC Therapeutics SA Common Shares,,,USA
IPHA,Innate Pharma S.A. ADS,,,USA
TNYA,"Tenaya Therapeutics, Inc. Common Stock",,,USA
FLX,BingEx Limited American Depositary Shares,,,USA
HQWWW,Horizon Quantum Holdings Ltd. Warrant,,,USA
ESP,Espey Mfg. & Electronics Corp. Common Stock,,,USA
ONL,Orion Properties Inc. Common Stock,,,USA
MNSB,"MainStreet Bancshares, Inc. Common Stock",,,USA
ABOS,"Acumen Pharmaceuticals, Inc. Common Stock",,,USA
DTIL,"Precision BioSciences, Inc. Common Stock",,,USA
NGEN,NervGen Pharma Corp. Common stock,,,USA
DOUG,Douglas Elliman Inc. Common Stock,,,USA
NEN,New England Realty Associates Limited Partnership Class A Depositary Receipts Evidencing Units of Limited Partnership,,,USA
KVHI,"KVH Industries, Inc. Common Stock",,,USA
SMID,Smith-Midland Corporation Common Stock,,,USA
CHCI,"Comstock Holding Companies, Inc. Class A Common Stock",,,USA
EPM,"Evolution Petroleum Corporation, Inc. Common Stock",,,USA
NNBR,"NN, Inc. Common Stock",,,USA
PLX,"Protalix BioTherapeutics, Inc. (DE) Common Stock",,,USA
TLSA,Tiziana Life Sciences Ltd. Common Shares,,,USA
KORE,"KORE Group Holdings, Inc. Common Stock",,,USA
INVZ,Innoviz Technologies Ltd. Ordinary shares,,,USA
KRRO,"Korro Bio, Inc. Common Stock",,,USA
PRQR,ProQR Therapeutics N.V. Ordinary Shares,,,USA
VIVO,VivoPower PLC Ordinary Shares,,,USA
ZJK,"ZJK Industrial Co., Ltd. Class A Ordinary Shares",,,USA
TLYS,"Tilly's, Inc. Common Stock",,,USA
MIST,Milestone Pharmaceuticals Inc. Common Shares,,,USA
CMTL,Comtech Telecommunications Corp. Common Stock,,,USA
WHG,Westwood Holdings Group Inc Common Stock,,,USA
PIM,Putnam Master Intermediate Income Trust Common Stock,,,USA
MENS,Jyong Biotech Ltd. Ordinary Shares,,,USA
SPWR,SunPower Inc. Common Stock,,,USA
GNT,"GAMCO Natural Resources, Gold & Income Trust",,,USA
MOLN,Molecular Partners AG American Depositary Shares,,,USA
DHX,"DHI Group, Inc. Common Stock",,,USA
WSHP,WeShop Holdings Limited Class A Ordinary Shares,,,USA
ECBK,"ECB Bancorp, Inc. Common Stock",,,USA
NRDY,Nerdy Inc. Class A Common Stock,,,USA
SRG,Seritage Growth Properties Class A Common Stock,,,USA
NXG,NXG NextGen Infrastructure Income Fund Common Shares of Beneficial Interest,,,USA
GALT,Galectin Therapeutics Inc. Common Stock,,,USA
DAVA,Endava plc American Depositary Shares (each representing one Class A Ordinary Share),,,USA
CVRX,"CVRx, Inc. Common Stock",,,USA
BIPI,BIP Bermuda Holdings I Limited 5.125% Perpetual Subordinated Notes,,,USA
ORMP,Oramed Pharmaceuticals Inc. Common Stock,,,USA
FGBI,"First Guaranty Bancshares, Inc. Common Stock",,,USA
MRT,"Marti Technologies, Inc. Class A Ordinary Shares",,,USA
NINE,"Nine Energy Service, Inc. Common Stock",,,USA
BZUN,Baozun Inc. American Depositary Shares,,,USA
MRDN,Meridian Holdings Inc. Common Stock,,,USA
DOYU,DouYu International Holdings Limited ADS,,,USA
SRBK,"SR Bancorp, Inc. Common stock",,,USA
GRX,The Gabelli Healthcare & Wellness Trust Common Shares of Beneficial Interest,,,USA
WATT,Energous Corporation Common Stock,,,USA
NFE,New Fortress Energy Inc. Class A Common Stock,,,USA
RGP,"Resources Connection, Inc. Common Stock",,,USA
PLBY,"Playboy, Inc. Common Stock",,,USA
RYDE,Ryde Group Ltd. Class A Ordinary Shares,,,USA
TCX,Tucows Inc. Class A Common Stock,,,USA
RMBI,"Richmond Mutual Bancorporation, Inc. Common Stock",,,USA
FGNXP,FG Nexus Inc. 8.00% Cumulative Preferred Stock,,,USA
OGI,Organigram Global Inc. Common Shares,,,USA
ZONE,CleanCore Solutions Inc. Class B Common Stock,,,USA
ASRT,"Assertio Holdings, Inc. Common Stock",,,USA
SKYX,SKYX Platforms Corp. Common Stock,,,USA
RDZN,"Roadzen, Inc. Ordinary Shares",,,USA
ANTX,"AN2 Therapeutics, Inc. Common Stock",,,USA
TORO,Toro Corp. Common Stock,,,USA
SKLZ,Skillz Inc. Class A Common Stock,,,USA
WTF,Waton Financial Limited Ordinary Shares,,,USA
DIBS,"1stdibs.com, Inc. Common Stock",,,USA
CITR,CitroTech Inc. Common Stock,,,USA
AMPG,"Amplitech Group, Inc. Common Stock",,,USA
GRO,Brazil Potash Corp. Common Shares,,,USA
HYPR,"Hyperfine, Inc. Class A Common Stock",,,USA
WHLRL,"Wheeler Real Estate Investment Trust, Inc. 7.00% Senior Subordinated Convertible Notes Due 2031",,,USA
CRBP,"Corbus Pharmaceuticals Holdings, Inc. Common Stock",,,USA
OWLT,"Owlet, Inc. Class A Common Stock",,,USA
VWAV,"VisionWave Holdings, Inc. Common Stock",,,USA
TMCWW,TMC the metals company Inc. Warrants,,,USA
NCSM,"NCS Multistage Holdings, Inc. Common Stock",,,USA
WHF,"WhiteHorse Finance, Inc. Common Stock",,,USA
NRXP,"NRX Pharmaceuticals, Inc. Common Stock",,,USA
AMWL,American Well Corporation Class A Common Stock,,,USA
SAFX,"XCF Global, Inc. Class A Common Stock",,,USA
SPRB,"Spruce Biosciences, Inc. Common Stock",,,USA
AMBR,Amber International Holding Limited American Depositary Shares,,,USA
RAIL,"FreightCar America, Inc. Common Stock",,,USA
CNTB,Connect Biopharma Holdings Limited Ordinary Shares,,,USA
IFRX,InflaRx N.V. Common Stock,,,USA
NNOX,NANO-X IMAGING LTD Ordinary Shares,,,USA
BYRN,"Byrna Technologies, Inc. Common Stock",,,USA
HCAT,"Health Catalyst, Inc Common Stock",,,USA
PAAC,Proem Acquisition Corp I Ordinary Shares,,,USA
MVIS,"MicroVision, Inc. Common Stock",,,USA
CODA,"Coda Octopus Group, Inc. Common stock",,,USA
SHIM,Shimmick Corporation Common Stock,,,USA
SDA,SunCar Technology Group Inc. Class A Ordinary Shares,,,USA
FNWD,Finward Bancorp Common Stock,,,USA
LGCY,Legacy Education Inc. Common Stock,,,USA
AGEN,Agenus Inc. Common Stock,,,USA
CHGG,"Chegg, Inc. Common Stock",,,USA
NVX,NOVONIX Limited American Depository Shares,,,USA
CPSH,CPS Technologies Corp. Common Stock,,,USA
HOVR,New Horizon Aircraft Ltd. Class A Ordinary Share,,,USA
COE,"51Talk Online Education Group American depositary shares, each representing 60 Class A ordinary shares",,,USA
BANX,ArrowMark Financial Corp. Common Stock,,,USA
GGZ,Gabelli Global Small and Mid Cap Value Trust (The) Common Shares of Beneficial Interest,,,USA
LASE,Laser Photonics Corporation Common Stock,,,USA
HURA,"TuHURA Biosciences, Inc. Common Stock",,,USA
SBFG,"SB Financial Group, Inc. Common Stock",,,USA
CURV,Torrid Holdings Inc. Common Stock,,,USA
BOOM,DMC Global Inc. Common Stock,,,USA
GNLX,Genelux Corporation Common Stock,,,USA
CTW,CTW Class A Ordinary Shares,,,USA
HOFT,Hooker Furnishings Corporation Common Stock,,,USA
FORR,"Forrester Research, Inc. Common Stock",,,USA
AFBI,"Affinity Bancshares, Inc. Common Stock (MD)",,,USA
DWSN,Dawson Geophysical Company Common Stock,,,USA
AXR,AMREP Corporation Common Stock,,,USA
MED,MEDIFAST INC Common Stock,,,USA
DLNG,Dynagas LNG Partners LP Common Units,,,USA
VTVT,vTv Therapeutics Inc. Class A Common Stock,,,USA
BHM,"Bluerock Homes Trust, Inc. Class A Common Stock",,,USA
CAAS,"China Automotive Systems, Inc. Ordinary Share",,,USA
RCEL,"Avita Medical, Inc. Common Stock",,,USA
ACR,ACRES Commercial Realty Corp. Common Stock,,,USA
PSIG,PS International Group Ltd. Ordinary Shares,,,USA
CRDL,Cardiol Therapeutics Inc. Class A Common Shares,,,USA
SAMG,Silvercrest Asset Management Group Inc. Class A Common Stock,,,USA
SNWV,"SANUWAVE Health, Inc. Common Stock",,,USA
KRKR,36Kr Holdings Inc. American Depositary Shares,,,USA
MXCT,"MaxCyte, Inc. Common Stock",,,USA
MBOT,Microbot Medical Inc. Common Stock,,,USA
YOOV,Concorde International Group Ltd Class A Ordinary Shares,,,USA
HYNE,"Hoyne Bancorp, Inc. Common Stock",,,USA
DLTH,Duluth Holdings Inc. Class B Common Stock,,,USA
ZENA,"ZenaTech, Inc. Common Stock",,,USA
SMJF,SMJ International Holdings Inc. Class A Ordinary Shares,,,USA
DH,Definitive Healthcare Corp. Class A Common Stock,,,USA
EML,Eastern Company (The) Common Stock,,,USA
KZIA,Kazia Therapeutics Limited American Depositary Shares,,,USA
SIF,"SIFCO Industries, Inc. Common Stock",,,USA
USGO,U.S. GoldMining Inc. Common stock,,,USA
JHS,John Hancock Income Securities Trust Common Stock,,,USA
OXSQ,Oxford Square Capital Corp. Common Stock,,,USA
HERE,Here Group Limited American Depositary Shares,,,USA
ACOG,Alpha Cognition Inc. Common Stock,,,USA
TRT,Trio-Tech International Common Stock,,,USA
BEBE,TGE Value Creative Solutions Corp Class A Ordinary Shares,,,USA
PUSA,Aureus Greenway Holdings Inc. Common Stock,,,USA
NTCL,NETCLASS TECHNOLOGY INC Class A Ordinary Shares,,,USA
NYXH,Nyxoah SA Ordinary Shares,,,USA
BSET,"Bassett Furniture Industries, Incorporated Common Stock",,,USA
AOUT,"American Outdoor Brands, Inc. Common Stock ",,,USA
MSLE,Satellos Bioscience Inc. Common Stock,,,USA
OCC,Optical Cable Corporation Common Stock,,,USA
PNBK,Patriot National Bancorp Inc. Common Stock,,,USA
ATLX,Atlas Lithium Corporation Common Stock,,,USA
GHI,Greystone Housing Impact Investors LP Beneficial Unit Certificates representing assignments of limited partnership interests,,,USA
SPAI,Safe Pro Group Inc. Common Stock,,,USA
GLND,Greenland Energy Company Common Stock,,,USA
BRLT,"Brilliant Earth Group, Inc. Class A Common Stock",,,USA
LSBK,"Lake Shore Bancorp, Inc. Common Stock",,,USA
STEX,Streamex Corp. Common Stock,,,USA
ACNT,Ascent Industries Co. Common Stock,,,USA
VTIX,Virtuix Holdings Inc. Class A Common Stock,,,USA
MB,MasterBeef Group Ordinary Shares,,,USA
CGTX,"Cognition Therapeutics, Inc. Common Stock",,,USA
HOVNP,Hovnanian Enterprises Inc Dep Shr Srs A Pfd,,,USA
USBC,"USBC, Inc. Common Stock",,,USA
CUE,"Cue Biopharma, Inc. Common Stock",,,USA
PLYX,"Polaryx Therapeutics, Inc. Common Stock",,,USA
BDTX,"Black Diamond Therapeutics, Inc. Common Stock",,,USA
NXTT,Next Technology Holding Inc. Ordinary Shares,,,USA
SCOR,"comScore, Inc. Common Stock",,,USA
NTHI,"NeOnc Technologies Holdings, Inc. Common Stock",,,USA
BZFD,"BuzzFeed, Inc. Class A Common Stock",,,USA
BAER,"Bridger Aerospace Group Holdings, Inc. Common Stock",,,USA
GGT,"Gabelli Multi-Media Trust, Inc. (The) Common Stock",,,USA
GHG,"GreenTree Hospitality Group Ltd. American depositary shares, each representing one Class A ordinary share",,,USA
AMCI,AMC Robotics Corporation Common Stock,,,USA
LFVN,Lifevantage Corporation Common Stock (Delaware),,,USA
TSQ,"Townsquare Media, Inc. Class A Common Stock",,,USA
JYNT,The Joint Corp. Common Stock,,,USA
ALOT,"AstroNova, Inc. Common Stock",,,USA
JHI,John Hancock Investors Trust Common Stock,,,USA
ARBE,Arbe Robotics Ltd. Ordinary Shares,,,USA
OPTXW,"Syntec Optics Holdings, Inc. Warrant",,,USA
SUNS,"Sunrise Realty Trust, Inc. Common Stock",,,USA
CXE,MFS High Income Municipal Trust Common Stock,,,USA
ALPS,ALPS Group Inc Ordinary Share,,,USA
SRFM,Surf Air Mobility Inc. Common Stock,,,USA
SANG,Sangoma Technologies Corporation Common Shares,,,USA
GUTS,"Fractyl Health, Inc. Common Stock",,,USA
RVSB,Riverview Bancorp Inc Common Stock,,,USA
PZG,Paramount Gold Nevada Corp. Common Stock,,,USA
XGN,Exagen Inc. Common Stock,,,USA
GLU,Gabelli Global Utility Common Shares of Beneficial Ownership,,,USA
ULBI,Ultralife Corporation Common Stock,,,USA
RENT,"Rent the Runway, Inc. Class A Common Stock",,,USA
ENGN,enGene Therapeutics Inc. Common Stock,,,USA
LUD,Luda Technology Group Limited Ordinary Shares,,,USA
BSBK,Bogota Financial Corp. Common Stock,,,USA
COYA,"Coya Therapeutics, Inc. Common Stock",,,USA
ARQ,"Arq, Inc. Common Stock",,,USA
PODC,"PodcastOne, Inc. Common Stock",,,USA
GEOS,Geospace Technologies Corporation Common Stock (Texas),,,USA
KEQU,Kewaunee Scientific Corporation Common Stock,,,USA
REKR,"Rekor Systems, Inc. Common Stock",,,USA
GOAI,Eva Live Inc. Common Stock,,,USA
TTEC,"TTEC Holdings, Inc. Common Stock",,,USA
TEAD,Teads Holding Co. Common Stock,,,USA
WYY,WidePoint Corporation Common Stock,,,USA
MGYR,"Magyar Bancorp, Inc. Common Stock",,,USA
RANI,"Rani Therapeutics Holdings, Inc. Class A Common Stock",,,USA
OTLK,"Outlook Therapeutics, Inc. Common Stock",,,USA
RPT,Rithm Property Trust Inc. Common stock,,,USA
EXFY,"Expensify, Inc. Class A Common Stock",,,USA
KLRS,"Kalaris Therapeutics, Inc. Common Stock",,,USA
VANI,"Vivani Medical, Inc. Common Stock (DE)",,,USA
HURC,"Hurco Companies, Inc. Common Stock",,,USA
CLAR,Clarus Corporation Common Stock,,,USA
EP,Empire Petroleum Corporation Common Stock,,,USA
NAMM,Namib Minerals Ordinary Shares,,,USA
STHO,Star Holdings Shares of Beneficial Interest,,,USA
BLNK,Blink Charging Co. Common Stock,,,USA
NXXT,"NextNRG, Inc. Common Stock",,,USA
PYXS,"Pyxis Oncology, Inc. Common Stock",,,USA
AISP,"Airship AI Holdings, Inc. Class A Common Stock",,,USA
ZVIA,Zevia PBC Class A Common Stock,,,USA
YRD,"Yiren Digital Ltd. American Depositary Shares, each representing two ordinary shares",,,USA
SHMDW,SCHMID Group N.V. Warrants,,,USA
SFBC,"Sound Financial Bancorp, Inc. Common Stock",,,USA
BNC,CEA Industries Inc. Common Stock,,,USA
CBUS,"Cibus, Inc. Class A Common Stock",,,USA
LAKE,"Lakeland Industries, Inc. Common Stock",,,USA
UNB,"Union Bankshares, Inc. Common Stock",,,USA
BNAI,Brand Engagement Network Inc. Common Stock,,,USA
ICG,Intchains Group Limited American Depositary Shares,,,USA
ALDX,"Aldeyra Therapeutics, Inc. Common Stock",,,USA
FGMC,FG Merger II Corp. Common stock,,,USA
CRDF,"Cardiff Oncology, Inc. Common Stock",,,USA
PROV,"Provident Financial Holdings, Inc. Common Stock",,,USA
FATN,"FatPipe, Inc. Common Stock",,,USA
VRCA,Verrica Pharmaceuticals Inc. Common Stock,,,USA
BUDA,"Buda Juice, Inc. Common Stock",,,USA
FURY,Fury Gold Mines Limited Common Shares,,,USA
CYPH,Cypherpunk Technologies Inc. Common Stock,,,USA
BOTJ,"Bank of the James Financial Group, Inc. Common Stock",,,USA
ONCY,"Oncolytics Biotech, Inc. Common Stock",,,USA
INVE,"Identiv, Inc. Common Stock",,,USA
AIRJW,AirJoule Technologies Corporation Warrant,,,USA
JXG,JX Luxventure Group Inc. Common Stock,,,USA
PEPG,PepGen Inc. Common Stock,,,USA
CCLD,"CareCloud, Inc. Common Stock",,,USA
SEER,"Seer, Inc. Class A Common Stock",,,USA
STIM,"Neuronetics, Inc. Common Stock",,,USA
FFAI,Faraday Future Intelligent Electric Inc. Class A Common Stock,,,USA
OPRX,OptimizeRx Corporation Common Stock,,,USA
TZOO,Travelzoo Common Stock,,,USA
BMHL,Bluemount Holdings Limited Class B Ordinary Shares,,,USA
AIFC,AI Financial Corporation Common Stock,,,USA
SUIG,Sui Group Holdings Limited Common Stock,,,USA
SILO,"Silo Pharma, Inc. Common Stock",,,USA
GRWG,GrowGeneration Corp. Common Stock,,,USA
ATLN,Atlantic International Corp. Common Stock,,,USA
DTI,Drilling Tools International Corporation Common Stock,,,USA
BMEA,"Biomea Fusion, Inc. Common Stock",,,USA
MMLP,Martin Midstream Partners L.P. Limited Partnership,,,USA
SSTI,"SoundThinking, Inc. Common Stock",,,USA
SEAT,Vivid Seats Inc. Class A Common Stock,,,USA
WKEY,WISeKey International Holding Ltd American Depositary Shares,,,USA
HFFG,HF Foods Group Inc. Common Stock,,,USA
BWEN,"Broadwind, Inc. Common Stock",,,USA
AMTD,"AMTD IDEA Group American Depositary Shares, each representing six (6) Class A Ordinary Shares",,,USA
FNWB,First Northwest Bancorp Common Stock,,,USA
RMI,"RiverNorth Opportunistic Municipal Income Fund, Inc. Common Stock",,,USA
HDRN,"Hadron Energy, Inc. Common Stock  ",,,USA
BNR,Burning Rock Biotech Limited American Depositary Shares,,,USA
HMR,Heidmar Maritime Holdings Corp. Common Stock,,,USA
IBIO,"iBio, Inc. Common Stock",,,USA
INO,"Inovio Pharmaceuticals, Inc. Common Stock",,,USA
CMU,MFS Municipal Income Trust Common Stock,,,USA
ISPR,Ispire Technology Inc. Common Stock,,,USA
SLSN,"Solesence, Inc. Common Stock",,,USA
IPWR,Ideal Power Inc. Common Stock,,,USA
ZEPP,"Zepp Health Corporation American depositary shares, each representing sixteen Class A ordinary shares",,,USA
SLNG,"Stabilis Solutions, Inc. Common Stock",,,USA
EIC,Eagle Point Income Company Inc. Common Stock,,,USA
VRA,"Vera Bradley, Inc. Common Stock",,,USA
MHNC,"Maiden Holdings North America, Ltd. 7.75% Notes due 2043",,,USA
AKA,a.k.a. Brands Holding Corp. Common Stock,,,USA
CSPI,CSP Inc. Common Stock,,,USA
MHLA,"Maiden Holdings, Ltd. 6.625% Notes due 2046",,,USA
FTLF,"FitLife Brands, Inc. Common Stock",,,USA
FLL,"Full House Resorts, Inc. Common Stock",,,USA
UBCP,"United Bancorp, Inc. Common Stock",,,USA
MGF,MFS Government Markets Income Trust Common Stock,,,USA
GPUS,"Hyperscale Data, Inc. Common Stock",,,USA
ATRA,"Atara Biotherapeutics, Inc. Common Stock",,,USA
CLSKW,"CleanSpark, Inc. Warrant",,,USA
ROC,Rank One Computing Corporation Common stock,,,USA
PYPD,PolyPid Ltd. Ordinary Shares,,,USA
FBIO,"Fortress Biotech, Inc. Common Stock",,,USA
BCIC,BCP Investment Corporation Common Stock,,,USA
RPID,"Rapid Micro Biosystems, Inc. Class A Common Stock",,,USA
JDZG,JIADE LIMITED Class A Ordinary Shares,,,USA
AIRG,"Airgain, Inc. Common Stock",,,USA
HRTX,"Heron Therapeutics, Inc. Common Stock",,,USA
LPA,Logistic Properties of the Americas Ordinary Shares,,,USA
MAIA,"MAIA Biotechnology, Inc. Common Stock",,,USA
LGO,Largo Inc. Common Shares,,,USA
LIDR,"AEye, Inc. Class A Common Stock",,,USA
DFDV,DeFi Development Corp. Common Stock,,,USA
AEYE,"AudioEye, Inc. Common Stock",,,USA
ANPA,Rich Sparkle Holdings Limited Ordinary Shares,,,USA
RGT,"Royce Global Trust, Inc. Common Stock",,,USA
GNSS,Genasys Inc. Common Stock,,,USA
FUSB,"First US Bancshares, Inc. Common Stock",,,USA
NRXS,"Neuraxis, Inc. Common Stock",,,USA
PTHS,Pelthos Therapeutics Inc. Common Stock,,,USA
GCV,"Gabelli Convertible and Income Securities Fund, Inc. (The) Common Stock",,,USA
NIPG,NIP Group Inc. American Depositary Shares,,,USA
JFB,JFB Construction Holdings Class A Common Stock,,,USA
VIRC,Virco Manufacturing Corporation Common Stock,,,USA
RFM,"RiverNorth Flexible Municipal Income Fund, Inc. Common Stock",,,USA
ICCC,ImmuCell Corporation Common Stock,,,USA
SSBI,Summit State Bank Common Stock,,,USA
BYFC,Broadway Financial Corporation Class A Common Stock,,,USA
BTMD,Biote Corp. Class A Common Stock,,,USA
OPTT,"Ocean Power Technologies, Inc. Common Stock",,,USA
GECC,Great Elm Capital Corp. Common Stock,,,USA
MOB,Mobilicom Limited Ordinary Shares,,,USA
DTCX,"Datacentrex, Inc. Common Stock",,,USA
AUBN,"Auburn National Bancorporation, Inc. Common Stock",,,USA
CHMI,Cherry Hill Mortgage Investment Corporation Common Stock,,,USA
SOTK,Sono-Tek Corporation Common Stock,,,USA
KG,"Kestrel Group, Ltd.",,,USA
PFX,PhenixFIN Corporation Common Stock,,,USA
SERA,"Sera Prognostics, Inc. Class A Common Stock",,,USA
IDN,"Intellicheck, Inc. Common Stock",,,USA
ANIX,"Anixa Biosciences, Inc. Common Stock",,,USA
BEEP,Mobile Infrastructure Corporation Common Stock,,,USA
OM,"Outset Medical, Inc. Common Stock",,,USA
CPIX,Cumberland Pharmaceuticals Inc. Common Stock,,,USA
TELO,"Telomir Pharmaceuticals, Inc. Common Stock",,,USA
LGCL,Lucas GC Limited Ordinary Shares,,,USA
GIBO,GIBO Holdings Limited Class A Ordinary Shares,,,USA
EVF,Eaton Vance Senior Income Trust Common Stock,,,USA
PMN,ProMIS Neurosciences Inc. Common Shares (ON),,,USA
RNTX,"Rein Therapeutics, Inc. Common Stock",,,USA
LVO,"LiveOne, Inc. Common Stock",,,USA
LIXT,"Lixte Biotechnology Holdings, Inc. Common Stock",,,USA
HYFT,MindWalk Holdings Corp. Common Stock,,,USA
NEOV,NeoVolta Inc. Common Stock,,,USA
FTCI,"FTC Solar, Inc. Common Stock",,,USA
AFCG,Advanced Flower Capital Inc. Common Stock,,,USA
AARD,"Aardvark Therapeutics, Inc. Common Stock",,,USA
AVD,American Vanguard Corporation Common Stock ($0.10 Par Value),,,USA
RLYB,Rallybio Corporation Common Stock,,,USA
AURE,Aurelion Inc. Class A Ordinary Shares,,,USA
AEC,Anfield Energy Inc. Common Shares,,,USA
PROP,Prairie Operating Co. Common Stock,,,USA
AGPU,Axe Compute Inc. Common Stock,,,USA
MAYS,"J. W. Mays, Inc. Common Stock",,,USA
GAMB,Gambling.com Group Limited Ordinary Shares,,,USA
PARK,"Park Dental Partners, Inc. Common Stock",,,USA
CRGO,Freightos Limited Ordinary shares,,,USA
OPXS,"Optex Systems Holdings, Inc. Common Stock",,,USA
CHRN,ChronoScale Corporation Common Stock,,,USA
BARK,"BARK, Inc. Class A Common Stock",,,USA
LINK,"Interlink Electronics, Inc. Common Stock",,,USA
FEAM,"5E Advanced Materials, Inc. Common Stock",,,USA
ECOR,"electroCore, Inc. Common Stock",,,USA
OSTX,OS Therapies Incorporated Common Stock,,,USA
MCRP,Micropolis AI Robotics Ordinary Shares,,,USA
GLV,Clough Global Dividend and Income Fund Common Shares of beneficial interest,,,USA
STEM,"Stem, Inc. Class A Common Stock",,,USA
QTEX,QTREX Quantum Ltd. Ordinary Shares,,,USA
TISI,"Team, Inc. Common Stock",,,USA
RRGB,"Red Robin Gourmet Burgers, Inc. Common Stock",,,USA
IH,"iHuman Inc. American depositary shares, each representing five Class A ordinary shares",,,USA
HSDT,Solana Company Class A Common Stock (DE),,,USA
DLHC,DLH Holdings Corp.,,,USA
FSI,Flexible Solutions International Inc. Common Stock (CDA),,,USA
WSTN,Westin Acquisition Corp Class A Ordinary Share,,,USA
DTF,DTF Tax-Free Income 2028 Term Fund Inc. Common Stock,,,USA
LONA,"LeonaBio, Inc. Common Stock",,,USA
CPHC,Canterbury Park Holding Corporation 'New' Common Stock,,,USA
SIEB,Siebert Financial Corp. Common Stock,,,USA
NAKA,Nakamoto Inc. Common Stock,,,USA
GDHG,Golden Heaven Group Holdings Ltd. Class A Ordinary Shares,,,USA
BODI,"The Beachbody Company, Inc. Class A Common Stock",,,USA
CSBR,"Champions Oncology, Inc. Common Stock",,,USA
XPL,Solitario Resources Corp. Common Stock,,,USA
PIII,P3 Health Partners Inc. Class A Common Stock,,,USA
PLCE,"Children's Place, Inc. (The) Common Stock",,,USA
MHH,"Mastech Digital, Inc Common Stock",,,USA
FDSB,"Fifth District Bancorp, Inc. Common Stock",,,USA
PEW,GrabAGun Digital Holdings Inc. Common Stock,,,USA
GANX,"Gain Therapeutics, Inc. Common Stock",,,USA
EXOZ,eXoZymes Inc. Common Stock,,,USA
DIT,AMCON Distributing Company Common Stock,,,USA
SKIN,SkinHealth Systems Inc. Class A Common Stock,,,USA
FSEA,"First Seacoast Bancorp, Inc. Common Stock",,,USA
CPBI,"Central Plains Bancshares, Inc. Common Stock",,,USA
KNDI,"Kandi Technologies Group, Inc. Ordinary Shares",,,USA
UFI,"Unifi, Inc. New Common Stock",,,USA
HNNA,"Hennessy Advisors, Inc. Common Stock",,,USA
PCLA,PicoCELA Inc. American Depositary Shares,,,USA
AIB,"BlockchAIn Digital Infrastructure, Inc Common Shares",,,USA
NDLS,Noodles & Company Class A Common Stock,,,USA
SEV,Aptera Motors Corp. Class B Common Stock,,,USA
SRXH,"SRX Health Solutions, Inc. Common Stock",,,USA
ACET,"Adicet Bio, Inc. Common Stock",,,USA
NRT,North European Oil Royality Trust Common Stock,,,USA
WRAP,"Wrap Technologies, Inc. Common Stock",,,USA
LSE,"Leishen Energy Holding Co., Ltd. Class A Ordinary Shares",,,USA
VIDA,VIDA Global Inc. Class A Common Stock,,,USA
XTIA,"XTI Aerospace, Inc. Common Stock",,,USA
NTIC,Northern Technologies International Corporation Common Stock,,,USA
AUC,ATIF Holdings Limited Ordinary Shares,,,USA
BLUW,Blue Water Acquisition Corp. III Class A Ordinary Shares,,,USA
CLNN,Clene Inc. Common Stock,,,USA
RSSS,"Research Solutions, Inc Common Stock",,,USA
CTOR,"Citius Oncology, Inc. Common Stock",,,USA
ASTI,"Ascent Solar Technologies, Inc. Common Stock",,,USA
GPMT,Granite Point Mortgage Trust Inc. Common Stock,,,USA
DOMH,Dominari Holdings Inc. Common Stock,,,USA
BHST,BioHarvest Sciences Inc. Common Stock,,,USA
IOR,"Income Opportunity Realty Investors, Inc. Common Stock",,,USA
SYPR,"Sypris Solutions, Inc. Common Stock",,,USA
SFWL,Shengfeng Development Limited Class A Ordinary Shares,,,USA
ODYS,Odysight.ai Inc. Common Stock,,,USA
ELBM,Electra Battery Materials Corporation Common Stock,,,USA
PLRX,"Pliant Therapeutics, Inc. Common Stock",,,USA
RFL,"Rafael Holdings, Inc. Class B Common Stock",,,USA
FRMM,"Forum Markets, Incorporated Common Stock",,,USA
XBIT,XBiotech Inc. Common Stock,,,USA
CEV,Eaton Vance California Municipal Income Trust Shares of Beneficial Interest,,,USA
CTM,"Castellum, Inc. Common Stock",,,USA
INTG,Intergroup Corporation (The) Common Stock,,,USA
NSTS,"NSTS Bancorp, Inc. Common Stock",,,USA
UPXI,"Upexi, Inc. Common Stock",,,USA
HCHL,Happy City Holdings Limited Class A Ordinary shares,,,USA
FLNT,"Fluent, Inc. Common Stock",,,USA
ORIQU,Origin Investment Corp I Units,,,USA
NCTY,The9 Limited American Depository Shares,,,USA
WLDSW,Wearable Devices Ltd. Warrant,,,USA
BTCS,BTCS Inc. Common Stock,,,USA
ALAR,Alarum Technologies Ltd. American Depositary Share,,,USA
LNZA,"LanzaTech Global, Inc. Common Stock",,,USA
BYSI,BeyondSpring Inc. Ordinary Shares,,,USA
WHLRD,"Wheeler Real Estate Investment Trust, Inc. Series D Cumulative Preferred Stock",,,USA
ASPS,Altisource Portfolio Solutions S.A. Common Stock,,,USA
CXH,MFS Investment Grade Municipal Trust Common Stock,,,USA
MCHX,"Marchex, Inc. Class B Common Stock",,,USA
HAIN,"Hain Celestial Group, Inc. (The) Common Stock",,,USA
GEG,"Great Elm Group, Inc. Common Stock",,,USA
ANVS,"Annovis Bio, Inc. Common Stock",,,USA
PBHC,"Pathfinder Bancorp, Inc. Common Stock (MD)",,,USA
RGS,Regis Corporation Common Stock,,,USA
GENK,"GEN Restaurant Group, Inc. Class A Common Stock",,,USA
LITB,"LightInTheBox Holding Co., Ltd. American Depositary Shares, each representing twelve ordinary shares",,,USA
LUNG,Pulmonx Corporation Common Stock,,,USA
VGAS,"Verde Clean Fuels, Inc. Class A Common Stock",,,USA
PDSB,PDS Biotechnology Corporation Common Stock,,,USA
LNSR,"LENSAR, Inc. Common Stock",,,USA
VIOT,"Viomi Technology Co., Ltd American Depositary Shares",,,USA
VERU,Veru Inc. Common Stock,,,USA
ASTC,Astrotech Corporation (DE) Common Stock,,,USA
FLNA,"Filana Therapeutics, Inc. Common Stock",,,USA
WXM,WF International Limited Ordinary Shares,,,USA
AREN,"The Arena Group Holdings, Inc. Common Stock",,,USA
TJGC,TJGC Group Limited Ordinary Shares,,,USA
CVU,"CPI Aerostructures, Inc. Common Stock",,,USA
HOUR,"Hour Loop, Inc. Common Stock",,,USA
BRID,Bridgford Foods Corporation Common Stock,,,USA
ROLR,"High Roller Technologies, Inc. Common Stock",,,USA
OPHC,"OptimumBank Holdings, Inc. Common Stock",,,USA
MYPS,"PLAYSTUDIOS, Inc.  Class A Common Stock",,,USA
TCRX,"TScan Therapeutics, Inc. Common Stock",,,USA
CBAT,"CBAK Energy Technology, Inc. Common Stock",,,USA
ACRV,"Acrivon Therapeutics, Inc. Common Stock",,,USA
MCRB,"Seres Therapeutics, Inc. Common Stock",,,USA
WWR,"Westwater Resources, Inc. Common Stock",,,USA
IZEA,"IZEA Worldwide, Inc. Common Stock",,,USA
HIT,"Health In Tech, Inc. Class A Common Stock",,,USA
ALVOW,Alvotech Warrant,,,USA
CATO,Cato Corporation (The) Class A Common Stock,,,USA
CRMT,America's Car-Mart Inc Common Stock,,,USA
KLXE,"KLX Energy Services Holdings, Inc. Common Stock",,,USA
MNOV,Medicinova Inc Common Stock,,,USA
CRT,Cross Timbers Royalty Trust Common Stock,,,USA
CLST,"Catalyst Bancorp, Inc. Common Stock",,,USA
MDIA,Mediaco Holding Inc. Class A Common Stock ,,,USA
CING,Cingulate Inc. Common Stock,,,USA
XTNT,"Xtant Medical Holdings, Inc. Common Stock",,,USA
SCLX,Scilex Holding Company Common Stock,,,USA
MLGO,"MicroAlgo, Inc. Class A Ordinary Shares",,,USA
VHC,VirnetX Holding Corp Common Stock,,,USA
IMA,"ImageneBio, Inc. Common Stock",,,USA
ASRV,AmeriServ Financial Inc. Common Stock,,,USA
EDRY,EuroDry Ltd. Common Shares ,,,USA
XOS,"Xos, Inc. Common Stock",,,USA
MDAI,"Spectral AI, Inc. Class A Common Stock",,,USA
SKIL,Skillsoft Corp. Class A Common Stock,,,USA
OMEX,"Odyssey Marine Exploration, Inc. Common Stock",,,USA
ELTK,Eltek Ltd. Ordinary Shares,,,USA
INKT,"MiNK Therapeutics, Inc. Common Stock",,,USA
PMVP,"PMV Pharmaceuticals, Inc. Common Stock",,,USA
AIIO,Robo.ai Inc. Class B Ordinary Shares,,,USA
EDSA,"Edesa Biotech, Inc. Common Shares",,,USA
BZAIW,"Blaize Holdings, Inc. Warrants",,,USA
UAVS,"AgEagle Aerial Systems, Inc. Common Stock",,,USA
LOOP,"Loop Industries, Inc. Common Stock",,,USA
SLND,"Southland Holdings, Inc. Common Stock",,,USA
MIND,"MIND Technology, Inc. Common Stock (DE)",,,USA
PVL,Permianville Royalty Trust Units of Beneficial Interest,,,USA
SORA,AsiaStrategy Ordinary Shares,,,USA
BDL,"Flanigan's Enterprises, Inc. Common Stock",,,USA
GAIA,"Gaia, Inc. Class A Common Stock",,,USA
SPCB,"SuperCom, Ltd. Ordinary Shares (Israel)",,,USA
TOUR,Tuniu Corporation American Depositary Shares,,,USA
IBO,"Impact BioMedical, Inc. Common Stock",,,USA
AIRT,"Air T, Inc. Common Stock",,,USA
SNT,Senstar Technologies Corporation Common Shares,,,USA
POCI,"Precision Optics Corporation, Inc. Common stock",,,USA
XRXDW,Xerox Holdings Corporation Warrants,,,USA
SQNS,Sequans Communications S.A. American Depositary Shares (each representing one hundred (100) Ordinary Shares),,,USA
GCL,GCL Global Holdings Ltd Ordinary Shares,,,USA
ENTX,Entera Bio Ltd. Ordinary Shares,,,USA
TWG,Top Wealth Group Holding Limited Class A Ordinary Shares,,,USA
THCH,TH International Limited Ordinary shares,,,USA
SXTC,"China SXT Pharmaceuticals, Inc. Class A Ordinary Shares",,,USA
QXL,Quantum X Labs Inc. Common Stock,,,USA
ATHE,Alterity Therapeutics Limited American Depositary Shares,,,USA
CSTE,Caesarstone Ltd. Ordinary Shares,,,USA
BGM,BGM Group Ltd. Class A Ordinary Shares,,,USA
TCRT,"Alaunos Therapeutics, Inc. Common Stock",,,USA
HFBL,"Home Federal Bancorp, Inc. of Louisiana Common Stock",,,USA
RADX,Radiopharm Theranostics Limited American Depositary Shares,,,USA
BGSF,"BGSF, Inc. Common Stock",,,USA
SGA,"Saga Communications, Inc. Class A Common Stock (FL)",,,USA
MERC,Mercer International Inc. Common Stock,,,USA
GGR,Gogoro Inc. Ordinary Shares,,,USA
NCEW,New Century Logistics (BVI) Limited Ordinary Shares,,,USA
SELF,"Global Self Storage, Inc. Common Stock",,,USA
BOF,BranchOut Food Inc. Common Stock,,,USA
MNY,MoneyHero Limited Class A Ordinary Shares,,,USA
VNCE,Vince Holding Corp. Common Stock,,,USA
SACH,Sachem Capital Corp. Common Shares,,,USA
YIBO,Planet Image International Limited Class A Ordinary Shares,,,USA
INCR,Intercure Ltd. Ordinary Shares,,,USA
BDMD,Baird Medical Investment Holdings Ltd Ordinary Share,,,USA
ZTEK,Zentek Ltd. Common Stock,,,USA
STKS,"The ONE Group Hospitality, Inc. Common Stock",,,USA
FSP,Franklin Street Properties Corp. Common Stock,,,USA
IMMP,Immutep Limited American Depositary Shares,,,USA
DDC,DDC Enterprise Limited Class A Ordinary Shares,,,USA
USEG,U.S. Energy Corp. Common Stock (DE),,,USA
OKYO,OKYO Pharma Limited Ordinary Shares,,,USA
AEI,Alset Inc. Common Stock (TX),,,USA
YTRA,"Yatra Online, Inc. Ordinary Shares",,,USA
DWTX,"Dogwood Therapeutics, Inc. Common Stock",,,USA
APWC,"Asia Pacific Wire & Cable Corporation, Ltd. Ordinary Shares (Bermuda)",,,USA
DCGO,DocGo Inc. Common Stock,,,USA
KBSX,FST Corp. Ordinary Shares,,,USA
CNF,"CNFinance Holdings Limited American Depositary Shares, each representing two hundred (200) Ordinary Shares",,,USA
BCHT,Birchtech Corp. Common Stock,,,USA
NXB,NextBoat Inc. Common Stcok,,,USA
STAK,STAK Inc. Class A Ordinary Shares,,,USA
DXR,Daxor Corporation Common Stock,,,USA
LFT,"Lument Finance Trust, Inc. Common Stock",,,USA
DRIO,DarioHealth Corp. Common Stock,,,USA
TIL,"Instil Bio, Inc. Common Stock",,,USA
CNVS,Cineverse Corp. Class A Common Stock,,,USA
WTO,UTime Limited Class A Ordinary Shares,,,USA
XLO,"Xilio Therapeutics, Inc. Common Stock",,,USA
SPWH,"Sportsman's Warehouse Holdings, Inc. Common Stock",,,USA
WFCF,"Where Food Comes From, Inc. Common Stock",,,USA
PPSI,"Pioneer Power Solutions, Inc. Common Stock",,,USA
NTWK,NetSol Technologies Inc. Common  Stock,,,USA
LFS,"LEIFRAS Co., Ltd. American Depositary Shares  ",,,USA
COCH,"Envoy Medical, Inc. Class A Common Stock",,,USA
APT,"Alpha Pro Tech, Ltd. Common Stock",,,USA
AMSS,AMASS Brands Inc. Common Stock,,,USA
ABLV,Able View Global Inc. Class B Ordinary Shares,,,USA
RYM,"RYTHM, Inc. Common Stock",,,USA
XHG,XChange TEC.INC American Depositary Shares ,,,USA
HYPD,"Hyperion DeFi, Inc. Common Stock",,,USA
QUCY,Quantum Cyber N.V. Ordinary Shares,,,USA
GMHS,Gamehaus Holdings Inc. Class A Ordinary Shares,,,USA
VRM,"Vroom, Inc. Common Stock",,,USA
SKYA,"SkyAI, Inc. Common Stock",,,USA
CLPR,Clipper Realty Inc. Common Stock,,,USA
DSWL,"Deswell Industries, Inc. Common Shares",,,USA
SOGP,Sound Group Inc. American Depositary Shares,,,USA
INLF,INLIF LIMITED Class A Ordinary Shares,,,USA
AIRTP,"Air T, Inc. Air T Funding Alpha Income Trust Preferred Securities",,,USA
SPRU,Spruce Power Holding Corporation Class A Common Stock,,,USA
GNS,Genius Group Limited Ordinary Shares,,,USA
GROV,"Grove Collaborative Holdings, Inc. Class A Common Stock",,,USA
NUCLW,Eagle Nuclear Energy Corp. Warrants,,,USA
GLNDW,Greenland Energy Company Warrant,,,USA
BENF,Beneficient Class A Common Stock,,,USA
QTI,"QT Imaging Holdings, Inc. Common Stock",,,USA
PRTS,"CarParts.com, Inc. Common Stock",,,USA
UEIC,Universal Electronics Inc. Common Stock,,,USA
AIOS,AIOS Tech Inc. Class A Common Shares,,,USA
WBX,Wallbox N.V. Class A Ordinary Shares,,,USA
VOC,VOC Energy Trust Units of Beneficial Interest,,,USA
AGIG,Abundia Global Impact Group Inc. Common stock,,,USA
NOMA,NOMADAR Corp. Class A Common Stock,,,USA
DCX,Digital Currency X Technology Inc. Class A Ordinary Shares,,,USA
ATYR,"aTyr Pharma, Inc. Common Stock",,,USA
BEAT,"Heartbeam, Inc. Common Stock",,,USA
ZEO,Zeo Energy Corporation Class A Common Stock,,,USA
EHTH,"eHealth, Inc. Common Stock",,,USA
MGX,"Metagenomi Therapeutics, Inc. Common Stock",,,USA
LESL,"Leslie's, Inc. Common Stock",,,USA
MYO,Myomo Inc. Common Stock,,,USA
XCH,XCHG Limited American Depositary Share,,,USA
FNGR,"FingerMotion, Inc. Common Stock",,,USA
ESLA,"Estrella Immunopharma, Inc. Common Stock",,,USA
ENGS,Energys Group Limited Ordinary Shares,,,USA
MREO,Mereo BioPharma Group plc American Depositary Shares,,,USA
PXS,Pyxis Tankers Inc. Common Stock,,,USA
RSF,RiverNorth Capital and Income Fund Common Stock,,,USA
EUDA,EUDA Health Holdings Limited Ordinary Shares,,,USA
PBK,PowerBank Corporation Common Stock,,,USA
BRIA,BrilliA Inc Class A Ordinary Shares,,,USA
SCYX,"SCYNEXIS, Inc. Common Stock",,,USA
SJ,Scienjoy Holding Corporation Class A Ordinary Shares ,,,USA
MGLD,"The Marygold Companies, Inc. Common Stock",,,USA
TCBS,"Texas Community Bancshares, Inc. Common Stock",,,USA
LOAN,"Manhattan Bridge Capital, Inc",,,USA
PFXNZ,PhenixFIN Corporation  5.25% Notes due 2028,,,USA
EXYN,"Exyn Technologies, Inc. Common Stock",,,USA
TACT,TransAct Technologies Incorporated Common Stock,,,USA
AXIL,"AXIL Brands, Inc. Common Stock",,,USA
HCMAW,HCM III Acquisition Corp. Warrants,,,USA
OFS,OFS Capital Corporation Common Stock,,,USA
PLUT,Plutus Financial Group Limited Ordinary Shares,,,USA
AACG,ATA Creativity Global American Depositary Shares,,,USA
ELWT,"Elauwit Connection, Inc. Common Stock",,,USA
FOFO,"Hang Feng Technology Innovation Co., Ltd. Ordinary Shares",,,USA
ARBK,Argo Blockchain plc American Depositary Shares,,,USA
ZOOZ,ZOOZ Strategy Ltd. Ordinary Shares,,,USA
NSYS,Nortech Systems Incorporated Common Stock,,,USA
STKE,Sol Strategies Inc. Common Shares,,,USA
NA,Nano Labs Ltd Class A Ordinary Shares,,,USA
SRTS,"Sensus Healthcare, Inc. Common Stock",,,USA
ELUT,Elutia Inc. Class A Common Stock,,,USA
ACTU,"Actuate Therapeutics, Inc. Common stock",,,USA
SLMT,Brera Holdings PLC Class B Ordinary Shares,,,USA
GNTA,Genenta Science S.p.A. American Depositary Shares,,,USA
LGL,"LGL Group, Inc. (The) Common Stock",,,USA
GLBS,Globus Maritime Limited Common Stock,,,USA
STG,"Sunlands Technology Group American Depositary Shares, representing Class A ordinary shares",,,USA
TGE,The Generation Essentials Group Class A Ordinary Shares,,,USA
FTEK,"Fuel Tech, Inc. Common Stock",,,USA
INDO,Indonesia Energy Corporation Limited Ordinary Shares,,,USA
SCWO,374Water Inc. Common Stock,,,USA
PRPL,"Purple Innovation, Inc. Common Stock",,,USA
MIRA,"MIRA Pharmaceuticals, Inc. Common Stock",,,USA
WYHG,Wing Yip Food Holdings Group Limited American Depositary Shares,,,USA
CCG,Cheche Group Inc. Class A Ordinary Shares,,,USA
JRSH,"Jerash Holdings (US), Inc. Common Stock",,,USA
RNXT,"RenovoRx, Inc. Common Stock",,,USA
BRAG,Bragg Gaming Group Inc. Common Shares,,,USA
PFAI,Pinnacle Food Group Limited Class A Common Shares,,,USA
LOTWW,Lotus Technology Inc. Warrants,,,USA
NTRB,Nutriband Inc. Common Stock,,,USA
FGNX,FG Nexus Inc. Common Stock ,,,USA
PN,Skycorp Solar Group Limited Class A Ordinary Shares,,,USA
ARAY,Accuray Incorporated Common Stock,,,USA
HGBL,Heritage Global Inc. Common Stock,,,USA
NSPR,InspireMD Inc. Common Stock,,,USA
CANG,Cango Inc. Class A Ordinary Shares,,,USA
NEOVW,NeoVolta Inc. Warrant,,,USA
STRR,"Star Equity Holdings, Inc. Common Stock",,,USA
JAGU,Jaguar Uranium Corp. Class A Common Shares,,,USA
LTRN,Lantern Pharma Inc. Common Stock,,,USA
ILLR,Triller Group Inc. Common Stock,,,USA
USIO,"Usio, Inc. Common Stock",,,USA
PXLW,"Pixelworks, Inc.  Common Stock",,,USA
KTCC,Key Tronic Corporation Common Stock,,,USA
TOON,"Kartoon Studios, Inc. Common Stock",,,USA
HOLO,MicroCloud Hologram Inc. Ordinary Shares,,,USA
CREX,"Creative Realities, Inc. Common Stock",,,USA
MAMO,Massimo Group Common Stock,,,USA
BGDE,"Big Digital Energy, Inc. Common Stock",,,USA
ZDGE,"Zedge, Inc. Class B Common Stock ",,,USA
AERT,"Aeries Technology, Inc. Class A Ordinary Share",,,USA
ACFN,"Acorn Energy, Inc. Common Stock",,,USA
AVX,Avax One Technology Ltd. Common Shares,,,USA
FNUC,Frontier Nuclear and Minerals Inc. Common Shares,,,USA
MBBC,"Marathon Bancorp, Inc. Common Stock",,,USA
CVV,CVD Equipment Corporation Common Stock,,,USA
ATOS,"Atossa Therapeutics, Inc. Common Stock",,,USA
PRPO,"Precipio, Inc.  Common Stock",,,USA
GOSS,"Gossamer Bio, Inc. Common Stock",,,USA
DUO,Fangdd Network Group Ltd. Class A Ordinary Shares,,,USA
YI,"111, Inc. American Depositary Shares",,,USA
KSCP,"Knightscope, Inc. Class A Common Stock",,,USA
TLPH,"Talphera, Inc. Common Stock",,,USA
KALA,"KALA BIO, Inc. Common Stock",,,USA
RKTO,Rocket One Inc. Common Stock,,,USA
ATHR,"Aether Holdings, Inc. Common Stock",,,USA
MOVE,"Corvex, Inc. Common Stock",,,USA
TVGN,Tevogen Bio Holdings Inc. Common Stock,,,USA
PHUN,"Phunware, Inc. Common Stock",,,USA
YOUL,Youlife Group Inc. American Depositary Shares,,,USA
CNTY,"Century Casinos, Inc. Common Stock",,,USA
SLDPW,"Solid Power, Inc. Warrant",,,USA
CULP,"Culp, Inc. Common Stock",,,USA
RAVE,"Rave Restaurant Group, Inc. Common Stock",,,USA
GRDX,GridAI Technologies Corp. Common Stock,,,USA
DXLG,"Destination XL Group, Inc. Common Stock",,,USA
TOP,TOP Financial Group Limited Class A Ordinary Shares,,,USA
MOBBW,Mobilicom Limited Warrants,,,USA
TPCS,TechPrecision Corporation Common stock,,,USA
ONMD,OneMedNet Corp Class A Common Stock,,,USA
GRMLW,Greenland Mines Ltd Warrant,,,USA
RMCO,Royalty Management Holding Corporation Class A Common Stock,,,USA
PAVM,PAVmed Inc. Common Stock,,,USA
SWAG,"Stran & Company, Inc. Common Stock",,,USA
ODVWZ,Osisko Development Corp. Warrant expiring 5/27/2027,,,USA
PSTV,"PLUS THERAPEUTICS, Inc. Common Stock ",,,USA
TELA,"TELA Bio, Inc. Common Stock",,,USA
GAME,"GameSquare Holdings, Inc. Common Stock",,,USA
ZYBT,Zhengye Biotechnology Holding Limited Class A Ordinary Shares,,,USA
GSIW,Garden Stage Limited Class A Ordinary Shares,,,USA
HLP,Hongli Group Inc. Ordinary Shares,,,USA
NEPH,"Nephros, Inc. Common Stock",,,USA
VTSI,"VirTra, Inc. Common Stock",,,USA
PETS,"PetMed Express, Inc. Common Stock",,,USA
UCL,uCloudlink Group Inc. American Depositary Shares,,,USA
RYOJ,"rYojbaba Co., Ltd. Common Shares",,,USA
KOSS,Koss Corporation Common Stock,,,USA
FIEE,"FiEE, Inc Common Stock",,,USA
MLSS,"Milestone Scientific, Inc. Common Stock",,,USA
OCCI,"OFS Credit Company, Inc. Common Stock",,,USA
TOPP,Toppoint Holdings Inc. Common Stock,,,USA
NAAS,NaaS Technology Inc. American Depositary Shares,,,USA
FUSE,Fusemachines Inc. Common stock,,,USA
BLNE,"Beeline Holdings, Inc. Common Stock",,,USA
BTAI,"BioXcel Therapeutics, Inc. Common Stock",,,USA
NSRX,Nasus Pharma Ltd. Ordinary Shares,,,USA
AAME,Atlantic American Corporation Common Stock,,,USA
MATH,Metalpha Technology Holding Limited Ordinary Shares,,,USA
WKHS,"Workhorse Group, Inc. Common Stock",,,USA
ADSEW,ADS-TEC ENERGY PLC Warrant,,,USA
ABVC,"ABVC BioPharma, Inc. Common Stock",,,USA
TLSIW,"TriSalus Life Sciences, Inc. Warrant",,,USA
OESX,"Orion Energy Systems, Inc. Common Stock",,,USA
LSF,"Laird Superfood, Inc. Common Stock",,,USA
IXHL,Incannex Healthcare Inc. Common Stock,,,USA
FOXX,Foxx Development Holdings Inc. Common Stock,,,USA
DAIO,Data I/O Corporation Common Stock,,,USA
HPAI,Helport AI Limited Ordinary Shares,,,USA
AISPW,"Airship AI Holdings, Inc. Warrants",,,USA
BIRD,"Allbirds, Inc. Class A Common Stock",,,USA
RCT,RedCloud Holdings plc Ordinary Shares,,,USA
AMPGZ,"Amplitech Group, Inc. Series B Right",,,USA
SPPL,SIMPPLE LTD. Ordinary Shares,,,USA
BBGI,"Beasley Broadcast Group, Inc. Class A Common Stock",,,USA
INMB,INmune Bio Inc. Common stock,,,USA
STRRP,"Star Equity Holdings, Inc. 10% Series A Cumulative Perpetual Preferred Stock",,,USA
BRFH,Barfresh Food Group Inc. Common Stock,,,USA
MKDW,MKDWELL Tech Inc. Ordinary Share,,,USA
KFFB,Kentucky First Federal Bancorp Common Stock,,,USA
FLD,"Fold Holdings, Inc. Class A Common Stock",,,USA
UCAR,U Power Limited Class A Ordinary Shares,,,USA
SNAL,"Snail, Inc. Class A Common Stock",,,USA
JFU,9F Inc. American Depositary Shares,,,USA
CDROW,"Codere Online Luxembourg, S.A. Warrants",,,USA
CDLX,"Cardlytics, Inc. Common Stock",,,USA
NTRP,"NextTrip, Inc. Common Stock",,,USA
OPAD,Offerpad Solutions Inc. Class A Common Stock,,,USA
PTLE,PTL LTD Class A Ordinary Shares,,,USA
ATNM,"Actinium Pharmaceuticals, Inc. (Delaware) Common Stock",,,USA
KMRK,K-Tech Solutions Company Limited Class A Ordinary Shares,,,USA
ATCH,"AtlasClear Holdings, Inc. Common Stock",,,USA
LOCL,Local Bounti Corporation Common Stock,,,USA
BRLS,Borealis Foods Inc. Class A Common Shares,,,USA
NTIP,"Network-1 Technologies, Inc. Common Stock",,,USA
WPRT,Westport Fuel Systems Inc Common Shares,,,USA
GROW,"U.S. Global Investors, Inc. Class A Common Stock",,,USA
SST,"System1, Inc. Class A Common Stock",,,USA
CPHI,"China Pharma Holdings, Inc. Common Stock",,,USA
ALGS,"Aligos Therapeutics, Inc. Common Stock",,,USA
JG,Aurora Mobile Limited American Depositary Shares,,,USA
BOLD,"Boundless Bio, Inc. Common Stock",,,USA
FKWL,Franklin Wireless Corp. Common Stock,,,USA
MLCI,Mount Logan Capital Inc. Common Stock,,,USA
SDEV,Stablecoin Development Corporation Common Stock,,,USA
EONR,EON Resources Inc. Class A Common Stock,,,USA
DARE,"Dare Bioscience, Inc. Common Stock",,,USA
ZTG,Zenta Group Company Limited Class A Ordinary Shares,,,USA
RYET,Ruanyun Edai Technology Inc. Ordinary shares,,,USA
NNVC,"NanoViricides, Inc. Common Stock",,,USA
BBLGW,Bone Biologics Corp Warrants,,,USA
AMPGR,"Amplitech Group, Inc. Series A Right",,,USA
EVAX,Evaxion A/S American Depositary Share,,,USA
UG,"United-Guardian, Inc. Common Stock",,,USA
ANGH,Anghami Inc. Ordinary Shares,,,USA
GRCE,"Grace Therapeutics, Inc. Common Stock",,,USA
AHMA,Ambitions Enterprise Management Co. L.L.C Class A Ordinary Shares,,,USA
AWRE,"Aware, Inc. Common Stock",,,USA
SNTI,"Senti Biosciences Holdings, Inc. Common Stock",,,USA
NEON,Neonode Inc. Common Stock,,,USA
RAND,Rand Capital Corporation Common Stock,,,USA
BATL,Battalion Oil Corporation Common Stock,,,USA
MDXH,MDxHealth SA Ordinary Shares,,,USA
APLM,Apollomics Inc. Class A Ordinary Shares,,,USA
LICN,Lichen International Limited Class A Ordinary Shares,,,USA
LSTA,"Lisata Therapeutics, Inc. Common Stock",,,USA
CTSO,Cytosorbents Corporation Common Stock,,,USA
MRNO,Murano Global Investments PLC Ordinary Shares,,,USA
BURU,"Nuburu, Inc. Common Stock",,,USA
VCIG,VCI Global Limited Ordinary Share,,,USA
SMXT,Solarmax Technology Inc. Common Stock,,,USA
TAOX,Tao Synergies Inc. Common Stock,,,USA
RITR,Reitar Logtech Holdings Limited Ordinary shares,,,USA
DGNX,Diginex Limited Ordinary Shares,,,USA
UONE,"Urban One, Inc. Class A Common Stock",,,USA
CAST,"FreeCast, Inc. Class A Common Stock",,,USA
BEEM,Beam Global Common Stock,,,USA
NMTC,NeuroOne Medical Technologies Corporation Common Stock,,,USA
QCLS,"Q/C Technologies, Inc. Common Stock",,,USA
MOBX,"Mobix Labs, Inc. Class A Common Stock",,,USA
GWH,"ESS Tech, Inc. Common Stock",,,USA
BOSC,B.O.S. Better Online Solutions Common Stock,,,USA
GRNQ,Greenpro Capital Corp. Common Stock,,,USA
PMI,"Picard Medical, Inc. Common Stock",,,USA
LITS,"Lite Strategy, Inc. Common Stock",,,USA
SOWG,Sow Good Inc. Common Stock,,,USA
SPHL,Springview Holdings Ltd Class A Ordinary Shares,,,USA
LIVE,Live Ventures Incorporated Common Stock,,,USA
HBIO,"Harvard Bioscience, Inc. Common Stock",,,USA
BMR,Beamr Imaging Ltd. Ordinary Share,,,USA
PMEC,Primech Holdings Ltd. Ordinary Shares,,,USA
VWAVW,"VisionWave Holdings, Inc. Warrant",,,USA
TVRD,"Tvardi Therapeutics, Inc. Common Stock",,,USA
CRVO,CervoMed Inc. Common Stock,,,USA
QRHC,Quest Resource Holding Corporation Common Stock,,,USA
GIFT,"Giftify, Inc. Common Stock",,,USA
CELU,Celularity Inc. Class A Common Stock,,,USA
BIOX,Bioceres Crop Solutions Corp. Ordinary Shares,,,USA
CRWS,Crown Crafts Inc Common Stock,,,USA
XBP,"XBP Global Holdings, Inc. Common Stock",,,USA
QNTM,Quantum Biopharma Ltd. Class B Subordinate Voting Shares,,,USA
COHN,Cohen & Company Inc.,,,USA
BRNS,Barinthus Biotherapeutics plc American Depositary Shares,,,USA
CCEL,"Cryo-Cell International, Inc. Common Stock",,,USA
KPLT,"Katapult Holdings, Inc. Common Stock",,,USA
PSQH,"PSQ Holdings, Inc. Class A Common Stock",,,USA
INLX,"Intellinetics, Inc. Common Stock",,,USA
IGC,"IGC Pharma, Inc. Common Stock",,,USA
NPT,Texxon Holding Limited Ordinary shares,,,USA
GREE,Greenidge Generation Holdings Inc. Class A Common Stock,,,USA
SER,"Serina Therapeutics, Inc. Common Stock",,,USA
FABC,"Fabric.AI, Inc. Common Stock",,,USA
MDCXW,Medicus Pharma Ltd. Warrant,,,USA
NRSN,NeuroSense Therapeutics Ltd. Ordinary Shares,,,USA
KYNB,"Kyntra Bio, Inc. Common Stock",,,USA
RMTI,"Rockwell Medical, Inc. Common Stock",,,USA
FMST,Foremost Clean Energy Ltd. Common Shares,,,USA
LPSN,"LivePerson, Inc. Common Stock",,,USA
SKYE,"Skye Bioscience, Inc. Common Stock",,,USA
FUFUW,BitFuFu Inc. Warrant,,,USA
ELSE,"Electro-Sensors, Inc. Common Stock",,,USA
MODD,"Modular Medical, Inc. Common Stock",,,USA
PAPL,Pineapple Financial Inc. Common Stock,,,USA
CLPS,CLPS Incorporation Common Stock,,,USA
UTSI,UTStarcom Holdings Corp. Ordinary Shares,,,USA
DFLI,Dragonfly Energy Holdings Corp. Common Stock (NV),,,USA
AIFF,"Firefly Neuroscience, Inc. Common Stock",,,USA
RDI,Reading International Inc Class A Common Stock,,,USA
NTZ,"Natuzzi, S.p.A.",,,USA
DYAI,"Dyadic International, Inc. Common Stock",,,USA
ALLR,"Allarity Therapeutics, Inc. Common Stock",,,USA
NEUP,Neuphoria Therapeutics Inc. Common Stock,,,USA
REFR,Research Frontiers Incorporated Common Stock,,,USA
AIXC,"AIxCrypto Holdings, Inc. Common Stock",,,USA
ARAI,Arrive AI Inc. Common Stock,,,USA
VEEA,Veea Inc. Common Stock,,,USA
TRSG,Tungray Technologies Inc Class A Ordinary Shares,,,USA
BCG,"Binah Capital Group, Inc. Common Stock",,,USA
HOVRW,New Horizon Aircraft Ltd. Warrant,,,USA
MBNKO,"Medallion Bank Fixed-Rate Reset Non-Cumulative Perpetual Preferred Stock, Series G, par value $1.00 per share",,,USA
EFOI,"Energy Focus, Inc. Common Stock",,,USA
JVA,"Coffee Holding Co., Inc. Common Stock",,,USA
PLUR,Pluri Inc. Common Stock,,,USA
JOB,GEE Group Inc. Common Stock,,,USA
PTN,"Palatin Technologies, Inc. Common Stock",,,USA
YQ,17 Education & Technology Group Inc. American Depositary Shares,,,USA
YDESW,YD Bio Limited Warrants,,,USA
PRT,PermRock Royalty Trust Units of Beneficial Interest,,,USA
BLIV,BeLive Holdings Ordinary Share,,,USA
LGVN,Longeveron Inc. Class A Common Stock,,,USA
TOMZ,"TOMI Environmental Solutions, Inc. Common Stock",,,USA
NCI,Neo-Concept International Group Holdings Limited Class A Ordinary Shares,,,USA
EPOW,E-Power Inc. Class A Ordinary Shares,,,USA
YXT,YXT.COM GROUP HOLDING LIMITED American Depository Shares,,,USA
EHLD,Euroholdings Ltd. Common Stock ,,,USA
LVLU,"Lulu's Fashion Lounge Holdings, Inc. Common Stock",,,USA
MRKR,"Marker Therapeutics, Inc. Common Stock",,,USA
BRRWW,"ProCap Financial, Inc. Warrant",,,USA
ACCS,ACCESS Newswire Inc. Common Stock,,,USA
GRAN,Grande Group Limited Class A Ordinary Shares,,,USA
EVTV,"Envirotech Vehicles, Inc. Common Stock",,,USA
DETX,"Liberty Defense Holdings, Ltd. Common Shares",,,USA
PLRZ,Polyrizon Ltd. Ordinary Shares,,,USA
YSXT,"YSX Tech. Co., Ltd Class A Ordinary Shares",,,USA
ZDAI,"DirectBooking Technology Co., Ltd. Class A Ordinary Shares",,,USA
BCTX,BriaCell Therapeutics Corp. Common Shares,,,USA
PLAG,Planet Green Holdings Corp. Common Stock,,,USA
JL,J-Long Group Limited Class A Ordinary Shares,,,USA
USEA,United Maritime Corporation Common Stock,,,USA
CPOP,"Pop Culture Group Co., Ltd Class A Ordinary Shares",,,USA
CNCKW,Coincheck Group N.V. Warrants,,,USA
CLIR,ClearSign Technologies Corporation Common Stock (DE),,,USA
FEDU,"Four Seasons Education (Cayman) Inc. American Depositary Shares, each ADS representing 10 ordinary shares",,,USA
TXMD,"TherapeuticsMD, Inc. Common Stock",,,USA
NYC,American Strategic Investment Co. Class A Common Stock,,,USA
SDST,Stardust Power Inc. Common Stock,,,USA
NIXX,"Nixxy, Inc. Common Stock",,,USA
BGL,Blue Gold Limited Class A Ordinary Shares,,,USA
ZBAO,Zhibao Technology Inc. Class A Ordinary Shares,,,USA
AYTU,"Aytu BioPharma, Inc.  Common Stock",,,USA
VTGN,"Vistagen Therapeutics, Inc. Common Stock",,,USA
ZKIN,"ZK International Group Co., Ltd Ordinary Share",,,USA
UPLD,"Upland Software, Inc. Common Stock",,,USA
ARKR,Ark Restaurants Corp. Common Stock,,,USA
VNTG,Vantage Corp Class A Ordinary Shares,,,USA
CKX,"CKX Lands, Inc. Common Stock",,,USA
TRAW,"Traws Pharma, Inc. Common Stock",,,USA
ZJYL,JIN MEDICAL INTERNATIONAL LTD. Class A Ordinary Shares,,,USA
BAFN,BayFirst Financial Corp. Common Stock,,,USA
NAMI,Jinxin Technology Holding Company American Depositary Shares,,,USA
SNSE,"Sensei Biotherapeutics, Inc. Common Stock",,,USA
UFG,Uni-Fuels Holdings Limited Class A Ordinary Shares,,,USA
SEGG,Sports Entertainment Gaming Global Corporation Common Stock,,,USA
FLUX,"Flux Power Holdings, Inc. Common Stock",,,USA
VYNE,VYNE Therapeutics Inc. Common Stock,,,USA
PASW,"Ping An Biomedical Co., Ltd. Ordinary Shares",,,USA
UONEK,"Urban One, Inc. Class D Common Stock",,,USA
DUKR,DUKE Robotics Corp. Common Stock,,,USA
EPSM,Epsium Enterprise Limited Class A Ordinary Shares,,,USA
CLRB,"Cellectar Biosciences, Inc.  Common Stock",,,USA
CCM,Concord Medical Services Holdings Limited American Depositary Shares (Each represents thirty (30) Class A ordinary shares),,,USA
SPWRW,SunPower Inc. Warrants,,,USA
INUV,"Inuvo, Inc.",,,USA
ORIO,Orion Digital Corp. Common Shares,,,USA
MDAIW,"Spectral AI, Inc. Warrants",,,USA
CTRM,Castor Maritime Inc. Common Shares,,,USA
BESS,Bimergen Energy Corporation Common Stock,,,USA
DFNS,T3 Defense Inc. Common Stock,,,USA
SBCWW,SBC Medical Group Holdings Incorporated Warrants,,,USA
FEMY,Femasys Inc. Common Stock,,,USA
UUU,"Universal Safety Products, Inc. Common Stock",,,USA
YAAS,Youxin Technology Ltd Class A Ordinary shares,,,USA
GOCO,"GoHealth, Inc. Class A Common Stock",,,USA
PSHG,Performance Shipping Inc. Common Shares,,,USA
LSH,Lakeside Holding Limited Common Stock,,,USA
PRHI,"Presurance Holdings, Inc. Common Stock",,,USA
APUS,"Apimeds Pharmaceuticals US, Inc. Common Stock",,,USA
TURB,"Turbo Energy, S.A. American Depositary Shares",,,USA
MYND,"Mynd.ai, Inc. American Depositary Shares",,,USA
CODX,"Co-Diagnostics, Inc. Common Stock",,,USA
SLGB,Smart Logistics Global Limited Ordinary Shares,,,USA
NHTC,Natural Health Trends Corp. Common Stock,,,USA
AUID,authID Inc. Common Stock,,,USA
HOWL,"Werewolf Therapeutics, Inc. Common Stock",,,USA
NXPL,NextPlat Corp Common Stock,,,USA
SCAG,Scage Future American Depositary Shares,,,USA
ANNAW,"AleAnna, Inc. Warrant",,,USA
KTTA,Pasithea Therapeutics Corp. Common Stock,,,USA
SMSI,"Smith Micro Software, Inc. Common Stock",,,USA
MDCX,Medicus Pharma Ltd. Common Stock  ,,,USA
MPU,Mega Matrix Inc. Class A Ordinary Shares,,,USA
RECT,Rectitude Holdings Ltd Ordinary Shares,,,USA
ATCX,Atlas Critical Minerals Corporation Common Stock,,,USA
LFWD,Lifeward Ltd. Ordinary Shares,,,USA
SAIH,SAIHEAT Limited Class A Ordinary Shares,,,USA
HTCO,High-Trend International Group Class A Ordinary Shares,,,USA
CYN,Cyngn Inc. Common Stock,,,USA
YMAT,"J-Star Holding Co., Ltd. Class A Ordinary Shares",,,USA
IRIX,IRIDEX Corporation Common Stock,,,USA
RCON,"Recon Technology, Ltd. Class A Ordinary Shares",,,USA
MVO,MV Oil Trust Units of Beneficial Interests,,,USA
SVRN,OceanPal Inc. Common Stock,,,USA
AHT,Ashford Hospitality Trust Inc Common Stock,,,USA
MNDO,MIND C.T.I. Ltd. Ordinary Shares,,,USA
RVP,"Retractable Technologies, Inc. Common Stock",,,USA
CRIS,"Curis, Inc. Common Stock",,,USA
TLF,"Tandy Leather Factory, Inc. Common Stock",,,USA
AEHL,Antelope Enterprise Holdings Limited Class A Ordinary Shares,,,USA
AEON,"AEON Biopharma, Inc. Class A Common Stock",,,USA
FENG,"Phoenix New Media Limited American Depositary Shares, each representing 48 Class A ordinary shares.",,,USA
AUST,Austin Gold Corp. Common Shares,,,USA
TPST,"Tempest Therapeutics, Inc. Common Stock",,,USA
PASG,"Passage Bio, Inc. Common Stock",,,USA
EQS,"Equus Total Return, Inc. Common Stock",,,USA
SELX,Semilux International Ltd. Ordinary Shares,,,USA
AIMD,"Ainos, Inc. Common Stock",,,USA
MSW,Ming Shing Group Holdings Limited Ordinary Shares,,,USA
XCUR,"Exicure, Inc. Common Stock",,,USA
CHAI,"Core AI Holdings, Inc. Common Shares",,,USA
ENGNW,enGene Therapeutics Inc. Warrants,,,USA
MDRR,"Medalist Diversified, Inc. Common Stock",,,USA
HHS,"Harte Hanks, Inc. Common Stock",,,USA
SGRP,"SPAR Group, Inc. Common Stock",,,USA
KNRX,KNOREX LTD. Class A Ordinary Shares,,,USA
ANY,Sphere 3D Corp. Common Shares,,,USA
JF,J and Friends Holdings Limited American Depositary Shares,,,USA
LPCN,Lipocine Inc. Common Stock,,,USA
ACCL,Acco Group Holdings Limited Class A Ordinary Shares,,,USA
OPTH,Optimi Health Corp. Common Shares,,,USA
AKTX,Akari Therapeutics plc ADS,,,USA
MXC,Mexco Energy Corporation Common Stock,,,USA
TULP,"Bloomia Holdings, Inc. Common Stock",,,USA
IPM,Intelligent Protection Management Corp. Common Stock ,,,USA
RAIN,"Rain Enhancement Technologies Holdco, Inc. Class A Common Stock",,,USA
QNCX,"Quince Therapeutics, Inc. Common Stock",,,USA
CXAI,CXApp Inc. Class A Common Stock,,,USA
MWYN,"Marwynn Holdings, Inc. Common stock",,,USA
FAMI,"Farmmi, Inc. Class A Ordinary Shares",,,USA
THH,TryHard Holdings Limited Ordinary Shares,,,USA
MOGU,MOGU Inc. American Depositary Shares (each  representing 25 Class A Ordinary Shares),,,USA
LRE,"Lead Real Estate Co., Ltd American Depositary Shares",,,USA
GFAI,"Guardforce AI Co., Limited Ordinary Shares",,,USA
ICMB,"Investcorp Credit Management BDC, Inc. Common Stock",,,USA
DBGI,"Digital Brands Group, Inc. Common Stock",,,USA
COOT,Australian Oilseeds Holdings Limited Ordinary Shares,,,USA
YHC,LQR House Inc. Common Stock,,,USA
BAERW,"Bridger Aerospace Group Holdings, Inc. Warrant",,,USA
VNRX,VolitionRX Limited Common Stock,,,USA
GGRP,"The Glimpse Group, Inc. Common Stock",,,USA
TMDE,TMD Energy Limited Ordinary Shares,,,USA
GTBP,"GT Biopharma, Inc. Common Stock",,,USA
PRZO,ParaZero Technologies Ltd. Ordinary Shares,,,USA
FTHM,Fathom Holdings Inc. Common Stock,,,USA
KWM,"K Wave Media, Ltd. Ordinary Shares",,,USA
NCEL,NewcelX Ltd. Ordinary Shares,,,USA
MSGM,Motorsport Games Inc. Class A Common Stock,,,USA
OMH,Ohmyhome Limited Class A Ordinary Shares,,,USA
ADGM,"Adagio Medical Holdings, Inc Common Stock",,,USA
TBH,"Brag House Holdings, Inc. Common Stock",,,USA
MDBH,"MDB Capital Holdings, LLC Class A common",,,USA
WETH,Wetouch Technology Inc. Common Stock,,,USA
COSM,Cosmos Health Inc. Common Stock,,,USA
CTXR,"Citius Pharmaceuticals, Inc. Common Stock",,,USA
INTZ,Intrusion Inc. Common Stock,,,USA
RMCF,"Rocky Mountain Chocolate Factory, Inc. Common Stock",,,USA
HIND,"Vyome Holdings, Inc. Common Stock",,,USA
LEDS,SemiLEDS Corporation Common Stock,,,USA
MGIH,Millennium Group International Holdings Limited Ordinary Shares,,,USA
NAII,"Natural Alternatives International, Inc. Common Stock",,,USA
BTOC,Armlogi Holding Corp. Common Stock,,,USA
PRSO,Peraso Inc. Common Stock,,,USA
GIGM,GigaMedia Limited Ordinary Shares,,,USA
LEXX,Lexaria Bioscience Corp. Common Stock,,,USA
BRN,"Barnwell Industries, Inc. Common Stock",,,USA
EDTK,Skillful Craftsman Education Technology Limited Ordinary Share,,,USA
SWVL,Swvl Holdings Corp Class A Common Shares,,,USA
TGHL,The GrowHub Limited Class A Ordinary Shares,,,USA
SCNX,"Scienture Holdings, Inc. Common Stock",,,USA
DOGZ,Dogness (International) Corporation Class A Common Stock,,,USA
WIMI,WiMi Hologram Cloud Inc. Class B Ordinary Shares,,,USA
AIFA,"All In FutureTech Alliance, Inc. Common Stock",,,USA
CCHH,CCH Holdings Ltd Class A Ordinary Shares,,,USA
ECXWW,ECARX Holdings Inc. Warrants,,,USA
CISO,"CISO Global, Inc. Common Stock",,,USA
INAB,"IN8bio, Inc. Common Stock",,,USA
RDZNW,"Roadzen, Inc. Warrants",,,USA
TPET,Trio Petroleum Corp. Common Stock,,,USA
LGPS,LogProstyle Inc. Common Shares,,,USA
DLPN,"Dolphin Entertainment, Inc. Common Stock",,,USA
PDC,Perpetuals.com Ltd American Depositary Shares,,,USA
WHLRP,"Wheeler Real Estate Investment Trust, Inc. Class B Preferred Stock",,,USA
JZ,Jianzhi Education Technology Group Company Limited American Depositary Shs,,,USA
REBN,"Reborn Coffee, Inc. Common Stock",,,USA
TDTH,Trident Digital Tech Holdings Ltd American Depository Shares,,,USA
CDTG,CDT Environmental Technology Investment Holdings Limited ordinary shares,,,USA
AIRI,Air Industries Group Common Stock,,,USA
BLRX,BioLineRx Ltd. American Depositary Shares,,,USA
OSRH,"OSR Holdings, Inc. Common Stock",,,USA
HUIZ,Huize Holding Limited American Depositary Shares,,,USA
SDAWW,SunCar Technology Group Inc. Warrant,,,USA
OABIW,"OmniAb, Inc. Warrant",,,USA
COCP,"Cocrystal Pharma, Inc. Common Stock",,,USA
BNGO,"Bionano Genomics, Inc. Common Stock",,,USA
ONEG,OneConstruction Group Limited Ordinary Shares,,,USA
EVLVW,"Evolv Technologies Holdings, Inc. Warrant",,,USA
IHT,InnSuites Hospitality Trust Shares of Beneficial Interest,,,USA
BFRG,"Bullfrog AI Holdings, Inc. Common Stock",,,USA
BLIN,"Bridgeline Digital, Inc. Common Stock",,,USA
BNKK,"Bonk, Inc. Common Stock",,,USA
LCFYW,Locafy Limited Warrant,,,USA
GDTC,CytoMed Therapeutics Limited Ordinary Shares,,,USA
TRIB,Trinity Biotech plc American Depositary Shares,,,USA
GYRO,"Gyrodyne, LLC Common Stock",,,USA
GTIM,Good Times Restaurants Inc. Common Stock,,,USA
OBAI,"Our Bond, Inc. Common Stock",,,USA
MMA,Mixed Martial Arts Group Limited Ordinary Shares,,,USA
EBON,Ebang International Holdings Inc. Class A Ordinary Shares,,,USA
SURG,"SurgePays, Inc. Common Stock",,,USA
ARTW,"Art's-Way Manufacturing Co., Inc. Common Stock",,,USA
GTEC,Greenland Technologies Holding Corporation Class A Ordinary Shares,,,USA
LHAI,Linkhome Holdings Inc. Common stock,,,USA
JSPR,"Jasper Therapeutics, Inc. Common Stock",,,USA
POM,POMDOCTOR LIMITED American Depositary Shares,,,USA
HUDI,"Huadi International Group Co., Ltd. Ordinary Shares",,,USA
CALC,"CalciMedica, Inc. Common Stock",,,USA
MBRX,"Moleculin Biotech, Inc. Common Stock",,,USA
WVVI,"Willamette Valley Vineyards, Inc. Common Stock",,,USA
NAMMW,Namib Minerals Warrants,,,USA
REE,REE Automotive Ltd. Class A Ordinary Shares,,,USA
MTEK,Maris-Tech Ltd. Ordinary Shares,,,USA
CVKD,"Cadrenal Therapeutics, Inc. Common Stock",,,USA
CYCN,"Cyclerion Therapeutics, Inc. Common Stock",,,USA
PHIO,Phio Pharmaceuticals Corp. Common Stock,,,USA
LNAI,Lunai Bioworks Inc. Common Stock,,,USA
IDAI,T Stamp Inc. Class A Common Stock,,,USA
CHOW,ChowChow Cloud International Holdings Limited Ordinary Shares,,,USA
AQMS,"Aqua Metals, Inc. Common Stock",,,USA
HUMAW,"Humacyte, Inc. Warrant",,,USA
OIOWW,OIO Group Warrants,,,USA
CVM,Cel-Sci Corporation Common Stock,,,USA
BIVI,BioVie Inc. Class A Common Stock,,,USA
TOVX,"Theriva Biologics, Inc. Common Stock",,,USA
CMMB,Chemomab Therapeutics Ltd. American Depositary Share,,,USA
NVNI,Nvni Group Limited Ordinary Shares,,,USA
STFS,Star Fashion Culture Holdings Limited Class A Ordinary Shares,,,USA
BFRI,Biofrontera Inc. Common Stock,,,USA
MTVA,MetaVia Inc. Common Stock,,,USA
XELB,"Xcel Brands, Inc. Common Stock",,,USA
SEED,Origin Agritech Limited Common Stock,,,USA
ICU,SeaStar Medical Holding Corporation Common Stock,,,USA
NWGL,CL Workshop Group Limited American Depositary Shares,,,USA
GAUZ,Gauzy Ltd. Ordinary Shares,,,USA
ZSTK,ZeroStack Corp. Common Stock,,,USA
AIRE,reAlpha Tech Corp. Common Stock,,,USA
WVVIP,"Willamette Valley Vineyards, Inc. Series A Redeemable Preferred Stock",,,USA
DKI,DarkIris Inc. Class A Ordinary Shares,,,USA
PETZ,"TDH Holdings, Inc. Common Shares",,,USA
BGI,Birks Group Inc. Common Stock,,,USA
TAOP,Taoping Inc. Ordinary Shares ,,,USA
EDUC,Educational Development Corporation Common Stock,,,USA
AMOD,"Alpha Modus Holdings, Inc. Class A Common Stock",,,USA
LIQT,"LiqTech International, Inc. Common Stock",,,USA
JTAI,Jet.AI Inc. Common Stock,,,USA
SAGT,SAGTEC GLOBAL LIMITED Class A Ordinary shares,,,USA
HKPD,"Cellyan Biotechnology Co., Ltd Class A Ordinary Shares",,,USA
XWEL,"XWELL, Inc. Common Stock",,,USA
ATER,"Aterian, Inc. Common Stock",,,USA
KPRX,"Kiora Pharmaceuticals, Inc.  Common Stock",,,USA
CABR,"Caring Brands, Inc. Common Stock",,,USA
FGI,FGI Industries Ltd. Ordinary Shares,,,USA
NXTC,"NextCure, Inc. Common Stock",,,USA
QTEXW,QTREX Quantum Ltd. Warrant,,,USA
POAS,Phaos Technology Holdings (Cayman) Limited Class A Ordinary Shares,,,USA
FMSTW,Foremost Clean Energy Ltd. Warrant,,,USA
GRRRW,Gorilla Technology Group Inc. Warrant,,,USA
RIME,"Algorhythm Holdings, Inc. Common Stock",,,USA
SLAI,SOLAI Limited American Depositary Shares (each representing one hundred (100) Class A Ordinary Shares),,,USA
LOBO,LOBO TECHNOLOGIES LTD. Class A Ordinary Shares,,,USA
TLIH,Ten-League International Holdings Limited Ordinary Shares,,,USA
NXL,"Nexalin Technology, Inc. Common Stock",,,USA
OFAL,OFA Group Class A Ordinary Shares,,,USA
HCWB,HCW Biologics Inc. Common Stock,,,USA
NTRBW,Nutriband Inc. Warrant,,,USA
MSAI,"MultiSensor AI Holdings, Inc. Common Stock",,,USA
MTEX,"Mannatech, Incorporated Common Stock",,,USA
ADXN,Addex Therapeutics Ltd American Depositary Shares,,,USA
FTRK,FAST TRACK GROUP Ordinary shares,,,USA
INTS,"Intensity Therapeutics, Inc. Common stock",,,USA
WGRX,"Wellgistics Health, Inc. Common Stock",,,USA
BANL,CBL International Limited Class B Ordinary Shares,,,USA
DFDVW,DeFi Development Corp. Warrant,,,USA
PMNT,Perfect Moment Ltd. Common Stock,,,USA
BRTX,"BioRestorative Therapies, Inc. Common Stock (NV)",,,USA
MBAI,Check-Cap Ltd. Ordinary Share,,,USA
ELOG,Eastern International Ltd. Ordinary Shares,,,USA
IOTR,iOThree Limited Ordinary Shares,,,USA
RVSN,Rail Vision Ltd. Ordinary Share,,,USA
BTCT,BTC Digital Ltd. Ordinary Shares,,,USA
BCDA,"BioCardia, Inc. Common Stock",,,USA
HTOO,Fusion Fuel Green PLC Class A Ordinary Shares,,,USA
KXIN,Kaixin Holdings Ordinary Shares,,,USA
BON,Bon Natural Life Limited Class A Ordinary Shares,,,USA
GVH,Globavend Holdings Limited Ordinary Shares,,,USA
WFF,WF Holding Limited Ordinary Shares,,,USA
TDIC,Dreamland Limited Class A Ordinary Shares,,,USA
HDRNW,"Hadron Energy, Inc. Warrant",,,USA
CVR,Chicago Rivet & Machine Co. Common Stock,,,USA
INTJ,Intelligent Group Limited Class A Ordinary Shares ,,,USA
KAPA,"Kairos Pharma, Ltd. Common Stock",,,USA
AWX,Avalon Holdings Corporation Common Stock,,,USA
LHSW,Lianhe Sowell International Group Ltd Class A Ordinary Shares,,,USA
SOAR,"Volato Group, Inc. Class A Common Stock",,,USA
LZMH,LZ Technology Holdings Limited Class B Ordinary Shares,,,USA
FEBO,Fenbo Holdings Limited Class A Ordinary Shares,,,USA
GXAI,Gaxos.ai Inc. Common Stock,,,USA
SMX,SMX (Security Matters) Public Limited Company Ordinary Shares,,,USA
AIM,AIM ImmunoTech Inc. Common Stock,,,USA
RMSG,Real Messenger Corporation Ordinary Shares,,,USA
CSAI,"Cloudastructure, Inc. Class A Common Stock",,,USA
SKK,SKK Holdings Limited Class A Ordinary Shares,,,USA
SINT,"SiNtx Technologies, Inc. Common Stock",,,USA
VVOS,"Vivos Therapeutics, Inc. Common Stock",,,USA
MARPS,Marine Petroleum Trust Units of Beneficial Interest,,,USA
INEO,INNEOVA Holdings Limited Class A Ordinary Shares,,,USA
DAVEW,Dave Inc. Warrants,,,USA
APRE,"Aprea Therapeutics, Inc. Common stock",,,USA
SFHG,Samfine Creation Holdings Group Limited Class A Ordinary Share,,,USA
ERNA,Ernexa Therapeutics Inc. Common Stock,,,USA
ARBB,ARB IOT Group Limited Ordinary Shares,,,USA
CURX,Curanex Pharmaceuticals Inc Common Stock,,,USA
MRM,MEDIROM Healthcare Technologies Inc. American Depositary Share,,,USA
DTSS,Datasea Intelligent Technology Ltd. Class A Ordinary Shares,,,USA
YHGJ,Yunhong Green CTI Ltd. Common Stock,,,USA
GOVX,"GeoVax Labs, Inc. Common Stock",,,USA
JUNS,"Jupiter Neurosciences, Inc. Common Stock",,,USA
CGTL,Creative Global Technology Holdings Limited Class A Ordinary Shares,,,USA
AIDX,"20/20 Biolabs, Inc. Common Stock",,,USA
RETO,"ReTo Eco-Solutions, Inc. Class A Shares",,,USA
BOLT,"Bolt Biotherapeutics, Inc. Common Stock",,,USA
AMS,American Shared Hospital Services Common Stock,,,USA
BMGL,Basel Medical Group Ltd Ordinary Shares,,,USA
SKYQ,Sky Quarry Inc. Common Stock,,,USA
RAY,Raytech Holding Limited Ordinary Shares,,,USA
JBDI,JBDI Holdings Limited Ordinary Shares,,,USA
CLRO,"ClearOne, Inc. Common Stock",,,USA
VRME,"VerifyMe, Inc. Common Stock",,,USA
RGNT,Regentis Biomaterials Ltd. Ordinary Shares,,,USA
APM,Aptorum Group Limited Class A Ordinary Shares,,,USA
GCDT,Green Circle Decarbonize Technology Limited Ordinary Shares,,,USA
ETS,Elite Express Holding Inc. Class A Common Stock,,,USA
CETY,"Clean Energy Technologies, Inc. Common Stock",,,USA
IMNN,"Imunon, Inc. Common Stock",,,USA
YYAI,AiRWA Inc. Common Stock,,,USA
NCL,Northann Corp. Common Stock,,,USA
AKAN,Akanda Corp. Common Shares,,,USA
SNES,"SenesTech, Inc. Common Stock",,,USA
DSY,Big Tree Cloud Holdings Limited Class A Ordinary Shares,,,USA
AMZE,"Amaze Holdings, Inc. Common Stock",,,USA
CYAB,"Cyabra, Inc. Common Stock",,,USA
ACON,"Aclarion, Inc. Common Stock",,,USA
CMCT,Creative Media & Community Trust Corporation Common stock,,,USA
QNRX,"Quoin Pharmaceuticals, Ltd. American Depositary Shares",,,USA
CLWT,Euro Tech Holdings Company Limited Common Stock,,,USA
WKSP,"Worksport, Ltd. Common Stock",,,USA
MSN,Emerson Radio Corporation Common Stock,,,USA
IMRN,Immuron Limited American Depositary Shares,,,USA
DFSC,DEFSEC Technologies Inc. Common Stock,,,USA
PHGE,BiomX Inc. COmmon Stock,,,USA
BIAF,"bioAffinity Technologies, Inc. Common Stock",,,USA
KITT,"Nauticus Robotics, Inc. Common stock",,,USA
SDOT,Sadot Group Inc. Common Stock,,,USA
NCNA,NuCana plc American Depositary Share,,,USA
WETO,Wetour Robotics Limited Ordinary Shares,,,USA
SNGX,"Soligenix, Inc. Common Stock",,,USA
TKLF,"Tokyo Lifestyle Co., Ltd. American Depositary Shares",,,USA
GLE,Global Engine Group Holding Limited Class A Ordinary Shares,,,USA
MYSE,"Myseum.AI, Inc. Common Stock",,,USA
CNEY,CN Energy Group Inc. Class A Ordinary Shares,,,USA
AMST,Amesite Inc. Common Stock,,,USA
SNBR,Sleep Number Corporation Common Stock,,,USA
VSEE,"VSee Health, Inc. Common Stock",,,USA
NCPL,Netcapital Inc. Common Stock,,,USA
PBM,Psyence Biomedical Ltd. Common Shares,,,USA
HWH,HWH International Inc. Common Stock,,,USA
CWD,CaliberCos Inc. Class A Common Stock,,,USA
HCWC,Healthy Choice Wellness Corp. Class A Common Stock,,,USA
AUUD,Auddia Inc. Common Stock,,,USA
SQFTP,"Presidio Property Trust, Inc. 9.375% Series D Cumulative Redeemable Perpetual Preferred Stock, $0.01 par value per share",,,USA
RSVRW,"Reservoir Media, Inc. Warrant",,,USA
YCBD,"cbdMD, Inc. Common Stock",,,USA
POLA,"Polar Power, Inc. Common Stock",,,USA
XBIO,"Xenetic Biosciences, Inc. Common Stock",,,USA
AIXI,XIAO-I Corporation American Depositary Shares,,,USA
CELZ,"Creative Medical Technology Holdings, Inc. Common Stock",,,USA
ASBP,"Aspire Biopharma Holdings, Inc. Common Stock",,,USA
HCAI,"Huachen AI Parking Management Technology Holding Co., Ltd. Class A Ordinary Shares",,,USA
PMCB,"PharmaCyte  Biotech, Inc. Common Stock",,,USA
MIMI,Mint Incorporation Limited Class A Ordinary Shares,,,USA
VS,Versus Systems Inc. Common Stock,,,USA
ILLRW,Triller Group Inc. Warrant,,,USA
CYCU,"Cycurion, Inc. Common Stock",,,USA
CNSP,"CNS Pharmaceuticals, Inc. Common Stock",,,USA
ORGN,"Origin Materials, Inc. Common Stock",,,USA
GLXG,Galaxy Payroll Group Limited Class A Ordinary Shares,,,USA
ELAB,PMGC Holdings Inc. Common Stock,,,USA
WALDW,Waldencast plc Warrant ,,,USA
DTST,Data Storage Corporation Common Stock,,,USA
SYNX,Silynxcom Ltd. Ordinary Shares,,,USA
ACXP,"Acurx Pharmaceuticals, Inc. Common Stock",,,USA
OLOX,Olenox Industries Inc. Common Stock,,,USA
PCSA,"Processa Pharmaceuticals, Inc. Common Stock",,,USA
OXBR,Oxbridge Re Holdings Limited Ordinary Shares,,,USA
IFBD,"Infobird Co., Ltd Ordinary Shares",,,USA
YJ,Yunji Inc. American Depository Shares,,,USA
SCKT,"Socket Mobile, Inc. Common Stock",,,USA
JCSE,JE Cleantech Holdings Limited Ordinary Shares,,,USA
GNPX,"Genprex, Inc. Common Stock",,,USA
GITS,"Global Interactive Technologies, Inc. Common Stock",,,USA
CREG,Smart Powerr Corp. Common Stock,,,USA
TGL,Treasure Global Inc. Common Stock,,,USA
JCTC,Jewett-Cameron Trading Company Common Shares,,,USA
WAFU,Wah Fu Education Group Limited Ordinary Shares,,,USA
CUPR,Cuprina Holdings (Cayman) Limited Class A Ordinary Shares,,,USA
ORKT,Orangekloud Technology Inc. Class A Ordinary Shares,,,USA
BTBD,"BT Brands, Inc. Common Stock",,,USA
GDC,GD Culture Group Limited Common Stock,,,USA
FMFC,Kandal M Venture Limited Class A Ordinary Shares,,,USA
SOS,SOS Limited Class A Ordinary Shares,,,USA
DLXY,Delixy Holdings Limited Class A Ordinary Shares,,,USA
AMBO,Ambow Education Holding Ltd. American Depository Shares (each representing twenty (20) Class A Ordinary Shares),,,USA
ENVB,"Enveric Biosciences, Inc. Common Stock",,,USA
ILAG,Intelligent Living Application Group Inc. Ordinary Shares,,,USA
NVNO,enVVeno Medical Corporation Common Stock,,,USA
TNON,"Tenon Medical, Inc. Common Stock",,,USA
MTR,Mesa Royalty Trust Common Stock,,,USA
EDHL,Everbright Digital Holding Limited Ordinary Shares,,,USA
GURE,"Gulf Resources, Inc. (NV) Common Stock",,,USA
IQST,iQSTEL Inc. Common Stock,,,USA
SMTK,"SmartKem, Inc. Common Stock",,,USA
LCFY,Locafy Limited Ordinary Share,,,USA
FBGL,FBS Global Limited Ordinary Shares,,,USA
UZX,Linkage Global Inc. Class A Ordinary Shares,,,USA
LIMN,"Liminatus Pharma, Inc. Class A Common Stock",,,USA
CANF,"Can-Fite Biopharma Ltd American Depositary Shares, each representing two (2) Ordinary Shares",,,USA
IPDN,"Professional Diversity Network, Inc. Common Stock",,,USA
OLB,"The OLB Group, Inc. Common Stock",,,USA
MSGY,Masonglory Limited Ordinary Shares,,,USA
NRSNW,NeuroSense Therapeutics Ltd. Warrant,,,USA
MSS,Maison Solutions Inc. Class A Common Stock,,,USA
MGRX,"Mangoceuticals, Inc. Common Stock",,,USA
SONM,"DNA X, Inc. Common Stock",,,USA
CENN,Cenntro Inc. Common Stock,,,USA
DUKRW,DUKE Robotics Corp. Warrant,,,USA
BGLWW,Blue Gold Limited Warrant,,,USA
BMRA,"Biomerica, Inc. Common Stock",,,USA
SPRC,SciSparc Ltd. Ordinary Shares,,,USA
JYD,Jayud Global Logistics Limited Class A Ordinary Shares,,,USA
CRE,Cre8 Enterprise Limited Class A Ordinary Shares,,,USA
FTFT,Future FinTech Group Inc. Common Stock,,,USA
ABTS,Abits Group Inc Ordinary Shares,,,USA
WCT,Wellchange Holdings Company Limited Class A Ordinary shares,,,USA
ALP,Alpha Compute Corp Common Stock,,,USA
HSCS,HeartSciences Inc. Common Stock,,,USA
EVGN,Evogene Ltd Ordinary Shares,,,USA
APVO,Aptevo Therapeutics Inc. Common Stock,,,USA
BYAH,"Park Ha Biological Technology Co., Ltd. Class A Ordinary Shares",,,USA
CLIK,Click Holdings Limited Class A Ordinary Share,,,USA
CDIO,Cardio Diagnostics Holdings Inc. Common stock,,,USA
WAI,Top KingWin Ltd Class A Ordinary Shares,,,USA
SNTG,Sentage Holdings Inc. Class A Ordinary Shares,,,USA
MWG,Multi Ways Holdings Limited Class A Ordinary Shares,,,USA
MEGL,Magic Empire Global Limited Class A Ordinary Shares,,,USA
DXST,Decent Holding Inc Class A Ordinary Shares,,,USA
AGRZ,Agroz Inc. Ordinary Shares,,,USA
TANH,Tantech Holdings Ltd. Class A Common Shares,,,USA
CETX,Cemtrex Inc. Common Stock,,,USA
LUCY,"Innovative Eyewear, Inc. Common Stock",,,USA
XPON,Expion360 Inc. Common Stock,,,USA
MITQ,"Moving iMage Technologies, Inc. Common Stock",,,USA
WLDS,Wearable Devices Ltd. Ordinary Share,,,USA
NDRA,ENDRA Life Sciences Inc. Common Stock,,,USA
HXHX,Haoxin Holdings Limited Class A Ordinary Shares,,,USA
ADVB,Advanced Biomed Inc. Common Stock,,,USA
INBS,Intelligent Bio Solutions Inc. Common Stock,,,USA
MLEC,Moolec Science SA Ordinary Shares,,,USA
XHLD,"TEN Holdings, Inc. Common Stock",,,USA
SSM,Sono Group N.V. Ordinary Shares,,,USA
INHD,Inno Holdings Inc. Common Stock,,,USA
BCAB,"BioAtla, Inc. Common Stock",,,USA
FBLG,"FibroBiologics, Inc. Common Stock",,,USA
CHNR,"China Natural Resources, Inc. Common Stock",,,USA
EXYNW,"Exyn Technologies, Inc. Warrant",,,USA
XAIR,"Beyond Air, Inc. Common Stock",,,USA
TOPS,"TOP Ships, Inc. Common Stock",,,USA
CLGN,CollPlant Biotechnologies Ltd Ordinary Shares,,,USA
ARBEW,Arbe Robotics Ltd. Warrant,,,USA
GP,GreenPower Motor Company Inc. Common Shares,,,USA
MTEN,Mingteng International Corporation Inc. Class A Ordinary Shares,,,USA
TWAV,"TaoWeave, Inc. Common Stock",,,USA
RNAZ,"TransCode Therapeutics, Inc. Common Stock",,,USA
BGLC,BioNexus Gene Lab Corp Common stock,,,USA
FLDDW,"Fold Holdings, Inc. Warrant",,,USA
ASTLW,Algoma Steel Group Inc. Warrant,,,USA
DFNSW,T3 Defense Inc. Warrants,,,USA
GELS,Gelteq Limited Ordinary Shares,,,USA
BJDX,"Bluejay Diagnostics, Inc. Common Stock",,,USA
HTCR,"Heartcore Enterprises, Inc. Common Stock",,,USA
SBFM,Sunshine Biopharma Inc. Common Stock,,,USA
AIHS,Senmiao Technology Limited Common Stock,,,USA
EEIQ,EpicQuest Education Group International Limited Common Stock,,,USA
WBUY,WEBUY GLOBAL LTD. Class A Ordinary Shares,,,USA
JWEL,Jowell Global Ltd. Ordinary Shares,,,USA
NXGL,"NexGel, Inc Common Stock",,,USA
CTNT,Cheetah Net Supply Chain Service Inc Class A Common Stock,,,USA
BCTXL,BriaCell Therapeutics Corp. Warrant expiring 2031,,,USA
XTLB,XTL Biopharmaceuticals Ltd. American Depositary Shares,,,USA
RDHL,Redhill Biopharma Ltd. American Depositary Shares,,,USA
ADIL,"Adial Pharmaceuticals, Inc Common Stock",,,USA
FEED,"ENvue Medical, Inc. Common Stock",,,USA
CXAIW,CXApp Inc. Warrant,,,USA
ESLAW,"Estrella Immunopharma, Inc. Warrant",,,USA
GMM,Global Mofy AI Limited Class A Ordinary Shares,,,USA
MTNB,"Matinas Biopharma Holdings, Inc. Common Stock",,,USA
ITOC,iTonic Holdings Ltd Class A Ordinary Shares,,,USA
SLE,"Super League Enterprise, Inc. Common Stock",,,USA
PGYWW,Pagaya Technologies Ltd. Warrants,,,USA
CHR,"Cheer Holding, Inc. Class A Ordinary Share",,,USA
AQB,"AquaBounty Technologies, Inc. Common Stock",,,USA
IZM,ICZOOM Group Inc. Class A Ordinary Shares,,,USA
AZI,Autozi Internet Technology (Global) Ltd. Class A Ordinary Shares,,,USA
SUNE,"SUNation Energy, Inc. Common Stock",,,USA
DRMA,"Dermata Therapeutics, Inc. Common Stock",,,USA
TOIIW,"The Oncology Institute, Inc. Warrant",,,USA
ARTL,"Artelo Biosciences, Inc. Common Stock",,,USA
YDKG,Yueda Digital Holding Class A Ordinary Share,,,USA
EJH,E-Home Household Service Holdings Limited Ordinary Shares,,,USA
HCTI,"Healthcare Triangle, Inc. Common Stock",,,USA
FRSX,Foresight Autonomous Holdings Ltd. American Depositary Shares,,,USA
NCT,Intercont (Cayman) Limited Class A Ordinary shares,,,USA
PULM,"Pulmatrix, Inc. Common Stock",,,USA
GLMD,Galmed Pharmaceuticals Ltd. Ordinary Shares,,,USA
COCHW,"Envoy Medical, Inc Warrant",,,USA
NWTG,"Newton Golf Company, Inc. Common Stock",,,USA
LABT,Lakewood-Amedex Biotherapeutics Inc. Common Stock,,,USA
CJMB,Callan JMB Inc. Common Stock,,,USA
DSS,"DSS, Inc. Common Stock",,,USA
RTB,"RTB Digital, Inc. Common Stock",,,USA
MBIO,"Mustang Bio, Inc. Common Stock",,,USA
AMIX,"Autonomix Medical, Inc. Common Stock",,,USA
CHSN,Chanson International Holding Class A Ordinary Shares,,,USA
HYFM,"Hydrofarm Holdings Group, Inc. Common Stock",,,USA
RENX,RenX Enterprises Corp. Common Stock,,,USA
ISPC,iSpecimen Inc. Common Stock,,,USA
MKZR,"MacKenzie Realty Capital, Inc. Common Stock",,,USA
BNZI,"Banzai International, Inc. Class A Common Stock",,,USA
ASPSW,Altisource Portfolio Solutions S.A. Net Settle Stakeholder Warrants,,,USA
EVGOW,EVgo Inc. Warrants,,,USA
ENSC,"Ensysce Biosciences, Inc. Common Stock",,,USA
INM,InMed Pharmaceuticals Inc. Common Shares,,,USA
ALZN,"Alzamend Neuro, Inc. Common Stock",,,USA
GSUN,Golden Sun Technology Group Limited Class A Ordinary Shares,,,USA
BEATW,"Heartbeam, Inc. Warrant",,,USA
ALBT,Avalon GloboCare Corp. Common Stock,,,USA
UGRO,"urban-gro, Inc. Common Stock",,,USA
CAPS,Capstone Holding Corp. Common Stock,,,USA
WNW,Meiwu Technology Company Limited Ordinary Shares,,,USA
VSTD,Vestand Inc. Class A Common Stock,,,USA
GCTK,"GlucoTrack, Inc. Common Stock",,,USA
MASK,3 E Network Technology Group Ltd Class A Ordinary Shares,,,USA
CDT,CDT Equity Inc. Common Stock,,,USA
REVB,"Revelation Biosciences, Inc. Common Stock",,,USA
CIIT,"Tianci International, Inc. Common Stock",,,USA
AGMH,AGM Group Holdings Inc. Class A Ordinary Shares,,,USA
LMFA,"LM Funding America, Inc. Common Stock",,,USA
SXTP,"60 Degrees Pharmaceuticals, Inc. Common Stock",,,USA
MVSTW,"Microvast Holdings, Inc. Warrants",,,USA
VSA,VisionSys AI Inc. American Depositary Shares,,,USA
GBR,"New Concept Energy, Inc Common Stock",,,USA
MNDR,Mobile-health Network Solutions Class A Ordinary Shares,,,USA
LGHL,Lion Group Holding Ltd. American Depositary Share,,,USA
GCLWW,GCL Global Holdings Ltd Warrants,,,USA
KTWOR,K2 Capital Acquisition Corporation Rights,,,USA
ATXG,Addentax Group Corp. Common Stock,,,USA
PPCB,"Propanc Biopharma, Inc. Common Stock",,,USA
BAOS,Baosheng Media Group Holdings Limited Ordinary shares,,,USA
GRI,"GRI Bio, Inc. Common Stock",,,USA
UBXG,U-BX Technology Ltd. Class A Ordinary Shares,,,USA
SVRE,SaverOne 2014 Ltd. American Depositary Shares,,,USA
MEHA,"Functional Brands, Inc. Common Stock",,,USA
IVDA,"Iveda Solutions, Inc. Common Stock",,,USA
BNBX,BNB Plus Corp. Common Stock,,,USA
NXTS,Nexentis Technologies Inc. Common Stock,,,USA
DAIC,"CID HoldCo, Inc. Common Stock",,,USA
SBEV,"Splash Beverage Group, Inc. (NV) Common Stock",,,USA
ICON,Icon Energy Corp. Common stock,,,USA
VIVK,"Vivakor, Inc. Common Stock",,,USA
ATPC,Agape ATP Corporation Common Stock,,,USA
DCOY,Decoy Therapeutics Inc. Common Stock,,,USA
NVVE,Nuvve Holding Corp. Common Stock,,,USA
AZTR,Azitra Inc Common Stock,,,USA
OCG,Oriental Culture Holding LTD Ordinary Shares,,,USA
VIVS,"VivoSim Labs, Inc. Common Stock",,,USA
PMAX,Powell Max Limited Class A Ordinary Shares,,,USA
BQ,Boqii Holding Limited Class A Ordinary Shares,,,USA
EZGO,EZGO Technologies Ltd. Ordinary Shares,,,USA
PW,Power REIT (MD) Common Stock,,,USA
XRTX,XORTX Therapeutics Inc. Common Shares,,,USA
SNYR,Synergy CHC Corp. Common Stock,,,USA
BETRW,Better Home & Finance Holding Company Warrant,,,USA
BNCWZ,CEA Industries Inc. Warrant,,,USA
CRGOW,Freightos Limited Warrants,,,USA
RAYA,Erayak Power Solution Group Inc. Class A Ordinary Shares,,,USA
CLDI,"Calidi Biotherapeutics, Inc. Common Stock",,,USA
HIHO,Highway Holdings Limited Common Stock,,,USA
MI,NFT Limited Class A Ordinary Share,,,USA
SQFT,"Presidio Property Trust, Inc. Class A Common Stock",,,USA
EHGO,Eshallgo Inc. Class A Ordinary Shares,,,USA
SCAGW,Scage Future Warrants,,,USA
ONFO,Onfolio Holdings Inc. Common Stock,,,USA
BLUWW,Blue Water Acquisition Corp. III Warrant.,,,USA
VEEE,Twin Vee PowerCats Co. Common Stock,,,USA
RPGL,Republic Power Group Limited Class A Ordinary Shares,,,USA
ITP,"IT Tech Packaging, Inc. Common Stock",,,USA
SOBR,"SOBR Safe, Inc. Common Stock",,,USA
BOXL,Boxlight Corporation Class A Common Stock,,,USA
FLYE,"Fly-E Group, Inc. Common Stock",,,USA
FFAIW,Faraday Future Intelligent Electric Inc. Warrant,,,USA
NOTV,"Inotiv, Inc. Common Stock",,,USA
CMND,Clearmind Medicine Inc. Common Shares,,,USA
IVF,"INVO Fertility, Inc. Common Stock",,,USA
HKIT,Hitek Global Inc. Class A Ordinary Share,,,USA
BNRG,Brenmiller Energy Ltd Ordinary Shares,,,USA
JEM,707 Cayman Holdings Limited Ordinary Shares,,,USA
SGLY,Singularity Future Technology Ltd. Common Stock,,,USA
GWAV,"Greenwave Technology Solutions, Inc. Common Stock",,,USA
RBNE,Robin Energy Ltd. Common Stock,,,USA
SHPH,"Shuttle Pharmaceuticals Holdings, Inc. Common Stock",,,USA
PPBT,Purple Biotech Ltd. American Depositary Shares,,,USA
AEMD,"Aethlon Medical, Inc. Common Stock",,,USA
BFRGW,"Bullfrog AI Holdings, Inc. Warrants",,,USA
NEXR,Nexera Technologies Ltd Ordinary Shares,,,USA
MRNOW,Murano Global Investments PLC Warrants,,,USA
VTAK,"Catheter Precision, Inc. Common Stock",,,USA
IPST,"IP Strategy Holdings, Inc. Common Stock",,,USA
OGEN,Oragenics Inc. Common Stock,,,USA
DXF,"Eason Technology Limited American Depositary Shares (each representing sixty-thousand (60,000) Ordinary Shares)",,,USA
BTOG,Bit Origin Limited Class A Ordinary Shares,,,USA
ORIS,Oriental Rise Holdings Limited Ordinary Shares,,,USA
NCRA,"Nocera, Inc. Common Stock",,,USA
CNET,ZW Data Action Technologies Inc. Common Stock,,,USA
MYSZ,"My Size, Inc. Common Stock",,,USA
QSIAW,Quantum-Si Incorporated Warrant,,,USA
ZEOWW,Zeo Energy Corporation Warrants,,,USA
LXEH,"Lixiang Education Holding Co., Ltd. American Depositary Shares",,,USA
BCGWW,"Binah Capital Group, Inc. Warrants",,,USA
BIVIW,BioVie Inc. Warrant,,,USA
FRGT,"Freight Technologies, Inc. Ordinary Shares",,,USA
LNKS,Linkers Industries Limited Class A Ordinary Shares,,,USA
MTEKW,Maris-Tech Ltd. Warrants,,,USA
DRCT,"Direct Digital Holdings, Inc. Class A Common Stock",,,USA
FUSEW,Fusemachines Inc. Warrants,,,USA
VBIO,"Valion Bio, Inc. Common Stock",,,USA
MGN,Megan Holdings Limited Class A Ordinary Shares,,,USA
ZNB,Zeta Network Group Class A Ordinary Shares,,,USA
XXII,"22nd Century Group, Inc. Common Stock",,,USA
BBLG,Bone Biologics Corp Common Stock,,,USA
BDRX,Biodexa Pharmaceuticals plc American Depositary Shs,,,USA
HAO,Haoxi Health Technology Limited Class A Ordinary Shares,,,USA
SNOA,"Sonoma Pharmaceuticals, Inc. Common Stock",,,USA
VSME,VS Media Holdings Limited Class A Ordinary Shares,,,USA
FGL,Founder Group Limited Class A Ordinary Shares,,,USA
AMODW,"Alpha Modus Holdings, Inc. Warrant",,,USA
SHFS,"SHF Holdings, Inc. Class A Common Stock",,,USA
UPC,Universe Pharmaceuticals Inc. Class A Ordinary Shares,,,USA
KIDZ,KIDZ AI Inc. Class B Common Stock,,,USA
IPW,iPower Inc. Common Stock,,,USA
PDYNW,Palladyne AI Corp Warrants,,,USA
UK,Ucommune International Ltd Class A Ordinary Shares,,,USA
RKDA,"Arcadia Biosciences, Inc. Common Stock",,,USA
MNYWW,MoneyHero Limited Warrants,,,USA
EZRA,"Reliance Global Group, Inc. Common Stock",,,USA
SLXN,Silexion Therapeutics Corp Ordinary Shares,,,USA
BDMDW,Baird Medical Investment Holdings Ltd Warrant,,,USA
HOLOW,MicroCloud Hologram Inc. Warrant,,,USA
BZFDW,"BuzzFeed, Inc. Warrant",,,USA
OSRHW,"OSR Holdings, Inc. Warrant",,,USA
BIYA,Baiya International Group Inc. Ordinary Shares,,,USA
RMCOW,Royalty Management Holding Corporation Warrant,,,USA
ASPSZ,Altisource Portfolio Solutions S.A. Cash Exercise Stakeholder Warrants,,,USA
IBG,Innovation Beverage Group Limited Ordinary Shares,,,USA
STKH,Steakholder Foods Ltd. American Depositary Shares,,,USA
VSEEW,"VSee Health, Inc. Warrant",,,USA
GNLN,"Greenlane Holdings, Inc. Class A Common Stock",,,USA
CCTG,CCSC Technology International Holdings Limited Class A Ordinary Shares,,,USA
TRUG,"TruGolf Holdings, Inc. Class A Common Stock",,,USA
RNWWW,ReNew Energy Global plc Warrant,,,USA
ONMDW,OneMedNet Corp Warrant,,,USA
GIBOW,GIBO Holdings Limited Warrants,,,USA
TRNR,Interactive Strength Inc. Common Stock,,,USA
JAGX,"Jaguar Health, Inc. Common Stock",,,USA
KWMWW,"K Wave Media, Ltd. Warrant",,,USA
IMCC,IM Cannabis Corp. Common Shares,,,USA
CCGWW,Cheche Group Inc. Warrant,,,USA
TNMG,TNL Mediagene Ordinary Shares,,,USA
IMTE,Integrated Media Technology Limited Ordinary Shares,,,USA
RUBI,Rubico Inc. Common Stock,,,USA
DEVS,DevvStream Corp. Common Stock,,,USA
SCNI,Scinai Immunotherapeutics Ltd. American Depositary Shares,,,USA
MOBXW,"Mobix Labs, Inc Warrants",,,USA
JZXN,"Jiuzi Holdings, Inc. Ordinary Shares",,,USA
TBLAW,Taboola.com Ltd. Warrant,,,USA
RAINW,"Rain Enhancement Technologies Holdco, Inc. Warrants",,,USA
FCUV,Focus Universal Inc. Common Stock,,,USA
ARQQW,Arqit Quantum Inc. Warrants,,,USA
PRFX,PRF Technologies Ltd. Ordinary Shares,,,USA
WHLR,"Wheeler Real Estate Investment Trust, Inc. Common Stock",,,USA
HPAIW,Helport AI Limited Warrants,,,USA
GFAIW,"Guardforce AI Co., Limited Warrant",,,USA
RDGT,"Ridgetech, Inc. Ordinary Shares",,,USA
VRAX,Virax Biolabs Group Limited Ordinary Shares,,,USA
WSTNR,Westin Acquisition Corp Right,,,USA
SKYAW,"SkyAI, Inc. Warrant",,,USA
GIPR,Generation Income Properties Inc. Common Stock,,,USA
PFSA,"Profusa, Inc. Common Stock",,,USA
GV,Visionary Holdings Inc. Common Shares,,,USA
SDSTW,Stardust Power Inc. Warrant,,,USA
LBGJ,Li Bang International Corporation Inc. Class A Ordinary Shares,,,USA
BTTC,Black Titan Corporation Ordinary Shares,,,USA
LIDRW,"AEye, Inc. Warrant",,,USA
ELPW,Elong Power Holding Limited Class A Ordinary Shares,,,USA
ONCO,"Onconetix, Inc. Common Stock",,,USA
SCLXW,Scilex Holding Company Warrant,,,USA
KUST,"Kustom Entertainment, Inc. Common Stock",,,USA
CISS,C3is Inc. Common Stock,,,USA
EDBL,Edible Garden AG Incorporated Common Stock,,,USA
VMAR,Vision Marine Technologies Inc. Common Shares,,,USA
NUWE,"Nuwellis, Inc. Common Stock",,,USA
FOXXW,Foxx Development Holdings Inc. Warrant,,,USA
SABSW,"SAB Biotherapeutics, Inc. Warrant",,,USA
VGASW,"Verde Clean Fuels, Inc. Warrant",,,USA
BRLSW,Borealis Foods Inc. Warrant,,,USA
AIIOW,Robo.ai Inc. Warrant,,,USA
SUGP,SU Group Holdings Limited Class A Ordinary Shares,,,USA
AIMDW,"Ainos, Inc. Warrants",,,USA
YYGH,YY Group Holding Limited Class A Ordinary Shares,,,USA
AERTW,"Aeries Technology, Inc. Warrant",,,USA
GMEX,GMEX ROBOTICS CORPORATION Class A Ordinary Shares,,,USA
ABLVW,Able View Global Inc. Warrant,,,USA
BIAFW,"bioAffinity Technologies, Inc. Warrant",,,USA
BNAIW,Brand Engagement Network Inc. Warrant,,,USA
RCKTW,"Rocket Pharmaceuticals, Inc. Warrant",,,USA
XBPEW,"XBP Europe Holdings, Inc. Warrant",,,USA
OXBRW,Oxbridge Re Holdings Limited Warrant expiring 3/26/2029,,,USA
MNTSW,Momentus Inc. Warrant,,,USA
SWAGW,"Stran & Company, Inc. Warrant",,,USA
BCTXZ,BriaCell Therapeutics Corp. Warrant expiring 2030,,,USA
PAVS,Paranovus Entertainment Technology Ltd. Class A Ordinary Shares,,,USA
COOTW,Australian Oilseeds Holdings Limited Warrant,,,USA
TALKW,"Talkspace, Inc. Warrant",,,USA
DFLIW,Dragonfly Energy Holdings Corp. Warrant,,,USA
BTBDW,"BT Brands, Inc. Warrant",,,USA
WGSWW,GeneDx Holdings Corp. Warrant,,,USA
JSPRW,"Japer Therapeutics, Inc. Warrants",,,USA
ONFOW,Onfolio Holdings Inc. Warrant,,,USA
NIVF,NewGenIvf Group Limited Class A Ordinary Shares,,,USA
BFRIW,Biofrontera Inc. Warrants,,,USA
RMSGW,Real Messenger Corporation Warrants,,,USA
EDBLW,Edible Garden AG Incorporated Warrant,,,USA
NXGLW,"NexGel, Inc Warrant",,,USA
LUCYW,"Innovative Eyewear, Inc. Series A Warrants 8/16/27",,,USA
NVNIW,Nvni Group Limited Warrants,,,USA
CINGW,Cingulate Inc. Warrants,,,USA
IVDAW,"Iveda Solutions, Inc. Warrant",,,USA
NCPLW,Netcapital Inc. Warrants,,,USA
PRENW,Prenetics Global Limited Warrant,,,USA
HUBC,Hub Cyber Security Ltd. Ordinary Shares,,,USA
ZOOZW,ZOOZ Strategy Ltd. Warrant,,,USA
LNZAW,"LanzaTech Global, Inc. Warrant",,,USA
HSCSW,HeartSciences Inc. Warrant,,,USA
MYSEW,"Myseum.AI, Inc. Series A Warrant",,,USA
SRZNW,"Surrozen, Inc. Warrant",,,USA
CYCUW,"Cycurion, Inc. Warrant",,,USA
MYPSW,"PLAYSTUDIOS, Inc. Warrant",,,USA
WOK,WORK Medical Technology Group LTD Class A Ordinary Shares,,,USA
TVGNW,Tevogen Bio Holdings Inc. Warrant,,,USA
CELUW,Celularity Inc. Warrant,,,USA
GIPRW,Generation Income Properties Inc Warrant,,,USA
NIXXW,"Nixxy, Inc. Warrant",,,USA
LTRYW,Sports Entertainment Gaming Global Corporation Warrants,,,USA
SHFSW,"SHF Holdings, Inc. Warrants",,,USA
KTTAW,Pasithea Therapeutics Corp. Warrant,,,USA
ERNAW,Ernexa Therapeutics Inc. Warrants,,,USA
KITTW,"Nauticus Robotics, Inc. Warrant",,,USA
ZCMD,Zhongchao Inc. Class A Ordinary Shares,,,USA
BENFW,Beneficient Warrant,,,USA
GDEVW,GDEV Inc. Warrant,,,USA
PIIIW,P3 Health Partners Inc. Warrant,,,USA
KIDZW,KIDZ AI Inc. Warrants,,,USA
XOSWW,"Xos, Inc. Warrants",,,USA
SXTPW,"60 Degrees Pharmaceuticals, Inc. Warrant",,,USA
ANGHW,Anghami Inc. Warrants,,,USA
SBFMW,Sunshine Biopharma Inc. Warrant,,,USA
DSYWW,Big Tree Cloud Holdings Limited Warrants,,,USA
ICUCW,SeaStar Medical Holding Corporation Warrant,,,USA
PBMWW,Psyence Biomedical Ltd. Warrant,,,USA
SWVLW,Swvl Holdings Corp Warrant,,,USA
EUDAW,EUDA Health Holdings Limited Warrant,,,USA
CDIOW,Cardio Diagnostics Holdings Inc. Warrant,,,USA
TNONW,"Tenon Medical, Inc. Warrant",,,USA
ACONW,"Aclarion, Inc. Warrant",,,USA
ADTX,"Aditxt, Inc. Common Stock",,,USA
LRHC,La Rosa Holdings Corp. Common Stock,,,USA
REVBW,"Revelation Biosciences, Inc. Warrant",,,USA
MSAIW,"MultiSensor AI Holdings, Inc. Warrant",,,USA
NEXRW,Nexera Technologies Ltd Warrant,,,USA
RVSNW,Rail Vision Ltd. Warrant,,,USA
FCHL,Fitness Champs Holdings Limited Common Stock,,,USA
DFSCW,DEFSEC Technologies Inc. Warrant,,,USA
CDTTW,CDT Equity Inc. Warrant,,,USA
MKDWW,MKDWELL Tech Inc. Warrants,,,USA
DRMAW,"Dermata Therapeutics, Inc. Warrant",,,USA
APLMW,Apollomics Inc. Warrant,,,USA
SQFTW,"Presidio Property Trust, Inc. Series A Common Stock Purchase Warrants",,,USA
HUBCW,Hub Cyber Security Ltd. Warrant 2/27/28,,,USA
ASBPW,"Aspire Biopharma Holdings, Inc. Warrant",,,USA
SMXWW,SMX (Security Matters) Public Limited Company Warrant,,,USA
DAICW,"CID HoldCo, Inc. Warrants",,,USA
MLECW,Moolec Science SA Warrant,,,USA
SLXNW,Silexion Therapeutics Corp Warrant,,,USA
BNZIW,"Banzai International, Inc. Warrant",,,USA
HUBCZ,Hub Cyber Security Ltd. Warrant ,,,USA
NIVFW,NewGenIvf Group Limited Warrants,,,USA
KPLTW,"Katapult Holdings, Inc. Warrant",,,USA
ORGNW,"Origin Materials, Inc. Warrants",,,USA
AACB,Artius II Acquisition Inc. Class A Ordinary Shares,,,USA
AACBR,Artius II Acquisition Inc. Rights,,,USA
AACBU,Artius II Acquisition Inc. Units,,,USA
AACI,Armada Acquisition Corp. III Class A Ordinary Share,,,USA
AACIU,Armada Acquisition Corp. III Units,,,USA
AACIW,Armada Acquisition Corp. III Warrant,,,USA
AACO,Abony Acquisition Corp. I Class A Ordinary Share,,,USA
AACOU,Abony Acquisition Corp. I Units,,,USA
AACP,Apogee Acquisition Corp Class A Ordinary Shares,,,USA
AACPR,Apogee Acquisition Corp Rights,,,USA
AACPU,Apogee Acquisition Corp Units,,,USA
AACPW,Apogee Acquisition Corp Warrant,,,USA
ABXL,"Abacus Global Management, Inc. 9.875% Fixed Rate Senior Notes due 2028",,,USA
ACAA,Averin Capital Acquisition Corp. Class A Ordinary Shares,,,USA
ACAAW,Averin Capital Acquisition Corp. Warrants,,,USA
ACGC,ACP Holdings Acquisition Corp. Class A Ordinary Shares,,,USA
ACGCU,ACP Holdings Acquisition Corp. Units,,,USA
ACGCW,ACP Holdings Acquisition Corp. Warrants,,,USA
ACP,abrdn Income Credit Strategies Fund Common Shares,,,USA
ADAC,American Drive Acquisition Company Class A Ordinary Shares,,,USA
ADAMG,"Adamas Trust, Inc. 9.125% Senior Notes Due 2030",,,USA
ADAMH,"Adamas Trust, Inc. 9.875% Senior Notes Due 2030",,,USA
ADAMO,"Adamas Trust, Inc. 9.250% Senior Notes Due 2031",,,USA
ADX,Adams Diversified Equity Fund Inc.,,,USA
AEAQ,Activate Energy Acquisition Corp. Class A Ordinary Share,,,USA
AEFC,Aegon Funding Company LLC 5.10% Subordinated Notes due 2049,,,USA
AESPU,Aeon Acquisition I Corp. Units,,,USA
AEXA,American Exceptionalism Acquisition Corp. A Class A Ordinary Shares,,,USA
AFB,AllianceBernstein National Municipal Income Fund Inc,,,USA
AFJK,"Aimei Health Technology Co., Ltd Ordinary Share",,,USA
AFJKR,"Aimei Health Technology Co., Ltd Right",,,USA
AFJKU,"Aimei Health Technology Co., Ltd Unit",,,USA
AGD,abrdn Global Dynamic Dividend Fund Common Shares of Beneficial Interest,,,USA
AIIA,AI Infrastructure Acquisition Corp. Class A Ordinary Shares,,,USA
AIIR,Air Global PLC Ordinary Shares,,,USA
ALDF,Aldel Financial II Inc. Class A Ordinary Shares,,,USA
ALDFU,Aldel Financial II Inc. Units,,,USA
ALDFW,Aldel Financial II Inc. Warrants,,,USA
ALF,Centurion Acquisition Corp. Class A Ordinary Shares,,,USA
ALFUU,Centurion Acquisition Corp. Unit,,,USA
ALFUW,Centurion Acquisition Corp. Warrant,,,USA
ALIS,Calisa Acquisition Corp Ordinary shares,,,USA
ALISR,Calisa Acquisition Corp Right,,,USA
ALISU,Calisa Acquisition Corp Units,,,USA
ALOVU,"Aldabra 4 Liquidity Opportunity Vehicle, Inc. Units",,,USA
ALOVW,"Aldabra 4 Liquidity Opportunity Vehicle, Inc. Warrants",,,USA
ALUB,Alussa Energy Acquisition Corp. II Class A Ordinary Shares,,,USA
AMAN,Amanat Acquisition Corp Class A Ordinary Shares,,,USA
ANSC,Agriculture & Natural Solutions Acquisition Corporation Class A Ordinary Shares,,,USA
ANSCU,Agriculture & Natural Solutions Acquisition Corporation Unit,,,USA
ANSCW,Agriculture & Natural Solutions Acquisition Corporation Warrant,,,USA
AOD,abrdn Total Dynamic Dividend Fund Common Shares of Beneficial Interest,,,USA
AOMD,"Angel Oak Mortgage REIT, Inc. 9.750% Senior Notes due 2030",,,USA
AOMN,"Angel Oak Mortgage REIT, Inc. 9.500% Senior Notes due 2029",,,USA
APAC,StoneBridge Acquisition II Corporation Class A Ordinary Shares,,,USA
APACU,StoneBridge Acquisition II Corporation Units,,,USA
APMCU,AmperCap Acquisition Company Unit,,,USA
APURU,Aperture AC Unit,,,USA
APXT,Apex Treasury Corporation Class A Ordinary Share,,,USA
APXTU,Apex Treasury Corporation Units,,,USA
APXTW,Apex Treasury Corporation Warrants,,,USA
ARCI,Archimedes Tech SPAC Partners III Co. Ordinary Share,,,USA
ARCIU,Archimedes Tech SPAC Partners III Co. Units,,,USA
ARCIW,Archimedes Tech SPAC Partners III Co. Warrant,,,USA
ARCL,ARC Group Acquisition I Corp Class A Ordinary Shares,,,USA
ARCLR,ARC Group Acquisition I Corp Right,,,USA
ARCLU,ARC Group Acquisition I Corp Unit,,,USA
ARCLW,ARC Group Acquisition I Corp Warrants,,,USA
ARTC,Art Technology Acquisition Corp. Class A Ordinary Shares,,,USA
ARTCU,Art Technology Acquisition Corp. Units,,,USA
ARTCW,Art Technology Acquisition Corp. Warrants,,,USA
ASG,"Liberty All-Star Growth Fund, Inc.",,,USA
ASGI,abrdn Global Infrastructure Income Fund Common Shares of Beneficial Interest,,,USA
ASPC,A SPAC III Acquisition Corp. Class A Ordinary Shares,,,USA
ASPCR,A SPAC III Acquisition Corp. Right,,,USA
ASPCU,A SPAC III Acquisition Corp. Unit,,,USA
ATII,Archimedes Tech SPAC Partners II Co. Ordinary Shares,,,USA
ATIIU,Archimedes Tech SPAC Partners II Co. Unit,,,USA
ATIIW,Archimedes Tech SPAC Partners II Co. Warrant,,,USA
AVK,Advent Convertible and Income Fund,,,USA
AWF,Alliancebernstein Global High Income Fund,,,USA
AWP,abrdn Global Premier Properties Fund Common Shares of Beneficial Interest,,,USA
AXIN,Axiom Intelligence Acquisition Corp 1 Class A Ordinary Shares,,,USA
AXINR,Axiom Intelligence Acquisition Corp 1 Right,,,USA
AXINU,Axiom Intelligence Acquisition Corp 1 Units,,,USA
BACC,Blue Acquisition Corp. Class A Ordinary Shares,,,USA
BACCR,Blue Acquisition Corp. Right ,,,USA
BAYA,Bayview Acquisition Corp Ordinary Shares,,,USA
BAYAR,Bayview Acquisition Corp Right,,,USA
BAYAU,Bayview Acquisition Corp Unit,,,USA
BBCQ,Bleichroeder Acquisition Corp. II Class A Ordinary Shares,,,USA
BBCQU,Bleichroeder Acquisition Corp. II Units,,,USA
BBCQW,Bleichroeder Acquisition Corp. II Warrants,,,USA
BBN,BlackRock Taxable Municipal Bond Trust Common Shares of Beneficial Interest,,,USA
BCAR,D. Boral ARC Acquisition I Corp. Class A Ordinary Shares,,,USA
BCARU,D. Boral ARC Acquisition I Corp. Units,,,USA
BCARW,D. Boral ARC Acquisition I Corp. Warrant,,,USA
BCSS,Bain Capital GSS Investment Corp. Class A Ordinary Shares,,,USA
BCV,"Bancroft Fund, Ltd.",,,USA
BDCI,BTC Development Corp. Class A Ordinary Shares,,,USA
BDCIU,BTC Development Corp. Unit,,,USA
BEAG,Bold Eagle Acquisition Corp. Class A Ordinary Shares,,,USA
BEAGR,Bold Eagle Acquisition Corp. Right,,,USA
BEAGU,Bold Eagle Acquisition Corp. Units,,,USA
BGB,Blackstone Strategic Credit 2027 Term Fund Common Shares of Beneficial Interest,,,USA
BGH,Barings Global Short Duration High Yield Fund Common Shares of Beneficial Interests,,,USA
BGMS,"Bio Green Med Solution, Inc. Common Stock",,,USA
BGT,BlackRock Floating Rate Income Trust,,,USA
BGX,Blackstone Long Short Credit Income Fund Common Shares,,,USA
BGY,Blackrock Enhanced International Dividend Trust,,,USA
BHAV,BHAV Acquisition Corp Class A Ordinary Shares,,,USA
BHAVR,BHAV Acquisition Corp Rights,,,USA
BHAVU,BHAV Acquisition Corp Units,,,USA
BHK,Blackrock Core Bond Trust,,,USA
BHV,BlackRock Virginia Municipal Bond Trust,,,USA
BIDWU,Tribeca Strategic Acquisition Corp. Unit,,,USA
BIII,Black Spade Acquisition III Co Class A Ordinary Shares,,,USA
BIT,BlackRock Multi-Sector Income Trust Common Shares of Beneficial Interest,,,USA
BIXI,Bitcoin Infrastructure Acquisition Corp Ltd. Class A Ordinary Shares,,,USA
BIXIU,Bitcoin Infrastructure Acquisition Corp Ltd. Unit ,,,USA
BIXIW,Bitcoin Infrastructure Acquisition Corp Ltd. Warrant,,,USA
BKHA,Black Hawk Acquisition Corporation Class A Ordinary Shares,,,USA
BKHAR,Black Hawk Acquisition Corporation Rights,,,USA
BKHAU,Black Hawk Acquisition Corporation Units,,,USA
BLRK,Bluerock Acquisition Corp. Class A Ordinary Shares,,,USA
BLRKU,Bluerock Acquisition Corp. Unit,,,USA
BLZR,Trailblazer Acquisition Corp. Class A Ordinary Shares,,,USA
BLZRW,Trailblazer Acquisition Corp. Warrant,,,USA
BMN,BlackRock 2037 Municipal Target Term Trust Common Shares of Beneficial Interest,,,USA
BNCWW,CEA Industries Inc. Warrant,,,USA
BOE,Blackrock Enhanced Global Dividend Trust Common Shares of Beneficial Interest,,,USA
BOT,"RoboStrategy, Inc. Common Stock",,,USA
BPAC,Blueport Acquisition Ltd Class A Ordinary Shares,,,USA
BPACR,Blueport Acquisition Ltd Rights,,,USA
BPACU,Blueport Acquisition Ltd Units,,,USA
BPRE,Bluerock Private Real Estate Fund Common Shares of Beneficial Interest,,,USA
BREZU,Breeze Acquisition Corp. II Units,,,USA
BRKHU,Burtech Acquisition Corp II Unit,,,USA
BRUNW,Boost Run Inc. Warrant,,,USA
BRW,Saba Capital Income & Opportunities Fund SBI,,,USA
BSAA,BEST SPAC I Acquisition Corp. Class A Ordinary Shares,,,USA
BSAAR,BEST SPAC I Acquisition Corp. Rights,,,USA
BSAAU,BEST SPAC I Acquisition Corp. Unit ,,,USA
BSL,Blackstone Senior Floating Rate 2027 Term Fund Common Shares of Beneficial Interest,,,USA
BTO,John Hancock Financial Opportunities Fund Common Stock,,,USA
BTT,BlackRock Municipal 2030 Target Term Trust,,,USA
BUI,"BlackRock Utility, Infrastructure & Power Opportunities Trust",,,USA
BWG,BrandywineGLOBAL Global Income Opportunities Fund Inc.,,,USA
BWIV,Blue Water Acquisition Corp. IV Class A Ordinary Shares,,,USA
BXSL,Blackstone Secured Lending Fund Common Shares of Beneficial Interest,,,USA
CAF,Morgan Stanley China A Share Fund Inc. Common Stock,,,USA
CAIIU,Collective Acquisition Corp. II Units,,,USA
CAPN,Cayson Acquisition Corp Ordinary shares,,,USA
CAPNR,Cayson Acquisition Corp Right,,,USA
CAPNU,Cayson Acquisition Corp Unit,,,USA
CAQ,Cambridge Acquisition Corp. Class A Ordinary Shares,,,USA
CAQUU,Cambridge Acquisition Corp. Unit,,,USA
CCAQ,Collective Acquisition Corp. Class A Ordinary Shares,,,USA
CCAQU,Collective Acquisition Corp. Units,,,USA
CCAQW,Collective Acquisition Corp. Warrants,,,USA
CCD,Calamos Dynamic Convertible & Income Fund Common Stock,,,USA
CCID,Carlyle Credit Income Fund 7.375% Series D Term Preferred Shares due 2028,,,USA
CCIF,Carlyle Credit Income Fund Shares of Beneficial Interest,,,USA
CCII,Cohen Circle Acquisition Corp. II Class A Ordinary Shares,,,USA
CCIIU,Cohen Circle Acquisition Corp. II Unit,,,USA
CCIIW,Cohen Circle Acquisition Corp. II Warrant,,,USA
CCIX,Churchill Capital Corp IX Ordinary Shares,,,USA
CCIXU,Churchill Capital Corp IX Unit,,,USA
CCIXW,Churchill Capital Corp IX Warrant,,,USA
CCXI,Churchill Capital Corp XI Class A Ordinary Shares,,,USA
CCXIU,Churchill Capital Corp XI Units,,,USA
CCXIW,Churchill Capital Corp XI Warrants,,,USA
CEE,"The Central and Eastern Europe Fund, Inc. (The) Common Stock",,,USA
CEPF,"Cantor Equity Partners IV, Inc. Class A Ordinary Shares",,,USA
CEPO,"Cantor Equity Partners I, Inc. Class A Ordinary Shares",,,USA
CEPS,"Cantor Equity Partners VI, Inc. Class A Ordinary Shares",,,USA
CEPT,"Cantor Equity Partners II, Inc. Class A Ordinary Share",,,USA
CEPV,"Cantor Equity Partners V, Inc. Class A Ordinary Shares",,,USA
CFND,C1 Fund Inc. Common Stock,,,USA
CGCT,Cartesian Growth Corporation III Class A Ordinary Shares,,,USA
CGCTU,Cartesian Growth Corporation III Unit,,,USA
CGCTW,Cartesian Growth Corporation III Warrant,,,USA
CGO,Calamos Global Total Return Fund Common Stock,,,USA
CHAR,Charlton Aria Acquisition Corporation Class A Ordinary Shares,,,USA
CHARR,Charlton Aria Acquisition Corporation Rights,,,USA
CHARU,Charlton Aria Acquisition Corporation Units,,,USA
CHEC,Chenghe Acquisition III Co. Class A Ordinary Share,,,USA
CHECW,Chenghe Acquisition III Co. Warrants,,,USA
CHI,Calamos Convertible Opportunities and Income Fund Common Stock,,,USA
CHPG,ChampionsGate Acquisition Corporation Class A Ordinary Share,,,USA
CHPGR,ChampionsGate Acquisition Corporation Rights,,,USA
CHPGU,ChampionsGate Acquisition Corporation Unit,,,USA
CHW,Calamos Global Dynamic Income Fund Common Stock,,,USA
CHY,Calamos Convertible and High Income Fund Common Stock,,,USA
CICB,CION Investment Corporation 7.50% Notes due 2029,,,USA
CICC,CION Investment Corporation 7.50% Notes due 2031,,,USA
CIF,MFS Intermediate High Income Fund Common Stock,,,USA
CIK,"Credit Suisse Asset Management Income Fund, Inc. Common Stock",,,USA
CIMO,Chimera Investment Corporation 9.250% Senior Notes due 2029,,,USA
CIMP,Chimera Investment Corporation 8.875% Senior Notes due 2030,,,USA
CLBR,Colombier Acquisition Corp. III Class A Ordinary Shares,,,USA
CLM,"Cornerstone Strategic Investment Fund, Inc. Common Shares",,,USA
CMII,Columbus Circle Capital Corp II Class A Ordinary Shares,,,USA
CMIIU,Columbus Circle Capital Corp II Unit,,,USA
COLA,Columbus Acquisition Corp Ordinary Shares,,,USA
COLAR,Columbus Acquisition Corp Rights,,,USA
COLAU,Columbus Acquisition Corp Unit,,,USA
COPL,Copley Acquisition Corp Ordinary Shares,,,USA
CRAC,Crown Reserve Acquisition Corp. I Class A Ordinary Shares,,,USA
CRACU,Crown Reserve Acquisition Corp. I Unit,,,USA
CRACW,Crown Reserve Acquisition Corp. I Warrant,,,USA
CRAN,Crane Harbor Acquisition Corp. II Class A Ordinary Shares,,,USA
CRANR,Crane Harbor Acquisition Corp. II Rights,,,USA
CRANU,Crane Harbor Acquisition Corp. II Units,,,USA
CRAQ,Cal Redwood Acquisition Corp. Class A Ordinary Shares,,,USA
CRAQU,Cal Redwood Acquisition Corp. Units,,,USA
CRBD,Corebridge Financial Inc. 6.375% Junior Subordinated Notes due 2064,,,USA
CRF,"Cornerstone Total Return Fund, Inc. (The) Common Stock",,,USA
CTAAU,ClearThink 1 Acquisition Corp. Units,,,USA
CUBWU,Lionheart Holdings Unit,,,USA
CUBWW,Lionheart Holdings Warrant,,,USA
CXIIU,Churchill Capital Corp XII Units,,,USA
DAAQ,Digital Asset Acquisition Corp. Class A Ordinary shares,,,USA
DAAQU,Digital Asset Acquisition Corp. Units,,,USA
DAAQW,Digital Asset Acquisition Corp. Warrant,,,USA
DBCA,D. Boral Acquisition I Corp. Class A Ordinary Shares,,,USA
DBCAU,D. Boral Acquisition I Corp. Unit,,,USA
DBCAW,D. Boral Acquisition I Corp. Warrants,,,USA
DBL,DoubleLine Opportunistic Credit Fund Common Shares of Beneficial Interest,,,USA
DFP,Flaherty & Crumrine Dynamic Preferred and Income Fund Inc. Common Stock,,,USA
DHF,BNY Mellon High Yield Strategies Fund Common Stock,,,USA
DHY,Credit Suisse High Yield Credit Fund Common Stock,,,USA
DMA,Destra Multi-Alternative Fund Common Stock,,,USA
DMAA,Drugs Made In America Acquisition Corp. Ordinary Shares,,,USA
DMAAR,Drugs Made In America Acquisition Corp. Rights,,,USA
DMAAU,Drugs Made In America Acquisition Corp. Units,,,USA
DMB,"BNY Mellon Municipal Bond Infrastructure Fund, Inc. Common Stock",,,USA
DMII,Drugs Made In America Acquisition II Corp. Ordinary Shares,,,USA
DMIIR,Drugs Made In America Acquisition II Corp. Right,,,USA
DMIIU,Drugs Made In America Acquisition II Corp. Unit,,,USA
DMO,Western Asset Mortgage Opportunity Fund Inc. Common Stock,,,USA
DNMX,Dynamix Corporation III Class A Ordinary Shares,,,USA
DNMXU,Dynamix Corporation III Unit,,,USA
DNMXW,Dynamix Corporation III Warrants,,,USA
DNP,"DNP Select Income Fund, Inc. Common Stock",,,USA
DPG,Duff & Phelps Utility and Infrastructure Fund Inc.,,,USA
DRDB,Roman DBDR Acquisition Corp. II Ordinary shares,,,USA
DRDBU,Roman DBDR Acquisition Corp. II Unit,,,USA
DRDBW,Roman DBDR Acquisition Corp. II Warrants,,,USA
DSAC,Daedalus Special Acquisition Corp. Class A Ordinary Shares,,,USA
DSACW,Daedalus Special Acquisition Corp. Warrant,,,USA
DSM,"BNY Mellon Strategic Municipal Bond Fund, Inc. Common Stock",,,USA
DSU,"Blackrock Debt Strategies Fund, Inc. Common Stock",,,USA
DTK,DTE Energy Company 2025 Series H 6.25% Junior Subordinated Debentures due 2085,,,USA
DTSQ,DT Cloud Star Acquisition Corporation Ordinary Shares,,,USA
DTSQR,DT Cloud Star Acquisition Corporation Right,,,USA
DTSQU,DT Cloud Star Acquisition Corporation Units,,,USA
DXYZ,Destiny Tech100 Inc. Common Stock,,,USA
DYNC,Dynamix Corporation Class A Ordinary Shares,,,USA
DYNCU,Dynamix Corporation Unit,,,USA
DYNCW,Dynamix Corporation Warrant,,,USA
DYOR,Insight Digital Partners II Class A Ordinary Shares,,,USA
DYORU,Insight Digital Partners II Units,,,USA
DYORW,Insight Digital Partners II Warrants,,,USA
EAD,Allspring Income Opportunities Fund Common Shares,,,USA
ECCU,Eagle Point Credit Company 7.75% Notes due 2030,,,USA
ECF,Ellsworth Growth and Income Fund Ltd.,,,USA
EDD,"Morgan Stanley Emerging Markets Domestic Debt Fund, Inc. Common Stock",,,USA
EDF,Virtus Stone Harbor Emerging Markets Income Fund Common Shares of Beneficial Interest,,,USA
EEA,"The European Equity Fund, Inc. Common Stock",,,USA
EFR,Eaton Vance Senior Floating-Rate Fund Common Shares of Beneficial Interest,,,USA
EHI,Western Asset Global High Income Fund Inc Common Stock,,,USA
EIIA,Eagle Point Institutional Income Fund 8.125% Series A Term Preferred Shares Due 2029,,,USA
EIM,"Eaton Vance Municipal Bond Fund Common Shares of Beneficial Interest, $.01 par value",,,USA
ELLA,Ellington Credit Company 8.50% Notes due 2031,,,USA
EMAT,Evolution Metals & Technologies Corp. Common Stock,,,USA
EMD,Western Asset Emerging Markets Debt Fund Inc Common Stock,,,USA
EMF,Templeton Emerging Markets Fund Common Stock,,,USA
EMIS,Emmis Acquisition Corp. Class A Ordinary Shares,,,USA
EMISR,Emmis Acquisition Corp. Rights,,,USA
EMO,ClearBridge Energy Midstream Opportunity Fund Inc. Common Stock,,,USA
EMPD,Empery Digital Inc. Common stock,,,USA
EOD,Allspring Global Dividend Opportunity Fund Common Shares of Beneficial Interest,,,USA
EOI,Eaton Vance Enhance Equity Income Fund Eaton Vance Enhanced Equity Income Fund Shares of Beneficial Interest,,,USA
EOS,Eaton Vance Enhance Equity Income Fund II Common Stock,,,USA
ERC,Allspring Multi-Sector Income Fund Common Stock,,,USA
ERH,Allspring Utilities and High Income Fund Common Shares,,,USA
ETG,Eaton Vance Tax-Advantaged Global Dividend Income Fund Common Shares of Beneficial Interest,,,USA
ETJ,Eaton Vance Risk-Managed Diversified Equity Income Fund Common Shares of Beneficial Interest,,,USA
ETSS,Energy Transition Special Opportunities,,,USA
ETY,"Eaton Vance Tax-Managed Diversified Equity Income Fund Common Shares of Beneficial Interest,",,,USA
EURK,Eureka Acquisition Corp Class A Ordinary Share,,,USA
EURKR,Eureka Acquisition Corp Right,,,USA
EURKU,Eureka Acquisition Corp Unit,,,USA
EVAC,EQV Ventures Acquisition Corp. II Class A Ordinary Shares,,,USA
EVG,Eaton Vance Short Diversified Income Fund Eaton Vance Short Duration Diversified Income Fund Common Shares of Beneficial Interest,,,USA
EVOX,Evolution Global Acquisition Corp Class A Ordinary Shares,,,USA
EVOXU,Evolution Global Acquisition Corp Units,,,USA
EVT,Eaton Vance Tax Advantaged Dividend Income Fund Common Shares of Beneficial Interest,,,USA
EVV,Eaton Vance Limited Duration Income Fund Common Shares of Beneficial Interest,,,USA
EXG,Eaton Vance Tax-Managed Global Diversified Equity Income Fund Common Shares of Beneficial Interest,,,USA
FACT,FACT II Acquisition Corp. Class A Ordinary Shares,,,USA
FACTW,FACT II Acquisition Corp. Warrant,,,USA
FAX,"abrdn Asia-Pacific Income Fund, Inc. Common Stock",,,USA
FCRS,FutureCrest Acquisition Corp. Class A Ordinary Shares,,,USA
FCT,First Trust Senior Floating Rate Income Fund II Common Shares of Beneficial Interest,,,USA
FERA,Fifth Era Acquisition Corp I Class A Ordinary Shares,,,USA
FERAR,Fifth Era Acquisition Corp I Rights,,,USA
FFA,First Trust Enhanced Equity Income Fund Common Shares of Beneficial Interest,,,USA
FFC,Flaherty & Crumrine Preferred and Income Securities Fund Incorporated,,,USA
FGII,FG Imperii Acquisition Corp. Class A Ordinary Shares,,,USA
FGIIU,FG Imperii Acquisition Corp. Units,,,USA
FGIIW,FG Imperii Acquisition Corp. Warrants,,,USA
FGMCR,FG Merger II Corp. Rights,,,USA
FGMCU,FG Merger II Corp. Unit,,,USA
FGSN,"F&G Annuities & Life, Inc. 7.300% Junior Subordinated Notes due 2065",,,USA
FIGX,FIGX Capital Acquisition Corp. Class A Ordinary Share,,,USA
FIGXW,FIGX Capital Acquisition Corp. Warrant,,,USA
FLC,Flaherty & Crumrine Total Return Fund Inc Common Stock,,,USA
FMAC,Future Money Acquisition Corporation Ordinary Shares,,,USA
FMACR,Future Money Acquisition Corporation Rights,,,USA
FMACU,Future Money Acquisition Corporation Units,,,USA
FMY,First Trust Mortgage Income Fund Common Shares of Beneficial Interest,,,USA
FPF,First Trust Intermediate Duration Preferred & Income Fund Common Shares of Beneficial Interest,,,USA
FSHP,Flag Ship Acquisition Corp. Ordinary Shares,,,USA
FSHPR,Flag Ship Acquisition Corp. Right,,,USA
FSHPU,Flag Ship Acquisition Corp. Unit,,,USA
FSSL,FS Specialty Lending Fund Common Shares of Beneficial Interest,,,USA
FTHAU,Forefront Tech Holdings Acquisition Corp Unit,,,USA
FVAV,Fortress Value Acquisition Corp. V Class A Ordinary Shares,,,USA
FVN,Future Vision II Acquisition Corporation Ordinary shares,,,USA
FVNNU,Future Vision II Acquisition Corporation Units,,,USA
FXACU,FortuneX Acquisition Corporation Units,,,USA
GAING,Gladstone Investment Corporation 7.125% Notes due 2031,,,USA
GAINI,Gladstone Investment Corporation 7.875% Notes due 2030,,,USA
GCGRU,General Catalyst Global Resilience Merger Corp. Units,,,USA
GDL,"GDL Fund, The Common Shares of Beneficial Interest",,,USA
GDO,Western Asset Global Corporate Opportunity Fund Inc. Common Stock,,,USA
GECCG,Great Elm Capital Corp. 7.75% Notes Due 2030,,,USA
GECCH,Great Elm Capital Corp. 8.125% Notes Due 2029,,,USA
GECCI,Great Elm Capital Corp. 8.50% NOTES DUE 2029,,,USA
GF,"New Germany Fund, Inc. (The) Common Stock",,,USA
GGN,"GAMCO Global Gold, Natural Resources & Income Trust",,,USA
GHY,"PGIM Global High Yield Fund, Inc.",,,USA
GIW,GigCapital8 Corp. Class A Ordinary Shares,,,USA
GIWWR,GigCapital8 Corp. Rights,,,USA
GIX,GigCapital9 Corp. Class A Ordinary Share,,,USA
GIXXR,GigCapital9 Corp. Rights,,,USA
GIXXU,GigCapital9 Corp. Units,,,USA
GJH,Synthetic Fixed-Income Securities Inc 6.375% (STRATS) Cl A-1,,,USA
GJO,"Synthetic Fixed-Income Securities, Inc. on behalf of STRATS(SM) Trust for Wal-Mart Stores, Inc. Securities, Series 2004-5",,,USA
GJP,"Synthetic Fixed-Income Securities, Inc. on behalf of STRATS (SM) Trust for Dominion Resources, Inc. Securities, Series 2005-6, Floating Rate Structured Repackaged Asset-Backed Trust Securities (STRATS) Certificates",,,USA
GJR,"Synthetic Fixed-Income Securities, Inc. STRATS Trust for Procter&Gamble Securities, Series 2006-1",,,USA
GLED,GalaxyEdge Acquisition Corporation Ordinary Shares,,,USA
GLO,Clough Global Opportunities Fund Common Stock,,,USA
GLQ,Clough Global Equity Fund Clough Global Equity Fund Common Shares of Beneficial Interest,,,USA
GOF,Guggenheim Strategic Opportunities Fund Common Shares of Beneficial Interest,,,USA
GPAC,General Purpose Acquisition Corp. Class A Ordinary Shares,,,USA
GPAT,GP-Act III Acquisition Corp. Class A Ordinary Share,,,USA
GPATU,GP-Act III Acquisition Corp. Units,,,USA
GPATW,GP-Act III Acquisition Corp. Warrants,,,USA
GRAF,Graf Global Corp. Class A ordinary shares,,,USA
GRF,"Eagle Capital Growth Fund, Inc. Common Stock",,,USA
GRML,Greenland Mines Ltd. Common Stock,,,USA
GSHRW,Gesher Acquisition Corp. II Warrants,,,USA
GSRF,GSR IV Acquisition Corp. Class A ordinary share,,,USA
GSRFR,GSR IV Acquisition Corp. Rights,,,USA
GSRFU,GSR IV Acquisition Corp. Units,,,USA
GSRVU,GSR V Acquisition Corp. Units,,,USA
GTEN,"Gores Holdings X, Inc. Class A ordinary shares",,,USA
GTENU,"Gores Holdings X, Inc. Units",,,USA
GTENW,"Gores Holdings X, Inc. Warrants",,,USA
GTERA,Globa Terra Acquisition Corporation Class A Ordinary Shares,,,USA
GTERR,Globa Terra Acquisition Corporation Rights,,,USA
GTERW,Globa Terra Acquisition Corporation Warrants,,,USA
GUACU,Berto Acquisition Corp. II Unit,,,USA
GUG,Guggenheim Active Allocation Fund Common Shares of Beneficial Interest,,,USA
HACQ,HCM IV Acquisition Corp. Class A Ordinary Share,,,USA
HACQU,HCM IV Acquisition Corp. Unit,,,USA
HAVA,Harvard Ave Acquisition Corporation Class A Ordinary Share,,,USA
HAVAR,Harvard Ave Acquisition Corporation Rights that convert on a 1/10th of 1 basis to Class A ordinary Shares,,,USA
HCAC,Hall Chadwick Acquisition Corp Class A Ordinary Shares,,,USA
HCACR,Hall Chadwick Acquisition Corp Rights,,,USA
HCACU,Hall Chadwick Acquisition Corp. Unit,,,USA
HCIC,Hennessy Capital Investment Corp. VIII Class A Ordinary Shares,,,USA
HCICU,Hennessy Capital Investment Corp. VIII Units,,,USA
HEQ,John Hancock Diversified Income Fund Common Shares of Beneficial Interest,,,USA
HERZ,"Herzfeld Credit Income Fund, Inc. Common Stock",,,USA
HFRO,Highland Opportunities and Income Fund Common Shares of Beneficial Interest,,,USA
HGLB,Highland Global Allocation Fund Common Stock,,,USA
HIO,"Western Asset High Income Opportunity Fund, Inc. Common Stock",,,USA
HIX,Western Asset High Income Fund II Inc. Common Stock,,,USA
HLXC,Helix Acquisition Corp. III Class A Ordinary Shares,,,USA
HPF,John Hancock Pfd Income Fund II Pfd Income Fund II,,,USA
HPI,John Hancock Preferred Income Fund Common Shares of Beneficial Interest,,,USA
HPS,John Hancock Preferred Income Fund III Preferred Income Fund III,,,USA
HSPT,Horizon Space Acquisition II Corp. Ordinary share,,,USA
HSPTR,Horizon Space Acquisition II Corp. Right,,,USA
HSPTU,Horizon Space Acquisition II Corp. Units,,,USA
HTD,John Hancock Tax Advantaged Dividend Income Fund Common Shares of Beneficial Interest,,,USA
HVII,Hennessy Capital Investment Corp. VII Ordinary Shares,,,USA
HVIIR,Hennessy Capital Investment Corp. VII Rights,,,USA
HVMC,Highview Merger Corp. Class A Ordinary Share,,,USA
HVMCU,Highview Merger Corp. Units,,,USA
HYI,Western Asset High Yield Opportunity Fund Inc. Common Stock,,,USA
HYPG,Grayscale Hyperliquid Staking ETF Common Units of fractional undivided beneficial interest,,,USA
HYT,"Blackrock Corporate High Yield Fund, Inc. Common Stock",,,USA
IACO,Idea Acquisition Corp. Class A Ordinary Shares,,,USA
IACOU,Idea Acquisition Corp. Units,,,USA
IACOW,Idea Acquisition Corp. Warrants,,,USA
IACQU,Irenic Acquisition Corp. Unit,,,USA
IAE,Voya Asia Pacific High Dividend Equity Income Fund ING Asia Pacific High Dividend Equity Income Fund Common Shares of Beneficial Interest,,,USA
IAF,"abrdn Australia Equity Fund, Inc. Common Stock",,,USA
IBAC,IB Acquisition Corp. Common Stock,,,USA
IBACR,IB Acquisition Corp. Right,,,USA
IDACU,Iron Dome Acquisition I Corp. Units,,,USA
IDE,"Voya Infrastructure, Industrials and Materials Fund Common Shares of Beneficial Interest",,,USA
IEAG,Infinite Eagle Acquisition Corp. Class A Ordinary Shares,,,USA
IEAGR,Infinite Eagle Acquisition Corp. Rights,,,USA
IEAGU,Infinite Eagle Acquisition Corp. Unit,,,USA
IFN,"Aberdeen India Fund, Inc. Common Stock",,,USA
IGA,Voya Global Advantage and Premium Opportunity Fund Common Shares of Beneficial Interest,,,USA
IGAC,Invest Green Acquisition Corporation Class A Ordinary Shares,,,USA
IGACU,Invest Green Acquisition Corporation Units,,,USA
IGD,Voya Global Equity Dividend and Premium Opportunity Fund,,,USA
IGI,Western Asset Investment Grade Opportunity Trust Inc. Common Stock,,,USA
IGR,CBRE Global Real Estate Income Fund Common Shares of Beneficial Interest,,,USA
IHD,Voya Emerging Markets High Income Dividend Equity Fund Common Shares,,,USA
IIF,"Morgan Stanley India Investment Fund, Inc. Common Stock",,,USA
ILLU,Illumination Acquisition Corp I Class A Ordinary Shares,,,USA
ILLUU,Illumination Acquisition Corp I Units,,,USA
IMSRW,Terrestrial Energy Inc. Warrant,,,USA
INIO,INNIO N.V. Ordinary Shares,,,USA
IPCX,Inflection Point Acquisition Corp. III Class A Ordinary Shares,,,USA
IPCXR,Inflection Point Acquisition Corp. III Rights,,,USA
IPEX,Inflection Point Acquisition Corp. V Class A Ordinary Shares,,,USA
IPEXR,Inflection Point Acquisition Corp. V Rights,,,USA
IPEXU,Inflection Point Acquisition Corp. V Units,,,USA
IPFX,Inflection Point Acquisition Corp. VI Class A Ordinary Shares,,,USA
IPFXU,Inflection Point Acquisition Corp. VI Units,,,USA
IPFXW,Inflection Point Acquisition Corp. VI Warrant,,,USA
IPVVU,"InterPrivate Investment Partners V, Inc. Units",,,USA
IRAB,Iris Acquisition Corp II Class A Ordinary Shares,,,USA
IRHO,Iron Horse Acquisitions II Corp. Common Stock,,,USA
IRHOR,Iron Horse Acquisitions Corp. II Rights,,,USA
IRHOU,Iron Horse Acquisitions II Corp. Units,,,USA
ISD,"PGIM High Yield Bond Fund, Inc.",,,USA
ITHA,ITHAX Acquisition Corp III Class A Ordinary Shares,,,USA
ITHAU,ITHAX Acquisition Corp III Units,,,USA
JACS,Jackson Acquisition Company II Class A Ordinary Shares,,,USA
JATT,JATT II Acquisition Corp Ordinary Shares,,,USA
JBK,Lehman ABS 3.50 3.50% Adjustable Corp Backed Tr Certs GS Cap I,,,USA
JCE,Nuveen Core Equity Alpha Fund Common Shares of Beneficial Interest,,,USA
JFR,Nuveen Floating Rate Income Fund Common Stock,,,USA
JGH,Nuveen Global High Income Fund Common Shares of Beneficial Interest,,,USA
JLS,Nuveen Mortgage and Income Fund,,,USA
JMM,Nuveen Multi-Market Income Fund (MA),,,USA
JOF,Japan Smaller Capitalization Fund Inc Common Stock,,,USA
JPC,Nuveen Preferred & Income Opportunities Fund,,,USA
JQC,Nuveen Credit Strategies Income Fund Shares of Beneficial Interest,,,USA
JRI,Nuveen Real Asset Income and Growth Fund Common Shares of Beneficial Interest,,,USA
JRS,Nuveen Real Estate Income Fund Common Shares of Beneficial Interest,,,USA
KBON,Karbon Capital Partners Corp. Class A Ordinary Shares,,,USA
KBONU,Karbon Capital Partners Corp. Units,,,USA
KCHV,Kochav Defense Acquisition Corp. Class A Ordinary Shares,,,USA
KCHVR,Kochav Defense Acquisition Corp. Right,,,USA
KEYYU,Keystone Acquisition Corp. Unit,,,USA
KF,"Korea Fund, Inc. (The) New Common Stock",,,USA
KFII,K&F Growth Acquisition Corp. II Class A Ordinary shares,,,USA
KFIIR,K&F Growth Acquisition Corp. II Rights,,,USA
KFIIU,K&F Growth Acquisition Corp. II Unit,,,USA
KIO,KKR Income Opportunities Fund Common Shares,,,USA
KKRT,KKR & Co. Inc. 6.875% Subordinated Notes due 2065,,,USA
KOYN,CSLM Digital Asset Acquisition Corp III Class A Ordinary Shares,,,USA
KOYNU,CSLM Digital Asset Acquisition Corp III Units,,,USA
KRAQ,KRAKacquisition Corp Class A Ordinary Shares,,,USA
KRAQU,KRAKacquisition Corp Unit,,,USA
KRAQW,KRAKacquisition Corp Warrants,,,USA
KRSP,Rice Acquisition Corporation 3 Class A Ordinary Shares,,,USA
KTH,Structures Products Cp 8% CorTS Issued by Peco Energy Cap Tr II Preferred Stock,,,USA
KTN,Structured Products Corp 8.205% CorTS 8.205% Corporate Backed Trust Securities (CorTS),,,USA
KVAC,Keen Vision Acquisition Corporation Ordinary Shares,,,USA
KVACW,Keen Vision Acquisition Corporation Warrant,,,USA
LAFA,LaFayette Acquisition Corp. Ordinary Share,,,USA
LAFAU,LaFayette Acquisition Corp. Unit,,,USA
LATA,Galata Acquisition Corp. II Class A Ordinary Shares,,,USA
LATAU,Galata Acquisition Corp. II Units,,,USA
LATAW,Galata Acquisition Corp. II Warrant,,,USA
LCCC,Lakeshore Acquisition III Corp. Ordinary Shares,,,USA
LCCCR,Lakeshore Acquisition III Corp. Rights,,,USA
LCCCU,Lakeshore Acquisition III Corp. Unit,,,USA
LDP,"Cohen & Steers Limited Duration Preferred and Income Fund, Inc.",,,USA
LEGT,Legato Merger Corp. III Ordinary Shares,,,USA
LFAC,Leapfrog Acquisition Corporation Class A Ordinary Shares,,,USA
LFACU,Leapfrog Acquisition Corporation Units,,,USA
LFACW,Leapfrog Acquisition Corporation Warrants,,,USA
LGI,Lazard Global Total Return and Income Fund Common Stock,,,USA
LILAV,Liberty Latin America Ltd Class A Common Stock Ex-Distribution When Issued,,,USA
LILKV,Liberty Latin America Ltd Class C Common Stock Ex-Distribution When Issued,,,USA
LIMNW,"Liminatus Pharma, Inc. Warrants",,,USA
LKSP,Lake Superior Acquisition Corp. Class A Ordinary Shares,,,USA
LKSPR,Lake Superior Acquisition Corp. Rights,,,USA
LKSPU,Lake Superior Acquisition Corp. Units,,,USA
LOKV,Live Oak Acquisition Corp. V Class A Ordinary Shares,,,USA
LOKVU,Live Oak Acquisition Corp. V Units,,,USA
LOKVW,Live Oak Acquisition Corp. V Warrants,,,USA
LPAA,Launch One Acquisition Corp. Class A Ordinary shares,,,USA
LPAAW,Launch One Acquisition Corp. Warrant,,,USA
LPBB,Launch Two Acquisition Corp. Class A Ordinary Shares,,,USA
LPBBW,Launch Two Acquisition Corp. Warrant,,,USA
LPCV,Launchpad Cadenza Acquisition Corp I Class A Ordinary Share,,,USA
LTGRU,Long Table Growth Corp. Units,,,USA
LWAC,LightWave Acquisition Corp. Class A Ordinary Shares,,,USA
LWACU,LightWave Acquisition Corp. Units,,,USA
LWACW,LightWave Acquisition Corp. Warrants,,,USA
MACI,Melar Acquisition Corp. I Class A Ordinary Shares,,,USA
MACIU,Melar Acquisition Corp. I Unit,,,USA
MACIW,Melar Acquisition Corp. I Warrant,,,USA
MBAV,M3-Brigade Acquisition V Corp. Class A Ordinary shares,,,USA
MBAVW,M3-Brigade Acquisition V Corp. Warrant,,,USA
MBVI,M3-Brigade Acquisition VI Corp. Class A Ordinary Shares,,,USA
MBVIU,M3-Brigade Acquisition VI Corp. Units,,,USA
MBVIW,M3-Brigade Acquisition VI Corp. Warrant,,,USA
MCAHU,Mountain Crest Acquisition 6 Corp. Units,,,USA
MCGA,Yorkville Acquisition Corp. Class A Ordinary Share,,,USA
MCGAU,Yorkville Acquisition Corp. Unit,,,USA
MCGAW,Yorkville Acquisition Corp. Warrant,,,USA
MCN,XAI Madison Equity Premium Income Fund Common Shares,,,USA
MEGI,NYLI CBRE Global Infrastructure Megatrends Term Fund Common Shares,,,USA
MESH,Meshflow Acquisition Corp. Class A Ordinary Shares,,,USA
MESHU,Meshflow Acquisition Corp. Units,,,USA
MESHW,Meshflow Acquisition Corp. Warrants,,,USA
METCI,"Ramaco Resources, Inc. 8.250% Senior Notes due 2030",,,USA
METCZ,"Ramaco Resources, Inc. 8.375% Senior Notes due 2029",,,USA
MEVO,M Evo Global Acquisition Corp II Class A Ordinary Shares,,,USA
MEVOU,M Evo Global Acquisition Corp II Units,,,USA
MEVOW,M Evo Global Acquisition Corp II Warrants,,,USA
MHF,"Western Asset Municipal High Income Fund, Inc. Common Stock",,,USA
MKLY,McKinley Acquisition Corporation Class A Ordinary Shares,,,USA
MKLYR,McKinley Acquisition Corporation Rights,,,USA
MLAA,Mountain Lake Acquisition Corp. II Class A Ordinary Shares,,,USA
MLAAW,Mountain Lake Acquisition Corp. II Warrants,,,USA
MLAC,Mountain Lake Acquisition Corp. Class A Ordinary Shares,,,USA
MLACR,Mountain Lake Acquisition Corp. Right,,,USA
MLACU,Mountain Lake Acquisition Corp. Units,,,USA
MLCIL,Mount Logan Capital Inc. 8.00% Notes Due 2031,,,USA
MMD,NYLI MacKay DefinedTerm Muni Opportunities Fund Common Shares,,,USA
MMTX,Miluna Acquisition Corp Class A Ordinary Share,,,USA
MMTXW,Miluna Acquisition Corp Warrant,,,USA
MMU,"Western Asset Managed Municipals Fund, Inc. Common Stock",,,USA
MPA,Blackrock MuniYield Pennsylvania Quality Fund Common Stock,,,USA
MSD,"Morgan Stanley Emerging Markets Debt Fund, Inc. Common Stock",,,USA
MSDL,Morgan Stanley Direct Lending Fund Common Stock,,,USA
MUZE,Muzero Acquisition Corp Class A Ordinary Shares,,,USA
MUZEU,Muzero Acquisition Corp Unit,,,USA
MUZEW,Muzero Acquisition Corp Warrant,,,USA
MXE,"Mexico Equity and Income Fund, Inc. (The) Common Stock",,,USA
MXF,"Mexico Fund, Inc. (The) Common Stock",,,USA
MYN,"Blackrock MuniYield New York Quality Fund, Inc.Common Stock",,,USA
MYX,Maywood Acquisition Corp. 2 Class A Ordinary Share,,,USA
MYXXU,Maywood Acquisition Corp. 2 Units,,,USA
MZYX,MOZAYYX Acquisition Corp. Class A Ordinary Shares,,,USA
NAC,Nuveen California Quality Municipal Income Fund,,,USA
NAD,Nuveen Quality Municipal Income Fund Common Stock,,,USA
NAZ,Nuveen Arizona Quality Municipal Income Fund Common Stock,,,USA
NBB,Nuveen Taxable Municipal Income Fund Common Shares of Beneficial Interest,,,USA
NBH,Neuberger Municipal Fund Inc. Common Stock,,,USA
NBRG,Newbridge Acquisition Limited Class A Ordinary Share,,,USA
NBXG,Neuberger Next Generation Connectivity Fund Inc. Common Stock,,,USA
NCA,Nuveen California Municipal Value Fund,,,USA
NEA,Nuveen AMT-Free Quality Municipal Income Fund Common Shares of Beneficial Interest Par Value $.01,,,USA
NEWTH,"NewtekOne, Inc. 8.625% Fixed Rate Senior Notes due 2029",,,USA
NEWTO,"NewtekOne, Inc. 8.50% Fixed Rate Senior Notes due 2031",,,USA
NEXM,NexMetals Mining Corp. Common Shares,,,USA
NFJ,"Virtus Dividend, Interest & Premium Strategy Fund Common Shares of Beneficial Interest",,,USA
NHIC,NewHold Investment Corp III Class A Ordinary Shares,,,USA
NHICU,NewHold Investment Corp III Units,,,USA
NHICW,NewHold Investment Corp III Warrants,,,USA
NHIVU,NewHold Investment Corp IV Units,,,USA
NHS,Neuberger High Yield Strategies Fund Inc. Common Stock,,,USA
NIM,Nuveen Select Maturities Municipal Fund Common Stock,,,USA
NKX,Nuveen California AMT-Free Quality Municipal Income Fund,,,USA
NMAI,Nuveen Multi-Asset Income Fund Common Shares of Beneficial Interest,,,USA
NMI,"Nuveen Municipal Income Fund, Inc. Common Stock",,,USA
NML,Neuberger Energy Infrastructure and Income Fund Inc. Common Stock,,,USA
NMP,NMP Acquisition Corp. Class A Ordinary Shares,,,USA
NMPAR,NMP Acquisition Corp. Right,,,USA
NMPAU,NMP Acquisition Corp. Units,,,USA
NMS,Nuveen Minnesota Quality Municipal Income Fund ,,,USA
NMT,Nuveen Massachusetts Quality Municipal Income Fund Common Stock,,,USA
NMZ,"Nuveen Municipal High Income Opportunity Fund Common Stock, $0.01 par value, per share",,,USA
NNY,Nuveen New York Municipal Value Fund Common Stock,,,USA
NOEM,CO2 Energy Transition Corp. Common Stock,,,USA
NOEMR,CO2 Energy Transition Corp. Right,,,USA
NOEMU,CO2 Energy Transition Corp. Unit,,,USA
NOEMW,CO2 Energy Transition Corp. Warrant,,,USA
NPAC,New Providence Acquisition Corp. III Class A Ordinary Shares,,,USA
NPACU,New Providence Acquisition Corp. III Units,,,USA
NPACW,New Providence Acquisition Corp. III Warrants,,,USA
NPCT,Nuveen Core Plus Impact Fund Common Shares of Beneficial Interest,,,USA
NPFD,Nuveen Variable Rate Preferred & Income Fund Common Shares,,,USA
NPV,Nuveen Virginia Quality Municipal Income Fund Common Stock,,,USA
NRK,Nuveen New York AMT-Free Quality Municipal Income Fund ,,,USA
NRO,Neuberger Real Estate Securities Income Fund Inc. Common Stock,,,USA
NRUC,National Rural Utilities Cooperative Finance Corporation 5.500% Subordinated Notes due 2064 (Subordinated Deferrable Interest Notes),,,USA
NTWO,Newbury Street II Acquisition Corp Class A Ordinary Shares,,,USA
NTWOU,Newbury Street II Acquisition Corp Unit,,,USA
NUV,"Nuveen Municipal Value Fund, Inc. Common Stock",,,USA
NUW,Nuveen AMT-Free Municipal Value Fund,,,USA
NVG,Nuveen AMT-Free Municipal Credit Income Fund ,,,USA
NWAX,New America Acquisition I Corp. Class A Common Stock,,,USA
NZF,Nuveen Municipal Credit Income Fund ,,,USA
OACC,Oaktree Acquisition Corp. III Life Sciences Class A Ordinary Share,,,USA
OACCU,Oaktree Acquisition Corp. III Life Sciences Unit,,,USA
OBA,Oxley Bridge Acquisition Limited Class A Ordinary Shares,,,USA
OBAWW,Oxley Bridge Acquisition Limited Warrants,,,USA
OCCIM,"OFS Credit Company, Inc. 7.875% Series F Term Preferred Stock",,,USA
OFSSO,OFS Capital Corporation 7.50% Notes due 2028,,,USA
OHACU,Oceanhawk Acquisition Corp. Units,,,USA
OIM,OneIM Acquisition Corp. Class A Ordinary Shares,,,USA
OIMAW,OneIM Acquisition Corp. Warrant,,,USA
ONCH,1RT Acquisition Corp. Class A Ordinary Share,,,USA
ONCHU,1RT Acquisition Corp. Units,,,USA
ONCHW,1RT Acquisition Corp. Warrant,,,USA
OPP,"RiverNorth/DoubleLine Strategic Opportunity Fund, Inc. Common Stock",,,USA
ORIQ,Origin Investment Corp I Ordinary Shares,,,USA
ORIQW,Origin Investment Corp I Warrant.,,,USA
OTGA,OTG Acquisition Corp. I Class A Ordinary Share ,,,USA
OTGAU,OTG Acquisition Corp. I Unit,,,USA
OTGAW,OTG Acquisition Corp. I Warrants,,,USA
OXLCG,Oxford Lane Capital Corp. 7.95% Notes due 2032,,,USA
OXLCI,Oxford Lane Capital Corp. 8.75% Notes due 2030,,,USA
OXSQH,Oxford Square Capital Corp. 7.75% Notes due 2030,,,USA
OYSE,Oyster Enterprises II Acquisition Corp Class A Ordinary Shares,,,USA
OYSER,Oyster Enterprises II Acquisition Corp Rights,,,USA
OYSEU,Oyster Enterprises II Acquisition Corp Units,,,USA
PAACU,Proem Acquisition Corp I Units,,,USA
PAACW,Proem Acquisition Corp I Warrants,,,USA
PACH,Pioneer Acquisition I Corp Class A Ordinary Shares,,,USA
PACHU,Pioneer Acquisition I Corp Units,,,USA
PACHW,Pioneer Acquisition I Corp Warrants,,,USA
PAI,Western Asset Investment Grade Income Fund Inc.,,,USA
PAII,Pyrophyte Acquisition Corp. II Class A Ordinary Shares,,,USA
PALO,Paloma Acquisition Corp I Class A Ordinary Shares,,,USA
PALOU,Paloma Acquisition Corp I Units,,,USA
PALOW,Paloma Acquisition Corp I Warrants,,,USA
PAXS,PIMCO Access Income Fund Common Shares of Beneficial Interest,,,USA
PCAP,ProCap Acquisition Corp Class A Ordinary Shares,,,USA
PCAPU,ProCap Acquisition Corp Unit,,,USA
PCAPW,ProCap Acquisition Corp Warrant,,,USA
PCF,High Income Securities Fund Common Stock,,,USA
PCM,"PCM Fund, Inc. Common Stock",,,USA
PCN,Pimco Corporate & Income Strategy Fund Common Stock,,,USA
PCQ,PIMCO California Municipal Income Fund Common Stock,,,USA
PCSC,Perceptive Capital Solutions Corp Class A Ordinary Shares,,,USA
PDCC,Pearl Diver Credit Company Inc. Common Stock,,,USA
PDPA,Pearl Diver Credit Company Inc. 8.00% Series A Preferred Stock Due 2029,,,USA
PDT,John Hancock Premium Dividend Fund,,,USA
PECE,Peace Acquisition Corp Ordinary Shares,,,USA
PECER,Peace Acquisition Corp Right,,,USA
PECEU,Peace Acquisition Corp Units,,,USA
PECEW,Peace Acquisition Corp Warrant,,,USA
PEO,"Adams Natural Resources Fund, Inc. Common Stock",,,USA
PFD,Flaherty & Crumrine Preferred and Income Fund Incorporated,,,USA
PFL,PIMCO Income Strategy Fund Shares of Beneficial Interest,,,USA
PFLA,PennantPark Floating Rate Capital Ltd. 7.375% Notes Due 2031,,,USA
PFN,PIMCO Income Strategy Fund II,,,USA
PFO,Flaherty & Crumrine Preferred and Income Opportunity Fund Incorporated,,,USA
PGAC,Pantages Capital Acquisition Corporation Class A Ordinary Shares,,,USA
PGACU,Pantages Capital Acquisition Corporation Unit,,,USA
PGP,Pimco Global StocksPlus & Income Fund Common Shares of Beneficial Interest,,,USA
PGZ,Principal Real Estate Income Fund Common Shares of Beneficial Interest,,,USA
PHK,Pimco High Income Fund,,,USA
PLMK,Plum Acquisition Corp. IV Class A Ordinary Shares,,,USA
PLMKU,Plum Acquisition Corp. IV Unit,,,USA
PLMKW,Plum Acquisition Corp. IV Warrants,,,USA
PLSM,Pulsenmore Ltd. Ordinary Shares,,,USA
PML,Pimco Municipal Income Fund II Common Shares of Beneficial Interest,,,USA
PMTR,Perimeter Acquisition Corp. I Class A Ordinary Shares,,,USA
PMTRU,Perimeter Acquisition Corp. I Unit,,,USA
PMTRW,Perimeter Acquisition Corp. I Warrant,,,USA
PMTV,PennyMac Mortgage Investment Trust 9.00% Senior Notes due 2030,,,USA
PMTW,PennyMac Mortgage Investment Trust 9.00% Senior Notes due 2030,,,USA
PNI,Pimco New York Municipal Income Fund II Common Shares of Beneficial Interest,,,USA
POLE,Andretti Acquisition Corp. II Class A Ordinary Shares,,,USA
POLEU,Andretti Acquisition Corp. II Unit,,,USA
POLEW,Andretti Acquisition Corp. II Warrant,,,USA
PONO,"Pono Capital Four, Inc. Class A Ordinary Shares",,,USA
PONOR,"Pono Capital Four, Inc. Rights",,,USA
PONOU,"Pono Capital Four, Inc. Units",,,USA
PSBD,Palmer Square Capital BDC Inc. Common Stock,,,USA
PTACU,Patriot Acquisition Corp. Units,,,USA
PTOR,Praetorian Acquisition Corp. Class A Ordinary Shares,,,USA
PTORU,Praetorian Acquisition Corp. Units,,,USA
PTORW,Praetorian Acquisition Corp. Warrant,,,USA
PTY,Pimco Corporate & Income Opportunity Fund,,,USA
PWRL,Powerlaw Corp. Common Stock,,,USA
PYT,PPlus Tr GSC-2 Tr Ctf Fltg Rate,,,USA
QADR,QDRO Acquisition Corp. Class A Ordinary Shares,,,USA
QADRU,QDRO Acquisition Corp. Units,,,USA
QADRW,QDRO Acquisition Corp. Warrant,,,USA
QETA,Quetta Acquisition Corporation Common Stock,,,USA
QETAR,Quetta Acquisition Corporation Right,,,USA
QETAU,Quetta Acquisition Corporation Unit,,,USA
QH,Quhuo Limited American Depository Shares,,,USA
QNT,Quantinuum Inc. Class A Common Stock,,,USA
QQQX,Nuveen NASDAQ 100 Dynamic Overwrite Fund Shares of Beneficial Interest,,,USA
QRED,QuasarEdge Acquisition Corporation Ordinary Shares,,,USA
QSEA,Quartzsea Acquisition Corporation Ordinary Shares,,,USA
QSEAR,Quartzsea Acquisition Corporation Rights,,,USA
QSEAU,Quartzsea Acquisition Corporation Units,,,USA
QUMS,Quantumsphere Acquisition Corp. Ordinary Shares,,,USA
QUMSR,Quantumsphere Acquisition Corp. Rights,,,USA
QUMSU,Quantumsphere Acquisition Corp. Units,,,USA
RA,Brookfield Real Assets Income Fund Inc. Common Stock,,,USA
RAAQ,Real Asset Acquisition Corp. Class A Ordinary Share,,,USA
RAAQU,Real Asset Acquisition Corp. Unit,,,USA
RAAQW,Real Asset Acquisition Corp. Warrants,,,USA
RAC,Rithm Acquisition Corp. Class A Ordinary Shares,,,USA
RACC,Research Alliance Corporation III Class A Ordinary Shares,,,USA
RANG,Range Capital Acquisition Corp. Ordinary Shares,,,USA
RANGR,Range Capital Acquisition Corp. Rights,,,USA
RCD,Ready Capital Corporation 9.00% Senior Notes due 2029,,,USA
RCG,"RENN Fund, Inc Common Stock",,,USA
RCS,"PIMCO Strategic Income Fund, Inc.",,,USA
RDAC,Rising Dragon Acquisition Corp. Ordinary Shares,,,USA
RDACR,Rising Dragon Acquisition Corp. Rights,,,USA
RDACU,Rising Dragon Acquisition Corp. Unit,,,USA
RDAG,Republic Digital Acquisition Company Class A Ordinary Shares,,,USA
REED,"Reed's, Inc. Common Stock",,,USA
RFAI,RF Acquisition Corp II Ordinary Shares,,,USA
RFAIR,RF Acquisition Corp II Right,,,USA
RFAIU,RF Acquisition Corp II Unit,,,USA
RFAM,RF Acquisition Corp III Ordinary Shares,,,USA
RFAMR,RF Acquisition Corp III Rights,,,USA
RFAMU,RF Acquisition Corp III Units,,,USA
RIBB,Ribbon Acquisition Corp Class A Ordinary Shares,,,USA
RIBBR,Ribbon Acquisition Corp Rights,,,USA
RIV,"RiverNorth Opportunities Fund, Inc. Common Stock",,,USA
RLTY,Cohen & Steers Real Estate Opportunities and Income Fund Common Shares of Beneficial Interest,,,USA
RNGT,Range Capital Acquisition Corp II Class A Ordinary Shares,,,USA
RREV,RRE Ventures Acquisition Corp. Class A Ordinary Shares,,,USA
RREVU,RRE Ventures Acquisition Corp. Units,,,USA
RREVW,RRE Ventures Acquisition Corp. Warrants,,,USA
RTAC,Renatus Tactical Acquisition Corp I Class A Ordinary Shares,,,USA
RTACU,Renatus Tactical Acquisition Corp I Unit,,,USA
RTACW,Renatus Tactical Acquisition Corp I Warrant,,,USA
RVI,Robinhood Ventures Fund I Common Shares of Beneficial Interest,,,USA
RWAYI,Runway Growth Finance Corp. 7.25% Notes due 2031,,,USA
RWTP,"Redwood Trust, Inc. 9.125% Senior Notes Due 2030",,,USA
RWTQ,"Redwood Trust, Inc. 9.500% Senior Notes Due 2030",,,USA
RWTS,"Redwood Trust, Inc. 9.75% Senior Notes Due 2031",,,USA
SAAQ,Space Asset Acquisition Corp. Class A Ordinary Shares,,,USA
SAAQU,Space Asset Acquisition Corp. Units,,,USA
SAAQW,Space Asset Acquisition Corp. Warrants,,,USA
SABA,Saba Capital Income & Opportunities Fund II Shares of Beneficial Interest,,,USA
SAC,Safeguard Acquisition Corp. Class A Ordinary Shares,,,USA
SAGU,Shreya Acquisition Group Class A Ordinary Shares,,,USA
SAV,Saratoga Investment Corp 7.50% Notes due 2031,,,USA
SBI,Western Asset Intermediate Muni Fund Inc Common Stock,,,USA
SBXD,SilverBox Corp IV Class A Ordinary Shares,,,USA
SBXE,SilverBox Corp V Class A Ordinary Shares,,,USA
SCD,LMP Capital and Income Fund Inc. Common Stock,,,USA
SCII,SC II Acquisition Corp. Class A ordinary share,,,USA
SCPQW,Social Commerce Partners Corporation Warrant,,,USA
SDHI,Siddhi Acquisition Corp Class A Common stock,,,USA
SDHIR,Siddhi Acquisition Corp Right,,,USA
SDHIU,Siddhi Acquisition Corp Unit,,,USA
SIMA,SIM Acquisition Corp. I Class A Ordinary Shares,,,USA
SIMAU,SIM Acquisition Corp. I Unit,,,USA
SIMAW,SIM Acquisition Corp. I Warrant,,,USA
SOCA,Solarius Capital Acquisition Corp. Class A Ordinary Share,,,USA
SOCAW,Solarius Capital Acquisition Corp. Warrant,,,USA
SOJF,"Southern Company (The) Series 2025A 6.50% Junior Subordinated Notes due March 15, 2085",,,USA
SORN,Soren Acquisition Corp. Class A Ordinary Shares,,,USA
SORNU,Soren Acquisition Corp. Unit,,,USA
SORNW,Soren Acquisition Corp. Warrant,,,USA
SOUL,Soulpower Acquisition Corporation Class A Ordinary Shares,,,USA
SPE,"Special Opportunities Fund, Inc Common Stock",,,USA
SPEG,Silver Pegasus Acquisition Corp Class A Ordinary Shares,,,USA
SPEGR,Silver Pegasus Acquisition Corp Rights.,,,USA
SPEGU,Silver Pegasus Acquisition Corp Unit,,,USA
SPKL,Spark I Acquisition Corp. Class A Ordinary Share,,,USA
SPKLU,Spark I Acquisition Corp. Unit,,,USA
SPKLW,Spark I Acquisition Corp. Warrant,,,USA
SPMA,"Sound Point Meridian Capital, Inc. 8.00% Series A Preferred Shares Due 2029",,,USA
SPMC,"Sound Point Meridian Capital, Inc. Common Stock",,,USA
SPME,"Sound Point Meridian Capital, Inc. 7.875% Series B Preferred Shares due 2030",,,USA
SPXX,Nuveen S&P 500 Dynamic Overwrite Fund,,,USA
SRJN,Spire Inc. 6.375% Junior Subordinated Notes due 2086,,,USA
SRV,NXG Cushing Midstream Energy Fund Common Shares of Beneficial Interest,,,USA
SSAC,SPACSphere Acquisition Corp. Class A Ordinary Shares,,,USA
SSACR,SPACSphere Acquisition Corp. Rights,,,USA
SSACU,SPACSphere Acquisition Corp. Unit,,,USA
SSACW,SPACSphere Acquisition Corp. Warrant,,,USA
SSEA,Starry Sea Acquisition Corp	Ordinary Shares,,,USA
SSEAR,Starry Sea Acquisition Corp Rights,,,USA
SSMR,Sunshine Silver Mining & Refining Company,,,USA
STEW,"SRH Total Return Fund, Inc. Common Stock",,,USA
STK,Columbia Seligman Premium Technology Growth Fund Inc,,,USA
SUMA,SUMA Acquisition Corporation Class A Ordinary Shares,,,USA
SUMAU,SUMA Acquisition Corporation Units,,,USA
SVAC,Spring Valley Acquisition Corp. III Class A Ordinary Shares,,,USA
SVACU,Spring Valley Acquisition Corp. III Unit,,,USA
SVACW,Spring Valley Acquisition Corp. III Warrant,,,USA
SVAQ,Silicon Valley Acquisition Corp. Class A Ordinary Shares,,,USA
SVAQW,Silicon Valley Acquisition Corp. Warrants,,,USA
SVCC,Stellar V Capital Corp. Class A Ordinary Shares,,,USA
SVCCU,Stellar V Capital Corp. Unit,,,USA
SVCCW,Stellar V Capital Corp. Warrant,,,USA
SVIV,Spring Valley Acquisition Corp. IV Class A Ordinary Shares,,,USA
SVIVU,Spring Valley Acquisition Corp. IV Units,,,USA
SVIVW,Spring Valley Acquisition Corp. IV Warrants,,,USA
SWZ,Total Return Securities Fund Common Stock,,,USA
SZZL,Sizzle Acquisition Corp. II Class A ordinary shares,,,USA
SZZLR,Sizzle Acquisition Corp. II Right,,,USA
TACH,Titan Acquisition Corp. Class A Ordinary Shares,,,USA
TACHU,Titan Acquisition Corp. Units,,,USA
TACHW,Titan Acquisition Corp. Warrants,,,USA
TACOU,Berto Acquisition Corp. Unit,,,USA
TACOW,Berto Acquisition Corp. Warrant,,,USA
TAVI,Tavia Acquisition Corp. Ordinary Shares,,,USA
TAVIR,Tavia Acquisition Corp. Right,,,USA
TAVIU,Tavia Acquisition Corp. Unit,,,USA
TCPA,TransCanada PipeLines Limited 6.250% Junior Subordinated Notes due 2085,,,USA
TDAC,Translational Development Acquisition Corp. Ordinary Shares,,,USA
TDACU,Translational Development Acquisition Corp. Units,,,USA
TDACW,Translational Development Acquisition Corp. Warrants,,,USA
TDF,"Templeton Dragon Fund, Inc. Common Stock",,,USA
TDWD,Tailwind 2.0 Acquisition Corp. Class A Ordinary Shares,,,USA
TDWDR,Tailwind 2.0 Acquisition Corp. Rights,,,USA
TDWDU,Tailwind 2.0 Acquisition Corp. Unit,,,USA
TEI,"Templeton Emerging Markets Income Fund, Inc. Common Stock",,,USA
THQ,abrdn Healthcare Opportunities Fund Shares of Beneficial Interest,,,USA
THW,abrdn World Healthcare Fund Shares of Beneficial Interest,,,USA
TLNC,Talon Capital Corp. Class A Ordinary Shares,,,USA
TLNCU,Talon Capital Corp. Units,,,USA
TLNCW,Talon Capital Corp. Warrants,,,USA
TMTS,Spartacus Acquisition Corp. II Class A Ordinary Shares,,,USA
TMTSU,Spartacus Acquisition Corp. II Unit,,,USA
TMTSW,Spartacus Acquisition Corp. II Warrants,,,USA
TMUSI,"T-Mobile US, Inc. 5.500% Senior Notes due June 2070",,,USA
TMUSL,"T-Mobile US, Inc. 6.250% Senior Notes due 2069",,,USA
TMUSZ,"T-Mobile US, Inc. 5.500% Senior Notes due March 2070",,,USA
TRAD,APEX Tech Acquisition Inc. Ordinary Shares,,,USA
TRGS,TRG Latin America Acquisitions Corp. Class A Ordinary Shares,,,USA
TRGSR,TRG Latin America Acquisitions Corp. Rights,,,USA
TRGSU,TRG Latin America Acquisitions Corp. Units,,,USA
TSI,"TCW Strategic Income Fund, Inc. Common Stock",,,USA
TVA,Texas Ventures Acquisition III Corp Class A Ordinary Share,,,USA
TVACW,Texas Ventures Acquisition III Corp Warrants,,,USA
TVAI,Thayer Ventures Acquisition Corporation II Class A Ordinary Shares,,,USA
TVAIR,Thayer Ventures Acquisition Corporation II Rights,,,USA
TVAIU,Thayer Ventures Acquisition Corporation II Unit,,,USA
TVC,Tennessee Valley Authority Common Stock,,,USA
TVE,Tennessee Valley Authority,,,USA
TWLV,Twelve Seas Investment Company III Class A Ordinary Shares,,,USA
TWLVR,Twelve Seas Investment Company III Rights,,,USA
TWN,"Taiwan Fund, Inc. (The) Common Stock",,,USA
TWOD,Two Harbors Investments Corp 9.375% Senior Notes due 2030,,,USA
UAC,United Acquisition Corp. I Class A Ordinary Shares,,,USA
USA,Liberty All-Star Equity Fund Common Stock,,,USA
UTF,"Cohen & Steers Infrastructure Fund, Inc Common Stock",,,USA
UTG,Reaves Utility Income Fund Common Shares of Beneficial Interest,,,USA
UYSC,UY Scuti Acquisition Corp. Ordinary Shares,,,USA
UYSCU,UY Scuti Acquisition Corp. Units,,,USA
VACH,Voyager Acquisition Corp Class A Ordinary Shares,,,USA
VACHU,Voyager Acquisition Corp Unit,,,USA
VACHW,Voyager Acquisition Corp Warrants,,,USA
VACI,Viking Acquisition Corp. I Class A Ordinary Shares,,,USA
VBF,Invesco Bond Fund Common Stock,,,USA
VBNB,VanEck BNB ETF Common Shares of Beneficial Interest,,,USA
VCX,"Fundrise Innovation Fund, LLC Common Shares of Limited Liability Company Interests",,,USA
VECA,Vernal Capital Acquisition Corp. Ordinary Shares,,,USA
VFL,abrdn National Municipal Income Fund Common Stock,,,USA
VGI,Virtus Global Multi-Sector Income Fund Common Shares of Beneficial Interest,,,USA
VHCP,Vine Hill Capital Investment Corp. II Class A Ordinary Shares,,,USA
VHCPU,Vine Hill Capital Investment Corp. II Units,,,USA
VHCPW,Vine Hill Capital Investment Corp. II Warrants,,,USA
VLT,Invesco High Income Trust II,,,USA
VNME,Vendome Acquisition Corporation I Class A Ordinary Shares,,,USA
VNMEU,Vendome Acquisition Corporation I Unit,,,USA
VNMEW,Vendome Acquisition Corporation I Warrant,,,USA
VSECU,VSE Corporation Tangible Equity Units,,,USA
VVR,Invesco Senior Income Trust Common Stock (DE),,,USA
WDI,Western Asset Diversified Income Fund Common Shares of Beneficial Interest,,,USA
WEA,Western Asset Bond Fund Share of Beneficial Interest,,,USA
WENC,West Enclave Merger Corp. Ordinary Shares,,,USA
WENN,Wen Acquisition Corp Class A Ordinary Shares,,,USA
WENNU,Wen Acquisition Corp Unit,,,USA
WENNW,Wen Acquisition Corp Warrant,,,USA
WIA,Western Asset Inflation-Linked Income Fund,,,USA
WIW,Western Asset Inflation-Linked Opportunities & Income Fund,,,USA
WLII,Willow Lane Acquisition Corp. II Class A Ordinary Shares,,,USA
WLIIU,Willow Lane Acquisition Corp. II Unit,,,USA
WLIIW,Willow Lane Acquisition Corp. II Warrants,,,USA
WPAC,White Pearl Acquisition Corp. Class A Ordinary Shares,,,USA
WSBK,"Winchester Bancorp, Inc. Common Stock",,,USA
WSTNU,Westin Acquisition Corp Units,,,USA
WTG,Wintergreen Acquisition Corp. Ordinary Shares,,,USA
WTGUU,Wintergreen Acquisition Corp. Unit,,,USA
XCBE,X3 Acquisition Corp. Ltd. Class A Ordinary Shares,,,USA
XCBEW,X3 Acquisition Corp. Ltd. Warrant,,,USA
XELLL,"Xcel Energy Inc. 6.25% Junior Subordinated Notes, Series due 2085",,,USA
XFLH,XFLH Capital Corporation Ordinary Shares,,,USA
XRPN,Armada Acquisition Corp. II Class A Ordinary Shares,,,USA
XRPNW,Armada Acquisition Corp. II Warrant,,,USA
XSLL,Xsolla SPAC 1 Class A Ordinary Shares,,,USA
XSLLU,Xsolla SPAC 1 Units,,,USA
XSLLW,Xsolla SPAC 1 Warrants,,,USA
YCY,AA Mission Acquisition Corp. II Class A Ordinary Shares,,,USA
YHNA,YHN Acquisition I Limited Ordinary Shares,,,USA
YHNAU,YHN Acquisition I Limited Unit,,,USA
ZKP,Lafayette Digital Acquisition Corp. I Class A Ordinary Shares,,,USA
ZKPW,Lafayette Digital Acquisition Corp. I Warrant,,,USA
ZTR,Virtus Total Return Fund Inc.,,,USA
